nuclide,half_life_s,decay_constant,implicit,explicit,basis,total,elasticity,relative_uncertainty,sigma_contribution
Cs-137,949252600,7.302030887879003e-10,16594909.420752592,162.24908100678832,-53758549.65624861,-37163477.986415006,-0.6819652927413954,0.0029920213018115515,0.0020404546829784057
Eu-154,271426900,2.5537158644185423e-09,-199810.01588658273,82645.54692968562,-82645.54692968556,-199810.01588658267,-0.012823072112451664,0.001162655580563312,1.4908816351507703e-05
Co-60,166344200,4.166945289105032e-09,-303965.9737287203,77051.65134738515,-77051.65134738506,-303965.9737287202,-0.03183061465976945,7.271669225617725e-05,2.3146170105394193e-06
Am-241,13651800000,5.0773317845261816e-11,-4978.0171780696,103715.54110364789,-103723.1577141343,-4985.633788556006,-6.361480124145925e-06,0.0013869643563486135,8.82314618581055e-09
Sr-90,908543300,7.629214596155684e-10,15.268847436958296,0,-54.92894398112016,-39.66009654416187,-7.603890494660112e-07,0.0020840569733990666,1.5846941010359284e-09
Ba-137m,153.12,0.004526823279518974,-8.671543617663414,8.671542516507564,1.1412227065230194e-21,-1.1011558491702534e-06,-1.2526928149476316e-07,0.00039184952978056425,4.908670904967208e-11
Np-237,67659500000000,1.024463941589792e-14,31950.19615419129,5797.969459308254,-0,37748.16561349954,9.718400320677993e-09,0.003264922146926891,3.1729820439682985e-11
Pu-240,207049000000,3.3477446428620532e-12,-67.41739390138841,21884.02709546921,-21885.97514889522,-69.36544732740003,-5.835764675755374e-09,0.001066912663186009,6.226251231937002e-12
Y-90,230400,3.0084513045136514e-06,-0.013933115172074642,0.013929582271187646,9.976045702875008e-20,-3.5329008869956463e-06,-2.671017268972504e-10,0.00328125,8.764275413816029e-13
Pu-239,760854000000,9.110120740114993e-13,-16.097481585320452,18949.563753085975,-18949.810009731806,-16.343738231149473,-3.7417760124569906e-10,0.0012442965404663706,4.655878947500285e-13
Pa-233,2330640,2.974063693062615e-07,-0.0010967512963700305,0.001100581539930018,-0,3.830243559987522e-06,2.8627202630115345e-11,0.0004819277108433735,1.379624223138089e-14
U-235,2.22102e+16,3.120850692744529e-17,1154.475260507555,6019.438893282855,-0,7173.914153790411,5.626410604189911e-12,0.0007104303428154632,3.997172814355196e-15
U-236,739079000000000,9.378526254432142e-16,0.00010771810197645343,58.96012734295075,-0,58.96023506105273,1.389620014651356e-12,0.0017079364993458075,2.3733827432445066e-15
Th-229,231633000000,2.9924370903970733e-12,7.119308015639046e-06,3.4648050984529546e-06,-0,1.0584113114092e-05,7.959426147487558e-16,0.0217983447954307,1.7350231553670045e-17
U-233,5023970000000,1.3796801743639895e-13,0.00022967203826928807,0.0010369357126919173,-0,0.0012666077509612054,4.3916004488257424e-15,0.0012562813870305755,5.517085903134902e-18
Pa-231,1033830000000,6.704653381696655e-13,6.403272352583416e-05,2.3010991155086077e-05,-0,8.704371468092024e-05,1.4666145966909316e-15,0.003357743536171324,4.924515682093489e-18
U-235m,1560,0.0004443251157435547,1.1922603905791857e-15,5.044944044974256e-18,-0,1.19730533462416e-15,1.3369280522261678e-17,0.1,1.3369280522261678e-18
Eu-155,149993300,4.621187616779852e-09,-5.773302866009081e-08,6.110775842085899e-08,-0,3.374729760768179e-09,3.9191768229442077e-16,0.002945507566004615,1.1543964984492094e-18
Sn-126,7258250000000,9.549783771018431e-14,3.885801711350646e-06,1.4545666863876773e-07,-0,4.031258379989414e-06,9.674675982508107e-18,0.060869493335170326,5.888926252372096e-19
Ru-106,32123520,2.1577560010856383e-08,-1.201642263521808e-10,0,-0,-1.201642263521808e-10,-6.515980615314745e-17,0.004841312533620226,3.15458986217497e-19
Ac-227,687072100,1.0088419840653482e-09,3.368752075632209e-08,8.257016049032405e-11,-0,3.3770090916812414e-08,8.561653219807939e-16,0.00013779165243356557,1.179724344720493e-19
Sm-151,2840184000,2.4405009695144584e-10,-2.324988385682439e-11,2.0922411671173275e-10,-0,1.8597423285490835e-10,1.140601704463359e-18,0.08888888888888889,1.013868181745208e-19
Th-231,91872,7.544705465864957e-06,-4.7670550431676006e-09,4.767725301088488e-09,-0,6.702579208874022e-13,1.2708271983632254e-16,0.00039184952978056425,4.979730401109817e-20
Y-90m,11484,6.0357643726919654e-05,-1.9344217050929054e-15,1.9339950010755895e-16,0,-1.7410222049853465e-15,-2.640820259902762e-18,0.018808777429467086,4.967060049973847e-20
Ra-225,1287360,5.384252893984164e-07,-3.661788241147746e-12,3.894566333048208e-12,-0,2.3277809190046217e-13,3.1497044924528036e-18,0.013422818791946308,4.22779126503732e-20
Th-227,1613952,4.294719920790366e-07,-3.4076874094698976e-11,3.475455372036505e-11,0,6.776796256660728e-13,7.314110736378408e-18,0.004817987152034261,3.523929155642702e-20
Sn-121m,1385380000,5.003300037245704e-10,-5.800376303599196e-11,2.656644057292873e-10,-0,2.0766064269329536e-10,2.6110368249425587e-18,0.011389510459224183,2.9738431227102774e-20
Kr-85,339433500,2.042070628149388e-09,-6.62059341276866e-10,9.831304199601275e-10,-0,3.210710786832615e-10,1.6476850517138834e-17,0.0016734847915718396,2.757375875343444e-20
Te-132,276825.6,2.5039128626830225e-06,-7.751065390732605e-09,7.750969593409238e-09,-0,-9.57973233667203e-14,-6.028022181923249e-18,0.004057428214731586,2.445826727996325e-20
Ac-225,864000,8.022536812036404e-07,-1.6983850760310196e-12,1.7930599183987744e-12,-0,9.467484236775475e-14,1.9087478684148685e-18,0.01,1.9087478684148685e-20
Po-213,4.2e-06,165035.04299046317,-1.1025288067365812e-46,1.9005091110116425e-26,-0,1.9005091110116425e-26,7.882216917104115e-20,0.1904761904761905,1.5013746508769743e-20
Ra-223,987552,7.018842355237448e-07,-1.7527148077545295e-11,1.769424698353985e-11,0,1.6709890599455542e-13,2.9474154148307802e-18,0.004374453193350831,1.2893330773537972e-20
Nb-102,4.3,0.161197018734871,-6.353929366003905e-13,6.353929580638422e-13,-0,2.1463451707514207e-20,8.694784587130082e-20,0.0930232558139535,8.088171708958216e-21
Zr-95,5532365,1.252894884122695e-07,-4.131100958622078e-07,4.130874798059141e-07,0,-2.2616056293686877e-11,-7.120881656581609e-17,9.370314503833351e-05,6.672490066674751e-21
Nb-100,1.5,0.46209812037329684,-1.3399222346150774e-13,1.3399222761112842e-13,-0,4.149620684952884e-21,4.818866086164274e-20,0.13333333333333333,6.425154781552366e-21
Ba-140,1101833,6.290855152822118e-07,-2.6609371432873322e-08,2.660771863797953e-08,0,-1.652794893791696e-12,-2.6129488239191608e-17,0.00018035401009045836,4.7125579855496765e-21
Y-98m,2,0.34657359027997264,-1.4326649240001834e-13,1.4326649702623877e-13,0,4.626220429307698e-21,4.0292484108395654e-20,0.1,4.0292484108395655e-21
Sb-125,87053530,7.962309863367347e-09,-5.318549157714137e-08,5.3386477930774346e-08,-0,2.009863536329783e-10,4.021683613946593e-17,9.062699697530932e-05,3.64473108716789e-21
Nb-95,3023222,2.2927432406880647e-07,-2.3461131378467666e-07,2.3460787924359708e-07,0,-3.4345410795805254e-12,-1.9789115932570426e-17,0.00017147268708682327,3.393292884030518e-21
Zr-99,2.1,0.3300700859809263,-2.2384174345624807e-13,2.2384175084398672e-13,-0,7.387738645265423e-21,6.128016771028067e-20,0.047619047619047616,2.9181032242990793e-21
I-133,74880,9.256773244657388e-06,-6.832586383386875e-09,6.832583860411606e-09,0,-2.5229752690469305e-15,-5.869145479434234e-19,0.004807692307692308,2.8217045574203053e-21
I-133m,9,0.07701635339554948,-1.8027260960691303e-13,1.8027261575243703e-13,0,6.145523997383357e-21,1.1894443460854791e-20,0.2222222222222222,2.643209657967731e-21
Tc-104,1098,0.000631281585209422,-2.87243055140045e-10,2.8724306327820953e-10,0,8.138164551019525e-18,1.2910761058186753e-19,0.01639344262295082,2.1165182062601234e-21
Rh-110m,28.5,0.02432095370385773,-2.067811343518807e-12,2.0678114081426644e-12,-0,6.462385734464287e-20,3.949805716034266e-20,0.05263157894736842,2.0788451137022452e-21
Th-232,4.43384e+17,1.5633112168232171e-18,0.01220255464457416,2.0551919382301352e-05,-0,0.012223106563956462,4.802078971177062e-19,0.004270474351803403,2.0507155081746114e-21
Sb-127,332640,2.083775795334131e-06,-1.8315848952948675e-09,1.8315819501920116e-09,-0,-2.9451028559675868e-15,-1.54224621023759e-19,0.012987012987012988,2.0029171561527144e-21
Eu-156,1312416,5.281459389095723e-07,-4.360010372642133e-09,4.359982668180713e-09,0,-2.7704461419871478e-14,-3.677103992093994e-19,0.005266622778143515,1.936591964236468e-21
Tc-106,35.6,0.01947042642022318,-6.7616200576424364e-12,6.7616202863305554e-12,-0,2.2868811898468446e-19,1.1189774155514463e-19,0.016853932584269662,1.8859169925024377e-21
Y-96m,9.6,0.07220283130832764,-1.4040571176571578e-12,1.4040571658223967e-12,0,4.8165238911264095e-20,8.739572765467034e-20,0.020833333333333336,1.8207443261389656e-21
Sb-133,150,0.0046209812037329686,-1.1875291216507951e-11,1.1875291603254904e-11,0,3.8674695284625982e-19,4.491209959879444e-20,0.04,1.7964839839517777e-21
La-145,24.8,0.02794948308709457,-9.793350775329124e-13,9.793351084711998e-13,-0,3.0938287424735943e-20,2.1730629429101625e-20,0.08064516129032258,1.752470115250131e-21
Mo-103,67.5,0.010268847119406597,-8.477060770623788e-12,8.477061074980695e-12,-0,3.0435690747792555e-19,7.854293150501491e-20,0.022222222222222223,1.7453984778892202e-21
Zr-93,48283100000000,1.4355896381134295e-14,7.258823986335839e-08,0,-0,7.258823986335839e-08,2.6187789204050813e-20,0.06535951502699702,1.7116212020059895e-21
Te-131m,119700,5.790703262823269e-06,-1.8346834957977573e-09,1.8346820723745258e-09,-0,-1.4234232314589375e-15,-2.0714173810192513e-19,0.007518796992481203,1.5574566774580837e-21
Te-134,2508,0.0002763744739074742,-2.921830551491365e-10,2.921830435716855e-10,-0,-1.1577450998574596e-17,-8.04105691736799e-20,0.019138755980861243,1.538958261697223e-21
Ce-144,24616220,2.81581485930799e-08,-4.831790240707406e-08,4.830579127347018e-08,-0,-1.2111133603882559e-11,-8.570203754454003e-18,0.00017549404417087594,1.5040197162375575e-21
Ru-103,3390941,2.0441145409487965e-07,-2.2788478348387433e-07,2.278810113338698e-07,-0,-3.772150004530201e-12,-1.937744166454319e-17,7.64389589792332e-05,1.481191468518501e-21
Mo-105,35.6,0.01947042642022318,-1.9538713159955736e-12,1.9538713804948227e-12,-0,6.449924912848964e-20,3.155966449644887e-20,0.0449438202247191,1.418411887480848e-21
Rn-219,3.96,0.175037166808067,-3.039562552638398e-17,3.026921201253675e-17,0,-1.2641351384722822e-19,-5.560656066638727e-19,0.0025252525252525255,1.4042060774340222e-21
Nb-99m,150,0.0046209812037329686,-4.219468900100259e-12,4.219469040324498e-12,-0,1.4022423905135745e-19,1.6283942107601358e-20,0.08,1.3027153686081087e-21
Nb-97m,58.7,0.011808299498465848,-4.602076973300745e-12,4.602077116422702e-12,-0,1.4312195694250084e-19,4.247133197320518e-20,0.030664395229982964,1.3023577095701757e-21
Sb-132,167.4,0.004140664161051047,-1.5230082461629396e-11,1.5230082951107246e-11,-0,4.894778493066518e-19,5.093370942450071e-20,0.025089605734767026,1.2779066880699103e-21
Po-215,0.001781,389.1898824031136,-1.262778161226111e-23,6.945744068111217e-23,0,5.682965906885105e-23,5.558259872261251e-19,0.002245929253228523,1.2483458444157776e-21
I-135,23652,2.9306070546251702e-05,-4.911844177823389e-09,4.911843641032336e-09,0,-5.367910532400273e-16,-3.9533486352787998e-19,0.0030441400304414,1.2034546834943074e-21
Ra-228,181456200,3.819914560979152e-09,2.327245109474194e-12,1.4692761146500564e-15,-0,2.3287143855888442e-12,2.2354869096159866e-19,0.0052173913043478265,1.1663409963213844e-21
Sb-130m,378,0.0018337226998940352,-2.4945764911664264e-11,2.4945765668791367e-11,-0,7.571271032973923e-19,3.4890300519013466e-20,0.031746031746031744,1.1076285879051893e-21
Ba-143,14.5,0.04780325383172036,-1.3624400570604074e-12,1.3624400999157973e-12,-0,4.285538985444344e-20,5.148315633658541e-20,0.020689655172413793,1.0651687517914223e-21
Y-97m,1.17,0.5924334876580729,-8.424041696573579e-14,8.424041971823093e-14,-0,2.7524951365713862e-21,4.097966609164645e-20,0.02564102564102564,1.0507606690165757e-21
La-144,40.8,0.016988901484312386,-7.408132623471224e-12,7.408132873945375e-12,-0,2.504741507343068e-19,1.0693760824891822e-19,0.009803921568627453,1.0484079240090023e-21
Ba-145,4.31,0.1608230117308458,-2.0584696336372102e-13,2.0584697028620985e-13,-0,6.922488829666538e-21,2.797774517952685e-20,0.03712296983758701,1.0386169904232707e-21
Zr-100,7.1,0.09762636345914723,-2.2865434814288413e-13,2.286543556285595e-13,-0,7.485675360617152e-21,1.836539852166782e-20,0.05633802816901409,1.0346703392488913e-21
I-136m,46.9,0.014779257581235508,-3.6973830160911774e-12,3.697383134539161e-12,0,1.1844798321948231e-19,4.399289525420639e-20,0.021321961620469083,9.380148241835051e-22
Te-133,750,0.0009241962407465937,-6.210094098198283e-11,6.210094262229114e-11,0,1.6403083053781802e-18,3.8097101705238175e-20,0.024,9.143304409257163e-22
Zr-101,2.3,0.3013683393738893,-8.315984504573868e-14,8.315984780821266e-14,-0,2.762473987208717e-21,2.092175335940778e-20,0.04347826086956522,9.09641450409034e-22
I-136,83.4,0.008311117272901023,-1.085801885151834e-11,1.085801921436106e-11,0,3.628427191508359e-19,7.578444581311945e-20,0.011990407673860911,9.08686400636924e-22
Eu-154m,2760,0.00025114028281157435,-1.2710366233090492e-17,2.883360554318919e-17,-0,1.61232393100987e-17,1.017585558459977e-19,0.008695652173913044,8.848570073565018e-22
Nb-101,7.1,0.09762636345914723,-2.691439886720926e-13,2.691439970695266e-13,-0,8.397434029600474e-21,2.060231242786794e-20,0.04225352112676056,8.705202434310397e-22
Ba-142,636,0.0010898540574841907,-6.551004087098684e-11,6.551004251623897e-11,-0,1.6452521312548624e-18,4.506123219139697e-20,0.018867924528301886,8.502119281395654e-22
I-129,495454000000000,1.399014198210016e-15,-6.205332403966702e-13,9.372092981536024e-07,-0,9.37208677620362e-07,3.295039907960747e-20,0.025477642727680067,8.394984954847173e-22
Rb-90,158,0.004387007471898388,-6.703913484440319e-12,6.703913708856992e-12,-0,2.2441667300814713e-19,2.4741484248984777e-20,0.03164556962025317,7.829583623096449e-22
Sr-91,34668,1.999386121379789e-05,-1.1458076630640587e-09,1.1458074181178689e-09,0,-2.4494618978722376e-16,-1.2307493560598223e-19,0.005192107995846314,6.390183572480905e-22
Xe-137,229.08,0.0030257865398984865,-5.995836894861001e-12,5.9958392761558524e-12,-0,2.3812948514870884e-18,1.810730076730097e-19,0.003404924044002095,6.165398375456066e-22
Zr-102,2.9,0.23901626915860183,-2.530969348039541e-14,2.530969495660206e-14,-0,1.476206651630257e-21,8.86700343750435e-21,0.06896551724137931,6.115174784485758e-22
Cs-138,2004.6,0.00034577830018953673,-5.710785791783694e-10,5.710785921399306e-10,-0,1.2961561202320096e-17,1.1263083548671887e-19,0.005387608500448968,6.068108466809159e-22
Ce-145,180.6,0.0038380242555921666,-9.83987792531681e-12,9.839878239401791e-12,-0,3.1408498122772677e-19,3.0294036257788743e-20,0.01993355481727575,6.03867832381171e-22
Ru-109,34.5,0.02009122262492595,-2.398962250726451e-12,2.3989623312815864e-12,0,8.05551354147704e-20,4.067259234018349e-20,0.014492753623188406,5.894578600026593e-22
Nb-100m,2.99,0.23182179951837634,-8.536978369498527e-14,8.536978642898137e-14,-0,2.733996095908464e-21,1.592774956546418e-20,0.03678929765886287,5.859707197996855e-22
Tc-105,456,0.001520059606491108,-4.2770481252132235e-11,4.2770482396720544e-11,-0,1.1445883088311332e-18,4.3723224193901095e-20,0.013157894736842105,5.753055814986986e-22
Sn-128m,6.5,0.10663802777845312,-8.785360642325396e-14,8.785360917007069e-14,-0,2.746816726448988e-21,7.36112247337434e-21,0.07692307692307693,5.662401902595646e-22
Cd-113m,444962200,1.5577664362499675e-09,-5.187374756010835e-13,9.218194927585803e-13,-0,4.0308201715749687e-13,1.5779673805688782e-20,0.035460989720025655,5.59562850608888e-22
Nd-147,948672,7.306499828812754e-07,-7.231524679130737e-09,7.231491592658559e-09,-0,-3.308647217721809e-14,-6.075221231072521e-19,0.0009107468123861566,5.532988370740001e-22
Te-127m,9417600,7.360125515629728e-08,-2.7713399281247963e-10,2.771184713892495e-10,-0,-1.552142323012342e-14,-2.870906295359089e-20,0.01834862385321101,5.267717973135943e-22
Mo-104,60,0.011552453009332421,-1.6971274208256134e-12,1.6971274716117895e-12,0,5.0786176030216135e-20,1.4744226032840173e-20,0.03333333333333333,4.914742010946724e-22
Sb-130,2370,0.00029246716479322586,-1.4071317141061651e-10,1.4071317461319776e-10,-0,3.2025812447981146e-18,2.353854027039843e-20,0.020253164556962026,4.767299295270568e-22
Nb-98,2.86,0.24235915404193892,-1.1293647751370231e-13,1.1293648119512272e-13,0,3.6814204033507274e-21,2.2422142001771924e-20,0.02097902097902098,4.703945874497607e-22
I-134,3150,0.0002200467239872842,-1.2926588649600658e-09,1.2926588861656493e-09,-0,2.1205583571845635e-17,1.1726472561035272e-19,0.0038095238095238095,4.4672276422991515e-22
Y-93m,0.82,0.8453014397072504,-1.491400322381444e-14,1.4914003653610326e-14,-0,4.297958853187999e-22,9.130112268876693e-21,0.04878048780487805,4.45371330189107e-22
Cs-140,63.7,0.010881431405964604,-1.0834883426209112e-11,1.0834883771666648e-11,0,3.4545753625262074e-19,9.446761607011487e-20,0.004709576138147566,4.449024304714985e-22
Zr-97,60296.4,1.1495664427062732e-05,-1.03533717026599e-09,1.0353341606254353e-09,-0,-3.0096405546287593e-15,-8.694627167254227e-19,0.00047764045614663564,4.1529056861922395e-22
Rh-108,16.8,0.04125876074761579,-3.919875217792349e-13,3.9198753485364376e-13,-0,1.307440883553878e-20,1.3556278934353914e-20,0.02976190476190476,4.0346068257005695e-22
Ru-105,15984,4.336506384884542e-05,-1.474885644571101e-09,1.4748855630733496e-09,-0,-8.149775147610534e-17,-8.881531750214722e-20,0.0045045045045045045,4.000689977574199e-22
Y-95,618,0.001121597379546837,-5.434347374014388e-11,5.43434751619611e-11,0,1.4218172190440327e-18,4.007587480715948e-20,0.009708737864077669,3.890861631763056e-22
Pr-147,804,0.0008621233589054045,-2.99032339377809e-11,2.9903234739211383e-11,-0,8.014304800842519e-19,1.736351008539376e-20,0.022388059701492536,3.8873530041926324e-22
Sn-130m,102,0.006795560593724954,-1.2622098239478439e-12,1.2622098613515446e-12,-0,3.7403700729099466e-20,6.387664809166057e-21,0.058823529411764705,3.7574498877447392e-22
I-137,24.5,0.02829172165550797,-1.45681998655467e-12,1.4568200435669623e-12,-0,5.701229240532692e-20,4.0534996174873574e-20,0.00816326530612245,3.3089792795815163e-22
La-148,1.26,0.5501168099682106,-1.116170306972191e-14,1.1161703434806384e-14,-0,3.6508447352659872e-22,5.047200241819444e-21,0.06349206349206349,3.2045715821075834e-22
Y-97,3.75,0.18483924814931874,-2.6925007037390375e-13,2.692500789727237e-13,-0,8.598819944578969e-21,3.99425055521045e-20,0.008,3.1954004441683597e-22
Te-129m,2903040,2.387659765487025e-07,-6.368337008327921e-10,6.36816272094474e-10,-0,-1.7428738318155474e-14,-1.0457807569481466e-19,0.002976190476190476,3.112442729012341e-22
Sb-132m,246,0.0028176714656908343,-1.1883954531269883e-11,1.1883954884687401e-11,-0,3.534175179054384e-19,2.502538008145397e-20,0.012195121951219513,3.0518756196895087e-22
Te-136,17.5,0.03960841031771116,-7.841338971174941e-13,7.841339235352094e-13,0,2.6417715286823278e-20,2.6295711329795917e-20,0.011428571428571429,3.005224151976676e-22
Pm-154,103.8,0.00667771850250429,-1.00090155821979e-12,1.0009015890292805e-12,0,3.080949039504132e-20,5.1702897027630565e-21,0.057803468208092484,2.988606764602923e-22
Sb-128m,624,0.0011108127893588867,-1.7508238457783617e-11,1.750823900183821e-11,-0,5.440545928127441e-19,1.5187476119075446e-20,0.019230769230769232,2.920668484437586e-22
Kr-89,189,0.0036674453997880704,-8.296802010648823e-12,8.296802258965976e-12,0,2.4831715288686545e-19,2.2886144348858336e-20,0.012698412698412698,2.906177060172487e-22
Rb-91,58.4,0.01186895857123194,-4.56408570956577e-12,4.564085851624177e-12,0,1.420584070465301e-19,4.2372277728210085e-20,0.006849315068493151,2.9022108033020606e-22
Rh-107,1302,0.0005323711064208489,-3.931241736882364e-11,3.9312418458645036e-11,-0,1.0898213977946847e-18,1.4580488117711378e-20,0.018433179723502304,2.6876475793016365e-22
Sr-97,0.429,1.6157276936129261,-1.9678930751425197e-14,1.967893131427199e-14,-0,5.628467938022842e-22,2.285391570490975e-20,0.011655011655011656,2.6636265390337704e-22
Sr-96,1.07,0.6478011033270517,-5.425400081313251e-14,5.4254002540067e-14,0,1.7269344909440052e-21,2.8113816292007996e-20,0.009345794392523364,2.627459466542803e-22
Tc-103,54.2,0.012788693368264673,-1.8196869972115243e-12,1.819687052506704e-12,-0,5.529517975645656e-20,1.777115703488691e-20,0.014760147601476014,2.623049008839396e-22
Mo-99,237513.6,2.9183473306789393e-06,-4.689733859793037e-09,4.689724394550962e-09,-0,-9.465242075520918e-15,-6.941781827216259e-19,0.0003637686431429611,2.5252025562809235e-22
La-146,6.27,0.11054978956298969,-1.7656263070607946e-13,1.7656263627434117e-13,0,5.568261714015801e-21,1.546962604418355e-20,0.015948963317384372,2.4672449831233737e-22
Ce-147,56.4,0.012289843626949385,-1.4696521250779819e-12,1.4696521700464567e-12,-0,4.496847483189522e-20,1.3888545661312145e-20,0.01773049645390071,2.462508095977331e-22
Kr-88,10224,6.77960857355189e-05,-4.1569239885461963e-10,4.156923852545842e-10,0,-1.3600035447370176e-17,-2.3171114130513762e-20,0.01056338028169014,2.4476529011106088e-22
Xe-138,844.8,0.0008204867194128141,-1.0256758756358772e-10,1.0256758964673147e-10,-0,2.0831437502325683e-18,4.2952955467876536e-20,0.005681818181818182,2.440508833402076e-22
Xe-140,13.6,0.050966704452937155,-8.055002358136206e-13,8.055002611704594e-13,0,2.5356838884636527e-20,3.247759932663737e-20,0.007352941176470589,2.388058774017454e-22
Rb-90m,258,0.0026866169789145165,-7.000217013717825e-12,7.0002172344138076e-12,-0,2.2069598230114094e-19,1.49005547624453e-20,0.015503875968992248,2.310163529061287e-22
Cs-136,1137024,6.096152592732829e-07,-1.0383351062430496e-09,1.038328496556544e-09,-0,-6.609686505659363e-15,-1.012602386696473e-19,0.0022796352583586625,2.3083641034114126e-22
As-84,4.2,0.16503504299046315,-1.3897989674979866e-14,1.3897990140203176e-14,0,4.652233098724699e-22,1.9294782761425483e-21,0.11904761904761904,2.296997947788748e-22
Cs-141,24.84,0.027904475867952708,-1.4998812538110713e-12,1.4998813008710202e-12,-0,4.705994890805048e-20,3.300103621285365e-20,0.0068438003220611925,2.258525022618809e-22
Br-86,55,0.012602676010180823,-1.578157917093868e-12,1.5781579659205072e-12,-0,4.8826639281247e-20,1.5464000688082767e-20,0.014545454545454545,2.249309190993857e-22
Sr-95,23.9,0.029001974082006082,-1.6445340113755222e-12,1.6445340635211795e-12,0,5.214565726241823e-20,3.800563225109532e-20,0.00585774058577406,2.2262713452524457e-22
Sm-156,33840,2.0483072711582307e-05,-1.2802822011666514e-11,1.2802801862198402e-11,0,-2.0149468111879803e-17,-1.0371962764623498e-20,0.02127659574468085,2.2068005882177654e-22
Sr-93,445.38,0.001556305133952906,-5.99505506840485e-11,5.995055242521257e-11,-0,1.741164072247207e-18,6.809836785699889e-20,0.003233194126364004,2.201752429702241e-22
Rh-109,80,0.008664339756999316,-1.1884607150981525e-12,1.1884607552080774e-12,0,4.010992489479809e-20,8.73352521841704e-21,0.025,2.18338130460426e-22
Tc-107,21.2,0.032695621724525725,-8.345091005930004e-13,8.345091283792338e-13,-0,2.7786233406633e-20,2.2830821333852146e-20,0.009433962264150945,2.153851069231335e-22
La-140,145026.7,4.779445306001897e-06,-3.717239070796821e-08,3.717236577974065e-08,0,-2.4928227561230028e-14,-2.9941334449410475e-18,7.149028420283989e-05,2.140514509200635e-22
Ru-107,225,0.003080654135821979,-6.865287423006138e-12,6.865287626942089e-12,-0,2.0393595084438553e-19,1.578843163243377e-20,0.013333333333333334,2.1051242176578363e-22
Rb-89,909,0.0007625381524311829,-5.099345041324646e-11,5.099345178829444e-11,0,1.3750479813082356e-18,2.6350064732288588e-20,0.007920792079207921,2.0871338401812744e-22
Xe-135,32904,2.1065742176025568e-05,-1.358772846194981e-09,1.358772673635054e-09,0,-1.725599268501847e-16,-9.13521910766405e-20,0.002188183807439825,1.998953852880536e-22
Ba-141,1096.2,0.0006323181723772535,-1.178407840799049e-10,1.1784078734192896e-10,-0,3.262024072128006e-18,5.1835236064077856e-20,0.0038314176245210726,1.9860243702711822e-22
Nb-95m,311904,2.2223093662150703e-06,-2.7267592849616768e-11,2.7267178556471093e-11,0,-4.142931456745369e-16,-2.3137398180080173e-20,0.008310249307479225,1.9227754720288234e-22
Pr-152,3.63,0.19094963651789126,-3.624872728800721e-14,3.6248728433925965e-14,0,1.1459187569023102e-21,5.4988885805455264e-21,0.03305785123966942,1.8178144067919095e-22
Nb-99,15,0.046209812037329684,-3.603701468074453e-13,3.603701582573275e-13,-0,1.1449882203650438e-20,1.329650424238076e-20,0.013333333333333334,1.7728672323174348e-22
Rh-105,127296,5.445160732151406e-06,-1.295931639303845e-09,1.295930879123613e-09,-0,-7.601802319789574e-16,-1.0402303760894378e-19,0.0016968325791855204,1.7650967920069647e-22
Tc-102,5.28,0.13127787510605024,-5.5408170862240755e-14,5.540817273285878e-14,-0,1.870618026428631e-21,6.171331980531884e-21,0.028409090909090908,1.7532193126511035e-22
Xe-139,39.68,0.017468426929434105,-3.3160928318348103e-12,3.3160929443722367e-12,0,1.125374263525893e-19,4.940296701381263e-20,0.0035282258064516132,1.743048231334115e-22
Sn-129,133.8,0.005180472201494359,-2.308630406969642e-12,2.308630480252847e-12,-0,7.328320485729634e-20,9.540608112985578e-21,0.0179372197309417,1.7113198408942737e-22
Rh-111,11,0.06301338005090412,-3.5867977942217227e-14,3.586797913089062e-14,0,1.1886733960672679e-21,1.882337847256857e-21,0.09090909090909091,1.7112162247789608e-22
Pr-146,1449,0.0004783624434506179,-7.322102439542573e-11,7.322102627975484e-11,0,1.8843291063972523e-18,2.2652497331005214e-20,0.007453416149068324,1.6883848942364137e-22
I-132,8262,8.389580979907351e-05,-1.92461185245706e-09,1.9246118384648805e-09,-0,-1.3992179441905028e-17,-2.950039915915982e-20,0.005664488017429193,1.6710465754643903e-22
Pr-149,135.6,0.0051117048713860275,-1.313948173989796e-12,1.3139482159781742e-12,0,4.198837815279464e-20,5.393828419194023e-21,0.03097345132743363,1.6706548201043435e-22
Se-86,14.3,0.04847183080838778,-2.098494270375282e-13,2.0984943357474732e-13,-0,6.537219134758438e-21,7.963146811640561e-21,0.020979020979020976,1.6705902402043134e-22
Pr-150,6.19,0.11197854290144511,-7.149446921536221e-14,7.14944714804383e-14,0,2.2650760828599324e-21,6.374114523657398e-21,0.025848142164781904,1.6475901838209752e-22
Y-94,1122,0.0006177782357931777,-6.876088513375392e-11,6.876088709012758e-11,0,1.956373655543174e-18,3.037292836974793e-20,0.0053475935828877,1.6242207684357182e-22
Pr-148,137.4,0.005044739305385336,-4.4413477014689004e-12,4.4413478480808245e-12,0,1.466119240353287e-19,1.858704187189601e-20,0.008733624454148471,1.6233224342267257e-22
Nb-97,4326,0.00016022819707811958,-3.3064158512310116e-10,3.3064158924521967e-10,-0,4.1221185114472484e-18,1.6598226068156644e-20,0.009708737864077669,1.6114782590443343e-22
Mo-101,876.6,0.0007907223141226846,-1.4907622938205012e-10,1.4907623324124615e-10,-0,3.859196025970577e-18,7.668723678503746e-20,0.002053388090349076,1.574686586961755e-22
Te-135,19,0.03648143055578659,-4.778878764543302e-13,4.778878926019031e-13,0,1.6147572875613082e-20,1.4804078152755975e-20,0.010526315789473684,1.5583240160795763e-22
Sr-94,75.3,0.009205141840105515,-7.469096674454645e-12,7.469096926225643e-12,0,2.5177099868255374e-19,5.82422901051066e-20,0.002656042496679947,1.546939976231251e-22
Cs-142,1.684,0.4116075894061433,-5.895044800243157e-14,5.89504497957996e-14,-0,1.7933680334239582e-21,1.8550475827406766e-20,0.00831353919239905,1.5422010782879734e-22
Rh-106,30.07,0.02305112007183057,-7.202827122649597e-13,7.20282735136292e-13,0,2.2871332295176675e-20,1.3249080917234746e-20,0.011639507815098104,1.5421278087902097e-22
Tc-101,852,0.0008135530288262268,-3.892263999091485e-11,3.892264104457799e-11,-0,1.0536631424838383e-18,2.1542192907442593e-20,0.007042253521126761,1.5170558385522954e-22
Nb-93m,509024100,1.3617178058169453e-09,-2.6484712353444334e-13,7.653847704419157e-13,-0,5.005376469074724e-13,1.7128767709093032e-20,0.008679479026631548,1.4866878008311667e-22
Y-98,0.548,1.264867117810119,-4.116088810547584e-14,4.116088937438485e-14,0,1.2689090067171488e-21,4.033458922635158e-20,0.0036496350364963502,1.4720653002318094e-22
Sn-132,39.7,0.017459626714356302,-4.975912292073132e-13,4.97591245646721e-13,-0,1.6439407789692242e-20,7.213123675491244e-21,0.020151133501259445,1.4535261814591927e-22
Sn-130,223.2,0.0031054981207882856,-3.145265381565363e-12,3.1452654783859602e-12,-0,9.682059727964685e-20,7.556162411333126e-21,0.01881720430107527,1.4218585182616097e-22
Rb-93,5.84,0.1186895857123194,-4.088404842047011e-13,4.0884049742536e-13,-0,1.322065890157955e-20,3.943374013367445e-20,0.0034246575342465756,1.3504705525230976e-22
La-142,5466,0.00012681068067324283,-1.0944675524272549e-09,1.0944675601047644e-09,-0,7.677509529045122e-18,2.4466872208213697e-20,0.005488474204171241,1.3428579697153512e-22
Y-93,36648,1.891364277886775e-05,-2.39172891738423e-10,2.3917285737274397e-10,-0,-3.4365679029622785e-17,-1.6334369201598477e-20,0.007858546168958742,1.2836439451157937e-22
I-131,693377.3,9.996681180072454e-07,-2.0284909990237224e-08,2.0284842260631332e-08,-0,-6.772960589269325e-14,-1.7015183844316551e-18,7.476448969413911e-05,1.2721315371722871e-22
Se-85,31.7,0.021865841658042437,-2.1784436313342204e-13,2.178443701979603e-13,-0,7.064538268184991e-21,3.8819705526397386e-21,0.028391167192429023,1.102136749960809e-22
Y-100,0.735,0.9430573885169323,-1.6401133808397446e-14,1.6401134294282452e-14,-0,4.858850063961684e-22,1.1515263372603765e-20,0.009523809523809525,1.0966917497717873e-22
Sr-92,9756,7.10482964903593e-05,-6.795621066709357e-10,6.79562090212328e-10,0,-1.6458607655797e-17,-2.9386578090230566e-20,0.0036900369003690036,1.0843755752852607e-22
Y-99,1.47,0.47152869425846616,-5.489419999934416e-14,5.4894201915213755e-14,-0,1.9158695933743432e-21,2.270263813952792e-20,0.004761904761904762,1.0810780066441868e-22
La-141,14112,4.911757231859023e-05,-3.9767308651772626e-11,3.9767297342318433e-11,-0,-1.1309454193017264e-17,-1.395985138787044e-20,0.007653061224489796,1.0683559735615132e-22
Kr-91,8.57,0.08088065117385593,-3.2150948245081847e-13,3.215094931107947e-13,0,1.065997621550219e-20,2.1667216888107092e-20,0.004667444574095682,1.0113053390014978e-22
Bi-213,2735.4,0.00025339883766905944,-4.5199366995878725e-14,4.5187741825961826e-14,-0,-1.1625169916898863e-17,-7.402973310457482e-20,0.0013160780872998464,9.742890954758695e-23
Cs-139,556.2,0.0012462193106075965,-1.8054491780720834e-11,1.8054492333285787e-11,0,5.525649533032907e-19,1.7305337294023397e-20,0.005393743257820927,9.334054635395575e-23
Rh-105m,40,0.01732867951399863,-6.305377857215065e-14,6.305378069093317e-14,-0,2.1187825221842924e-21,9.226863744258791e-22,0.1,9.226863744258792e-23
Xe-134m,0.29,2.3901626915860184,-8.46429081461458e-16,8.464291058526474e-16,-0,2.4391189393538893e-23,1.4650845798485093e-21,0.05862068965517242,8.588426847387814e-23
Sn-129m,414,0.0016742685520771624,-4.999867757759375e-12,4.999867896400783e-12,-0,1.386414079466045e-19,5.8333809072166914e-21,0.014492753623188406,8.454175227850278e-23
I-138,6.23,0.11125957954413246,-1.8178005811255976e-13,1.817800638645384e-13,-0,5.7519786340867344e-21,1.6082624955027722e-20,0.004815409309791332,7.74444219343229e-23
Sb-129,15840,4.375929170201675e-05,-6.254854732477705e-10,6.25485442721863e-10,-0,-3.052590750503103e-17,-3.356921020379209e-20,0.0022727272727272726,7.629365955407292e-23
Se-83,1338,0.0005180472201494359,-1.5688002261923364e-11,1.568800269006428e-11,-0,4.2814091731450737e-19,5.573889293168906e-21,0.013452914798206279,7.498505775563551e-23
Ce-141,2808691,2.4678655664149077e-07,-2.856138570149302e-08,2.856099729334431e-08,-0,-3.8840814870980353e-13,-2.4088629223513174e-18,3.076166085909771e-05,7.410062427342624e-23
Pm-151,102240,6.77960857355189e-06,-6.645485198384844e-10,6.645482118660144e-10,-0,-3.079724699268013e-16,-5.2470931251212473e-20,0.0014084507042253522,7.390272007213025e-23
Ho-166m,37869100000,1.8303766938214672e-11,-9.165383317029783e-15,1.0603016246723506e-12,-0,1.0511362413553208e-12,4.835058612572454e-22,0.15000007922026137,7.252591749204751e-23
Xe-133,452995.2,1.5301424398314711e-06,-4.448638978350298e-09,4.448629339065229e-09,0,-9.6392850693806e-15,-3.7066274769939494e-19,0.00019073049780659929,7.06966903870675e-23
Br-88,16.29,0.04255047148925386,-5.3313967875978e-13,5.331396962857972e-13,0,1.752601716277344e-20,1.8740875052691045e-20,0.003683241252302026,6.902716409830956e-23
Ce-146,811.2,0.0008544713764299128,-1.542468394373582e-11,1.5424684276501085e-11,0,3.3276526400891e-19,7.145584521448123e-21,0.009615384615384614,6.870754347546272e-23
Pm-154m,160.8,0.004310616794527023,-1.934541691350615e-13,1.9345419141490237e-13,0,2.2279840879588654e-20,2.4135358675966303e-21,0.026119402985074626,6.30401159446881e-23
Nb-94,640619000000,1.0819959766412567e-12,-1.4777812209907794e-14,2.884196094650916e-11,-0,2.8827183134299252e-11,7.838448490735219e-22,0.07881783087919653,6.178095074980617e-23
Kr-90,32.32,0.02144638553712702,-1.2458480581362599e-12,1.2458480990831932e-12,-0,4.094693332583498e-20,2.2068750567074188e-20,0.0027846534653465345,6.145382274247143e-23
Y-91,5055264,1.3711394312145624e-07,-7.002691625620258e-10,7.002520058283552e-10,0,-1.7156733670587584e-14,-5.911783021423342e-20,0.0010254657323534439,6.062330905578543e-23
La-143,852,0.0008135530288262268,-1.911433780380322e-11,1.911433821556687e-11,-0,4.1176364914592667e-19,8.418527330531655e-21,0.007042253521126761,5.928540373613841e-23
Xe-141,1.73,0.4006631101502574,-3.326611749426632e-14,3.3266118511747346e-14,-0,1.0174810249510243e-21,1.0244904927556547e-20,0.005780346820809249,5.92191036274945e-23
Sb-131,1381.8,0.00050162627048773,-1.368543022652186e-10,1.3685430496016918e-10,-0,2.694950584138037e-18,3.397295584563283e-20,0.0017368649587494573,5.90064365534222e-23
Th-228,60338130,1.1487713997101754e-08,1.8855334744326243e-13,3.071395880840968e-15,-0,1.916247433241034e-13,5.532067322256308e-20,0.0010460251254057757,5.786681414516349e-23
Te-133m,3324,0.00020852803265943,-3.803230303965683e-10,3.8032303191635113e-10,0,1.519782816852799e-18,7.964311387426624e-21,0.007220216606498195,5.750405333882039e-23
Sn-127,7560,9.168613499470175e-05,-6.266786509588387e-11,6.266786381923317e-11,-0,-1.2766507050796416e-18,-2.9415620286243514e-21,0.01904761904761905,5.602975292617813e-23
Ru-113,0.8,0.8664339756999315,-1.422900414151075e-15,1.4229004552473022e-15,-0,4.109622713910334e-23,8.948282427417407e-22,0.0625,5.59267651713588e-23
In-130,0.29,2.3901626915860184,-4.544750424403701e-16,4.544750555371549e-16,-0,1.3096784711032305e-23,7.866732948583446e-22,0.06896551724137932,5.425333067988584e-23
Ce-143,118940.4,5.827684962888517e-06,-3.580102553734704e-09,3.580100600479387e-09,-0,-1.9532553169827472e-15,-2.860601337218688e-19,0.00018160355942976484,5.1949538494845877e-23
Sm-153,167400,4.140664161051047e-06,-1.3729431595986937e-10,1.3729420879222375e-10,0,-1.0716764561600586e-16,-1.1151568409572423e-20,0.004516129032258065,5.0361921849681917e-23
Se-84,195.6,0.0035436972421265095,-6.434863674058172e-13,6.434863852385675e-13,0,1.7832750314581985e-20,1.588097621235119e-21,0.03067484662576687,4.871465095813249e-23
Kr-92,1.84,0.37671042421736156,-3.709186266915754e-14,3.7091863829272756e-14,0,1.1601152176595251e-21,1.098274796647634e-20,0.004347826086956522,4.775107811511452e-23
Br-87,55.65,0.012455474942676466,-1.981257708272641e-12,1.981257769514275e-12,0,6.124163416167109e-20,1.9169435279441416e-20,0.002336028751123091,4.4780351955568445e-23
Pd-112,75708,9.15553416494882e-06,-3.184314674263718e-12,3.184235956476239e-12,-0,-7.871778747923307e-17,-1.811168358157922e-20,0.0023775558725630053,4.306153966138664e-23
Tb-158,5680368000,1.2202504847572292e-10,-1.3413648271909025e-14,2.366431809880144e-13,-0,2.2322953271610534e-13,6.845464062249765e-22,0.06111111111111111,4.183339149152634e-23
Kr-93,1.286,0.5389946971694753,-1.2168881363346908e-14,1.2168881759016312e-14,-0,3.95669404416088e-22,5.359437584216264e-21,0.0077760497667185065,4.167525337648728e-23
Br-89,4.4,0.15753345012726028,-4.524484926963505e-14,4.5244850803476045e-14,0,1.5338409934487724e-21,6.072330219543525e-21,0.006818181818181817,4.1402251496887665e-23
Nd-151,746.4,0.0009286537788852429,-1.150679634779214e-11,1.1506796660927893e-11,-0,3.1313575270073095e-19,7.307835162388046e-21,0.005627009646302251,4.1121258952344316e-23
Cs-138m,174.6,0.003969915123481932,-5.214868208994288e-13,5.214868357726952e-13,-0,1.4873266406851764e-20,1.4838494309352046e-21,0.027491408934707903,4.079311150337332e-23
Pm-152,247.2,0.0028039934488670927,-9.494970482548065e-13,9.494970777395667e-13,0,2.9484760240140864e-20,2.0776713495168406e-21,0.01941747572815534,4.034313300032701e-23
Nd-153,31.6,0.021935037359491937,-7.12143155020964e-14,7.121431780651302e-14,0,2.3044166140686277e-21,1.2702863516296748e-21,0.03164556962025316,4.019893517815426e-23
Xe-133m,189216,3.6632588182814627e-06,-4.8626535728129684e-11,4.862644305725752e-11,0,-9.267087216455527e-17,-8.531258666442926e-21,0.0045662100456621,3.8955519024853536e-23
Sr-99,0.27,2.567211779851649,-5.638463906749887e-16,5.638464069217925e-16,-0,1.6246803828509214e-23,1.048170395451403e-21,0.037037037037037035,3.882112575745936e-23
Sb-134m,10.07,0.06883288784110678,-1.3150127725361289e-13,1.3150128172176854e-13,-0,4.468155650287418e-21,7.729057528951671e-21,0.004965243296921549,3.837665108714832e-23
La-147,4.06,0.17072590654185846,-2.6537750817012856e-14,2.653775168413281e-14,-0,8.671199554531018e-22,3.7203248596859254e-21,0.009852216748768475,3.66534468934574e-23
Rb-94,2.702,0.2565311549074557,-9.198467183822776e-14,9.1984674905476e-14,-0,3.067248239617418e-21,1.9773852853391404e-20,0.0018504811250925242,3.6591141475557744e-23
Te-131,1500,0.00046209812037329687,-4.0871557177749505e-11,4.0871557917828225e-11,-0,7.400787202333926e-19,8.594376490739531e-21,0.004,3.437750596295813e-23
In-124m,3.7,0.18733707582701223,-4.161041639810435e-15,4.1610417721526286e-15,0,1.3234219347965095e-22,6.230520384932958e-22,0.05405405405405406,3.367848856720518e-23
Se-87,5.5,0.12602676010180824,-1.4930455185806786e-14,1.4930455666392928e-14,0,4.805861424988211e-22,1.5220757659516333e-21,0.021818181818181816,3.3208925802581086e-23
Ce-150,4,0.17328679513998632,-5.0792301907487523e-23,0,0,-5.0792301907487523e-23,-2.2119006743292347e-22,0.15,3.317851011493852e-23
Pr-148m,120.6,0.005747489059369364,-1.9819363471198011e-13,1.9819364092479122e-13,0,6.212811106295421e-21,8.973638261713081e-22,0.03482587064676617,3.125147653332914e-23
In-122,1.5,0.46209812037329684,-4.136042561543492e-16,4.1360426896330984e-16,0,1.2808960625330528e-23,1.4874773055822006e-22,0.19999999999999998,2.9749546111644007e-23
In-128,0.84,0.8251752149523158,-6.555792437823326e-16,6.555792626734571e-16,-0,1.889112455016271e-23,3.917475076800649e-22,0.07142857142857142,2.798196483429035e-23
As-82m,13.6,0.050966704452937155,-2.3674582775481635e-14,2.3674583513399276e-14,0,7.3791764057981395e-22,9.451412132183976e-22,0.029411764705882356,2.7798270977011695e-23
Br-90,1.92,0.3610141565416382,-8.977024552887978e-15,8.97702483762917e-15,-0,2.8474119125176424e-22,2.583311550530465e-21,0.010416666666666668,2.690949531802568e-23
Fr-221,294,0.002357643471292331,-1.1073555814793855e-15,1.1073657849521132e-15,-0,1.0203472727754215e-20,6.045446670948977e-22,0.04081632653061224,2.4675292534485616e-23
Cd-121m,8.3,0.08351170850119823,-3.605490540701882e-15,3.605490659734907e-15,-0,1.190330253248278e-22,2.498141857102935e-22,0.09638554216867469,2.4078475731112624e-23
Ag-118m,2,0.34657359027997264,-8.508098142009675e-16,8.508098416834541e-16,0,2.7482486592699667e-23,2.393611958652948e-22,0.1,2.3936119586529482e-23
Ru-108,273,0.002539000661391741,-1.2537094749553407e-12,1.2537095081232836e-12,-0,3.3167942870401434e-20,2.1163310632749987e-21,0.01098901098901099,2.3256385310714274e-23
Sn-125,832896,8.322133622444402e-07,-1.598982292192296e-10,1.5989787401920167e-10,-0,-3.552000279414445e-16,-7.428650592529263e-21,0.0031120331950207467,2.3118207238161606e-23
Ag-119,2.1,0.3300700859809263,-1.7020935673894474e-15,1.7020936236832519e-15,-0,5.629380444986347e-23,4.669485404641625e-22,0.047619047619047616,2.2235644784007736e-23
Nd-152,684,0.001013373070994072,-1.6777598560743893e-12,1.6777599034295929e-12,0,4.735520351522111e-20,1.2059778257204503e-21,0.017543859649122806,2.1157505714393864e-23
Ba-144,11.5,0.06027366787477785,7.878362190813404e-22,0,-0,7.878362190813404e-22,1.1933444542500809e-21,0.017391304347826087,2.0753816595653582e-23
Y-92,12744,5.439008008160274e-05,-1.774962760079575e-10,1.774962706431471e-10,0,-5.3648104021530795e-18,-7.332909619709864e-21,0.002824858757062147,2.0714433953982667e-23
Sb-134,0.78,0.8886502314871093,-4.143932504985306e-16,4.143932624336511e-16,-0,1.1935120517259294e-23,2.665384837900656e-22,0.07692307692307691,2.0502960291543507e-23
Nb-103,1.5,0.46209812037329684,1.3067361806881018e-23,0,-0,1.3067361806881018e-23,1.5174848842245982e-22,0.13333333333333333,2.023313178966131e-23
Xe-135m,917.4,0.0007555561157182748,-1.31721475153807e-11,1.3172147836902455e-11,0,3.215217549872333e-19,6.104911109493151e-21,0.0032701111837802484,1.9963738095137838e-23
Rb-96,0.203,3.414518130837169,-7.748397002401017e-16,7.748397158582331e-16,0,1.5618131385285096e-23,1.3401726506030043e-21,0.014778325123152709,1.9805507151768536e-23
Y-96,5.34,0.12980284280148788,-1.928056023148386e-14,1.9280560879815483e-14,0,6.48331623755025e-22,2.1148699459932914e-21,0.009363295880149813,1.9802153052371643e-23
Sb-128,32436,2.1369687401650797e-05,-8.744053040428856e-11,8.744051938419985e-11,-0,-1.1020088714373576e-17,-5.918143831308399e-21,0.003329633740288568,1.97052513806051e-23
In-126m,1.64,0.4226507198536252,-1.930402473371168e-15,1.9304025321113234e-15,-0,5.87401555969711e-23,6.239057115377333e-22,0.030487804878048783,1.9021515595662602e-23
Sn-128,3544.2,0.00019557225341683464,-3.3971925364651684e-11,3.3971923747912914e-11,-0,-1.6167387696381106e-18,-7.946014413404047e-21,0.002370069409175555,1.8832605686076974e-23
Rb-95,0.3777,1.8351791913157143,-6.581242798557685e-15,6.58124298365043e-15,0,1.850927447655974e-22,8.536309005410618e-21,0.0021180831347630395,1.8080612137486084e-23
Cs-143,1.791,0.387016851233917,-1.516619488765402e-14,1.5166195358413598e-14,-0,4.70759576726078e-22,4.578585142853434e-21,0.003908431044109436,1.78950843104266e-23
I-134m,211.2,0.0032819468776512564,-8.697901889427965e-13,8.69790207839058e-13,-0,1.8896261436461528e-20,1.558510354168443e-21,0.011363636363636364,1.7710344933732309e-23
Ag-111,643680,1.0768505787968328e-06,-1.5578578381129227e-10,1.5578529823341377e-10,0,-4.8557787849806e-16,-1.3140642341849221e-20,0.0013422818791946308,1.7638446096441908e-23
Ag-116,237,0.0029246716479322584,-3.6070402562072415e-13,3.6070403665491997e-13,0,1.1034195824528993e-20,8.109985131181606e-22,0.02109704641350211,1.7109673272535033e-23
Kr-87,4578,0.00015140829632152584,-5.6694374398209547e-11,5.6694375070225895e-11,0,6.720163478032717e-19,2.5570061145622556e-21,0.00655307994757536,1.6756265495165502e-23
Ru-110,11.6,0.05975406728965046,-1.372869171984446e-14,1.372869150639088e-14,-0,-2.1345357936270737e-22,-3.2053331081162096e-22,0.05172413793103448,1.6579309179911428e-23
Br-84m,360,0.001925408834888737,-2.930001549640774e-13,2.9300016407856677e-13,0,9.114489356862061e-21,4.410192620512024e-22,0.03333333333333333,1.4700642068373415e-23
Ge-83,1.85,0.37467415165402446,-1.538453555664542e-15,1.5384536035876427e-15,-0,4.792310060758267e-23,4.512330457793836e-22,0.03243243243243243,1.4634585268520545e-23
Rb-92,4.492,0.1543070304007002,-2.4820448256770003e-14,2.482044909873085e-14,0,8.4196084615732425e-22,3.264975037146227e-21,0.004452359750667854,1.4536843442325142e-23
Mo-107,3.5,0.19804205158855578,1.9968101616835658e-23,0,-0,1.9968101616835658e-23,9.937941835989136e-23,0.14285714285714285,1.4197059765698766e-23
In-130m2,0.54,1.2836058899258245,-7.398123479307349e-16,7.398123706123751e-16,-0,2.268164024836448e-23,7.316584874034312e-22,0.018518518518518517,1.354923124821169e-23
Mo-102,678,0.0010223409742772054,-1.7700131150219992e-12,1.7700131444199063e-12,-0,2.9397907083616363e-20,7.552912194675058e-22,0.017699115044247787,1.336798618526559e-23
Ce-148,56,0.012377628224284737,2.3859663281470875e-21,0,0,2.3859663281470875e-21,7.421710337927926e-22,0.017857142857142856,1.3253054174871294e-23
In-124,3.12,0.22216255787177733,-2.334099469427706e-15,2.3340995431453007e-15,0,7.371759456681161e-23,4.115705378943404e-22,0.032051282051282055,1.3191363394049373e-23
Pb-211,2166,0.0003200125487349701,-1.7359698391585696e-14,1.735999157568259e-14,0,2.9318409689317133e-19,2.357814715357978e-21,0.00554016620498615,1.3062685403645307e-23
Pr-151,18.9,0.036674453997880704,-1.1064203789794686e-13,1.1064204164634344e-13,-0,3.748396574848389e-21,3.454708790408494e-21,0.0037037037037037043,1.2795217742253683e-23
Ag-120m,0.32,2.166084939249829,-5.6407441325668e-17,5.640744298256069e-17,-0,1.6568926920768612e-24,9.019285219567232e-23,0.125,1.127410652445904e-23
Sr-98,0.653,1.061481134088737,-3.998710636725401e-15,3.998710773192576e-15,0,1.364671747631833e-22,3.640346608789322e-21,0.0030627871362940277,1.1149606765051523e-23
Br-84,1905.6,0.0003637422232157564,-2.110311751222382e-11,2.110311798825988e-11,0,4.7603606095508855e-19,4.3514683152289525e-21,0.0025188916876574307,1.0960877368334893e-23
Te-125m,4959360,1.3976544968704536e-07,-1.1487723838378569e-10,1.1487841828250681e-10,-0,1.1798987211264117e-15,4.1442582660063136e-21,0.002613240418118467,1.0829943203849252e-23
Nd-154,25.9,0.026762439403858893,-6.639101703274083e-14,6.639101907383695e-14,0,2.041096118705077e-21,1.3727498648801691e-21,0.007722007722007723,1.0600385056989724e-23
Ag-117,72.8,0.009521252480219029,-6.554867248988462e-14,6.554867467496117e-14,-0,2.1850765498799916e-21,5.228330028124254e-22,0.018543956043956047,9.695392222483165e-24
Sm-155,1338,0.0005180472201494359,-8.634785438819689e-13,8.634786260372273e-13,-0,8.215525845154e-20,1.0695644750164752e-21,0.008968609865470852,9.592506502389912e-24
In-122m,10.3,0.06729584277281021,-2.718881198595466e-15,2.7188812908473525e-15,0,9.225188626814471e-23,1.5601478144816248e-22,0.058252427184466014,9.088239696009464e-24
In-130m,0.54,1.2836058899258245,-4.845183103738648e-16,4.845183252273681e-16,-0,1.4853503300996342e-23,4.79140469509585e-22,0.018518518518518517,8.872971657584907e-24
Xe-131m,1022976,6.775791226382097e-07,-3.039898107413998e-11,3.0398830953737117e-11,-0,-1.5012040286157882e-16,-2.5562421589498023e-21,0.0033783783783783786,8.635953239695279e-24
Cd-115,192456,3.6015877944046708e-06,-5.5602964593109275e-11,5.5602868042334e-11,0,-9.655077527421852e-17,-8.738804568430073e-21,0.0009352787130564908,8.173217890413461e-24
Ba-146,2.22,0.31222845971168706,-3.223565862126589e-23,0,0,-3.223565862126589e-23,-2.5293637511559386e-22,0.03153153153153153,7.975471287428634e-24
Br-91,0.541,1.281233235785481,-8.294902115737088e-16,8.294902371942988e-16,0,2.5620589967103418e-23,8.249347107722728e-22,0.009242144177449167,7.624165533939673e-24
Pm-156,26.7,0.025960568560297576,-9.950297002384687e-14,9.950297310587496e-14,0,3.0820280851021493e-21,2.010726711783129e-21,0.0037453183520599256,7.530811654618461e-24
Pd-118,1.9,0.364814305557866,-3.896365209697251e-16,3.8963653617319334e-16,0,1.5203468228177482e-23,1.3938523986028856e-22,0.052631578947368425,7.336065255804661e-24
As-81,33.3,0.020815230647445806,-1.6843435812214335e-14,1.6843436369904253e-14,-0,5.576899185569894e-22,2.917267656823124e-22,0.024024024024024027,7.0084508272027e-24
Xe-142,1.23,0.5635342931381669,-2.9775200345751995e-23,0,-0,-2.9775200345751995e-23,-4.216744603210385e-22,0.016260162601626018,6.856495289772984e-24
Ag-114,4.6,0.15068416968694465,-2.4096660282615418e-15,2.409666110977573e-15,-0,8.271603112176318e-23,3.1322727562536065e-22,0.02173913043478261,6.809288600551319e-24
Ag-113m,68.7,0.010089478610770673,-3.448564199643121e-14,3.448564314331111e-14,-0,1.1468799050292315e-21,2.907963312953688e-22,0.023289665211062592,6.772549200474383e-24
In-119,144,0.004813522087221842,-4.017170432667494e-14,4.0171705669114764e-14,-0,1.3424398234762921e-21,1.6239028790239572e-22,0.041666666666666664,6.766261995933154e-24
In-122m2,10.8,0.06418029449629123,-3.3310726462445494e-15,3.33107275749362e-15,0,1.1124907050460883e-22,1.7943218779406633e-22,0.037037037037037035,6.64563658496542e-24
Sb-135,1.679,0.41283334160806745,-2.3380548609092483e-15,2.3380549324450946e-15,0,7.153584629997684e-23,7.421654625303015e-22,0.008933889219773674,6.630424024987802e-24
Pd-113,93,0.007453195489891885,-2.776030530458772e-14,2.776030593897705e-14,-0,6.343893308260286e-22,1.1882303436472e-22,0.053763440860215055,6.388335180898924e-24
Sn-127m,247.8,0.0027972041184824263,-4.1300448919258665e-13,4.13004501433163e-13,-0,1.2240576345884537e-20,8.604552362330405e-22,0.007263922518159806,6.250280166341698e-24
Ag-115,1200,0.0005776226504666211,-7.338194245565391e-13,7.338194416275552e-13,0,1.707101612708099e-20,2.478025912387942e-22,0.025,6.195064780969856e-24
As-82,19.1,0.03629042830156781,-7.376682138887276e-15,7.376682391541221e-15,0,2.52653945765763e-22,2.304201392376131e-22,0.026178010471204185,6.0319408177385614e-24
I-132m,4993.2,0.00013881822890329755,-1.1465527772082132e-12,1.14655262061886e-12,-0,-1.5658935315792988e-19,-5.462745716151057e-22,0.010814708002883923,5.907799981417871e-24
In-121,23.1,0.030006371452811483,-9.093831320384474e-15,9.093831615042562e-15,-0,2.946580879090424e-22,2.2219490860931424e-22,0.025974025974025972,5.771296327514655e-24
Cd-121,13.5,0.05134423559703299,-6.3874436031126066e-15,6.38744380426616e-15,-0,2.0115355363227915e-22,2.5955037320906433e-22,0.022222222222222223,5.767786071312541e-24
Zr-98,30.7,0.022578084057327207,-7.778498711099666e-22,0,0,-7.778498711099666e-22,-4.413520269397455e-22,0.013029315960912053,5.750515008986912e-24
Eu-157,54648,1.2683852667251232e-05,-3.827618286153781e-11,3.827617385793418e-11,0,-9.003603623996323e-18,-2.86992013896453e-21,0.001976284584980237,5.67177893075994e-24
Pm-149,191088,3.627371580423393e-06,-7.211538382321034e-11,7.211531921089337e-11,0,-6.461231696986975e-17,-5.88992299463984e-21,0.0009419743782969103,5.5481565510925395e-24
Ge-82,4.55,0.15234003968350446,-3.5389575572305025e-15,3.5389576785116008e-15,0,1.212810982555604e-22,4.643115009500314e-22,0.01098901098901099,5.102324186264082e-24
Ba-147,0.894,0.7753324167337196,-7.743242828407528e-16,7.743243059975e-16,-0,2.31567472099291e-23,4.511986096973864e-22,0.011185682326621925,5.0469643142884384e-24
Sn-119m,25315200,2.7380671713434824e-08,-1.7390422181880323e-11,1.738828794544442e-11,-0,-2.1342364359045754e-15,-1.4685504948796154e-21,0.0034129692832764505,5.0121177299645576e-24
Sn-133,1.46,0.4747583428492776,-6.478398870260524e-16,6.478399073493127e-16,0,2.032326030560916e-23,2.4247571063637753e-22,0.02054794520547945,4.982377615815977e-24
Cd-117,8964,7.7325656019628e-05,-7.004036980493895e-12,7.004036821964252e-12,-0,-1.5852964341737295e-19,-3.080607381795327e-22,0.01606425702811245,4.9487668783860665e-24
Cd-115m,3849984,1.80038976930799e-07,-1.0459895728167755e-11,1.0459700628951228e-11,0,-1.950992165270151e-16,-8.82722745886318e-22,0.005385996409335727,4.754341539782682e-24
Zr-103,1.3,0.5331901388922656,4.610570745731995e-24,0,-0,4.610570745731995e-24,6.177874119647853e-23,0.07692307692307693,4.7522108612675796e-24
Rb-88,1066.38,0.0006500001693204535,-1.569585586399545e-11,1.5695856305556728e-11,0,4.41561279749501e-19,7.212846816815033e-21,0.0006189163337646992,4.464148707869541e-24
Rh-110,3.2,0.21660849392498288,-4.048844155764846e-16,4.0488442828847247e-16,-0,1.2711987877100165e-23,6.919762813820698e-23,0.0625,4.324851758637936e-24
Br-85,174,0.003983604485976697,-6.57977177428079e-14,6.579771976388405e-14,-0,2.0210761542168883e-21,2.0233040303117664e-22,0.020689655172413793,4.186146269610551e-24
In-129,0.61,1.1363068533769596,-2.766023151675973e-16,2.766023238436359e-16,-0,8.676038569318606e-24,2.477532474996391e-22,0.01639344262295082,4.0615286475350674e-24
In-128m,0.72,0.9627044174443685,-3.8851077649673295e-16,3.8851078816790716e-16,-0,1.1671174215778618e-23,2.8236429043819687e-22,0.01388888888888889,3.921726256086068e-24
Y-91m,2982.6,0.00023239696256955185,-4.625515767047505e-11,4.6255158494768054e-11,0,8.242930025827875e-19,4.814091233286688e-21,0.0008046670690002012,3.873740682588363e-24
Ba-139,4983.6,0.0001390856370013535,-3.126687485413783e-11,3.1266875168934164e-11,0,3.1479633232071536e-19,1.1003078299164032e-21,0.0033710570671803513,3.7092004861135674e-24
Ra-224,316224,2.191949948643826e-06,-3.5550970188793524e-17,4.1606692363053165e-17,-0,6.0557221742596414e-18,3.335790989636307e-22,0.01092896174863388,3.6456732127172755e-24
Cd-117m,12096,5.73038343716886e-05,-3.3056656817435757e-12,3.3056655125820838e-12,-0,-1.6916149195795148e-19,-2.43605699795697e-22,0.01488095238095238,3.6250848183883475e-24
In-127,1.09,0.6359148445504085,-7.467818370614521e-16,7.4678186099034e-16,-0,2.39288878138335e-23,3.8240515003772674e-22,0.009174311926605503,3.5083041287864834e-24
Cd-119,161.4,0.004294592196777852,-1.2742108445010445e-13,1.2742108868903595e-13,-0,4.238931502917721e-21,4.574889252914713e-22,0.007434944237918215,3.4014046490072215e-24
As-80,15.2,0.04560178819473325,-6.9049715869803e-15,6.904971807918308e-15,-0,2.2093800764151845e-22,2.5319467182734835e-22,0.013157894736842106,3.3315088398335314e-24
Pd-116,11.8,0.058741286488130956,-2.0799005439546335e-15,2.079900609428833e-15,0,6.547419966121332e-23,9.665312671879232e-23,0.03389830508474576,3.276377176908214e-24
Sm-157,482,0.0014380646899583927,-3.8276422117679023e-13,3.8276423171877225e-13,0,1.0541982011126733e-20,3.809806771767638e-22,0.008298755186721992,3.1616653707615255e-24
Ag-112,11268,6.151465926162098e-05,-3.1212317349211454e-11,3.121231665859451e-11,-0,-6.9061694498025e-19,-1.0676234602585502e-21,0.002875399361022364,3.0698438154399206e-24
Pr-144,1036.8,0.000668544734336367,-2.2148111481883167e-12,2.2148112099410883e-12,0,6.175277159960813e-20,1.037502573823558e-21,0.002893518518518519,3.0020329103690916e-24
Nb-98m,3078,0.00022519401577646045,-4.047112938885096e-12,4.047113006835181e-12,0,6.795008427755392e-20,3.8454671086979354e-22,0.007797270955165692,2.99841489956954e-24
Cs-145,0.587,1.1808299498465848,-3.6331820425871883e-16,3.6331821596825885e-16,-0,1.1709540022169783e-23,3.4747971042270134e-22,0.008517887563884158,2.9597931041115963e-24
Ge-78,5280,0.00013127787510605024,-5.627123185668684e-13,5.627122397034862e-13,-0,-7.886338223324397e-20,-2.6017717459834237e-22,0.011363636363636364,2.9565588022538906e-24
Eu-158,2754,0.00025168742939722053,-5.277547631023632e-12,5.277547736978237e-12,-0,1.0595460429223797e-19,6.701678889303078e-22,0.004357298474945534,2.9201215203934984e-24
Cd-119m,132,0.00525111500424201,-6.46259147729808e-14,6.462591715556223e-14,-0,2.3825814332878672e-21,3.144137560470985e-22,0.00909090909090909,2.8583068731554407e-24
In-125,2.36,0.2937064324406548,-6.687056083288e-16,6.687056311382196e-16,-0,2.2809419543361727e-23,1.6835652279172777e-22,0.01694915254237288,2.8535003863004706e-24
Sn-123,11162880,6.209393817365638e-08,-1.0730078931667796e-11,1.0729496085974057e-11,-0,-5.828456937385376e-16,-9.095049201592942e-22,0.0030959752321981426,2.8158047063755238e-24
Ag-109m,39.6,0.017503716680806698,-3.683137291354648e-14,3.683137416641383e-14,0,1.252867349815524e-21,5.511091510251562e-22,0.005050505050505051,2.7833795506321024e-24
Pr-145,21542.4,3.217594978089467e-05,-2.651422797031593e-11,2.6514226089138273e-11,-0,-1.8811776581233504e-18,-1.521119883886197e-21,0.0016711229946524064,2.541978415585222e-24
Sm-159,11.37,0.06096281271415526,-3.758999793144815e-15,3.758999915852884e-15,-0,1.2270806874701468e-22,1.879924349811099e-22,0.013192612137203167,2.4801112794341674e-24
Kr-95,0.114,6.080238425964432,5.824773648848644e-25,0,-0,5.824773648848644e-25,8.900244119649154e-23,0.02631578947368421,2.34216950517083e-24
Ga-78,5.09,0.1361782280078478,-2.04302697564937e-15,2.043027045318668e-15,-0,6.966929805744534e-23,2.38424768375452e-22,0.00982318271119843,2.3420900626272305e-24
In-126,1.53,0.4530373729149969,-1.0199298731144905e-15,1.0199299045134988e-15,-0,3.139900832519136e-23,3.5748038582984307e-22,0.006535947712418301,2.3364731099989745e-24
In-118,5,0.13862943611198905,-3.248577364238382e-16,3.248577475503083e-16,0,1.1126470099458488e-23,3.876279797001022e-23,0.06,2.325767878200613e-24
In-120,3.08,0.22504778589608612,-4.761277241140759e-16,4.761277392080701e-16,-0,1.509399415466305e-23,8.536526204517832e-23,0.025974025974025972,2.2172795336409954e-24
In-132,0.207,3.348537104154325,-4.5571785280663126e-17,4.557178616048263e-17,-0,8.798195011694858e-25,7.403736525664284e-23,0.028985507246376812,2.146010587149068e-24
In-123,6.17,0.11234152035007217,-2.950345644529283e-15,2.9503457380886073e-15,-0,9.355932421650494e-23,2.6413723604491417e-22,0.008103727714748784,2.1404962402343127e-24
Ge-79m,39,0.017773004629742187,-5.434597087167905e-15,5.434597272324035e-15,-0,1.851561297393319e-22,8.269918014450165e-23,0.02564102564102564,2.1204917985769652e-24
Tc-102m,261,0.002655736323984465,-6.206277649070071e-14,6.20627784580079e-14,-0,1.9673071929686324e-21,1.3129838655806222e-22,0.016091954022988506,2.1128475997849092e-24
Zn-78,1.47,0.47152869425846616,-5.2317366626897414e-17,5.231736835392833e-17,-0,1.727030919131692e-24,2.0464940906425356e-23,0.10204081632653061,2.0882592761658525e-24
Ag-116m,20,0.03465735902799726,-1.4044440935237727e-15,1.404444141390349e-15,0,4.786657635714087e-23,4.168982642882897e-23,0.05,2.084491321441449e-24
Nb-104,4.9,0.14145860827753984,-8.993004244726731e-24,0,0,-8.993004244726731e-24,-3.196954352133365e-23,0.06122448979591836,1.95731899110206e-24
Tc-109,0.86,0.805985093674355,2.0719551130870218e-24,0,0,2.0719551130870218e-24,4.196716266328077e-23,0.046511627906976744,1.9519610541060824e-24
Tl-209,132,0.00525111500424201,-7.060799558989887e-16,7.060804065219294e-16,-0,4.506229406960834e-22,5.946577496397634e-23,0.03181818181818182,1.8920928397628837e-24
Y-101,0.45,1.5403270679109895,1.0850184154916213e-24,0,-0,1.0850184154916213e-24,4.2000292253504595e-23,0.044444444444444446,1.8666796557113153e-24
Pm-153,315,0.0022004672398728423,-2.823333398456051e-13,2.823333486886141e-13,0,8.843009023134423e-21,4.890094267646124e-22,0.0038095238095238095,1.8628930543413808e-24
Cd-123,2.1,0.3300700859809263,-7.134186575351691e-16,7.13418681022786e-16,-0,2.3487616871430846e-23,1.9482620732915608e-22,0.009523809523809523,1.8554876888491054e-24
Tc-99m,21624.12,3.2054353220382856e-05,-3.3051607760501406e-10,3.305160540038447e-10,-0,-2.3601169349741576e-17,-1.9011780664161485e-20,8.324038157390914e-05,1.5825478768842698e-24
Ag-108m,13822200000,5.014738468260807e-11,-1.3961605216812707e-15,6.181960374992739e-14,-0,6.042344322824611e-14,7.614756390675666e-23,0.020547988019273343,1.564679230852887e-24
Kr-96,0.08,8.664339756999317,9.349900510984653e-26,0,0,9.349900510984653e-26,2.0358450462460258e-23,0.075,1.5268837846845193e-24
Tb-161,596678.4,1.161676341157892e-06,-6.306480196915587e-12,6.306461981060108e-12,0,-1.8215855479573477e-17,-5.317860889447259e-22,0.0027512308137851143,1.4630662742470014e-24
Ag-121,0.78,0.8886502314871093,-8.497530625808003e-17,8.497530874541013e-17,-0,2.4873301045511422e-24,5.554775871711824e-23,0.02564102564102564,1.4243015055671343e-24
Ge-81m,7.6,0.0912035763894665,-2.3910730824855686e-16,2.3910731592718194e-16,-0,7.678625076773925e-24,1.7599388870687648e-23,0.07894736842105263,1.389425437159551e-24
Sn-131,56,0.012377628224284737,-4.58692248396611e-22,0,-0,-4.58692248396611e-22,-1.4267933967434715e-22,0.008928571428571428,1.2739226756638138e-24
In-129m,1.23,0.5635342931381669,-1.121926342048153e-16,1.1219263787691394e-16,-0,3.672098653731493e-24,5.2004023485227455e-23,0.024390243902439025,1.2683908167128648e-24
Sn-131m,58.4,0.01186895857123194,-4.9186873408787965e-22,0,-0,-4.9186873408787965e-22,-1.467114762153306e-22,0.008561643835616438,1.256091405953173e-24
Se-83m,70.1,0.009887976898144727,-2.6333015680546873e-14,2.633301656360985e-14,-0,8.830629763425814e-22,2.1943271451184154e-22,0.005706134094151214,1.2521124936481687e-24
Sr-89,4365792,1.5876779758631315e-07,-2.247022353157315e-16,0,0,-2.247022353157315e-16,-8.965449505359253e-22,0.001385315654066891,1.2419977545520437e-24
Te-129,4176,0.00016598352024902905,-7.990030538625589e-12,7.990030640351623e-12,-0,1.0172603357485346e-19,4.243257016198006e-22,0.0028735632183908046,1.2193267287925304e-24
Pd-111,1404,0.000493694573048394,-5.593966250818716e-13,5.593966364692261e-13,0,1.1387354538704175e-20,1.412808995442855e-22,0.008547008547008548,1.2075290559340643e-24
Sr-100,0.202,3.431421685940323,-2.9762807382711706e-17,2.976280831251095e-17,-0,9.297992444450328e-25,8.017990481417541e-23,0.01485148514851485,1.1907906655570605e-24
Tc-99,6661810000000,1.0404787596162984e-13,-3.720205986243636e-15,7.555773354361988e-11,-0,7.555401333763363e-11,1.9755726868293723e-22,0.005684506162739556,1.123015511322151e-24
Ag-113,19332,3.5854913126419684e-05,-2.2303695685850993e-12,2.2303694352564737e-12,-0,-1.3332862558939387e-19,-1.2013632222712137e-22,0.00931098696461825,1.1185877302339048e-24
In-117,2592,0.0002674178937345468,-1.035210107237375e-12,1.0352101295016834e-12,-0,2.2264308347204372e-20,1.49624229755365e-22,0.006944444444444444,1.0390571510789235e-24
In-127m,3.67,0.1888684415694674,-6.320408008949704e-16,6.320408209111032e-16,-0,2.0016132892164237e-23,9.500398629680957e-23,0.010899182561307902,1.0354657907009216e-24
Y-102,0.36,1.925408834888737,1.8523820250542025e-25,0,-0,1.8523820250542025e-25,8.963049072093835e-24,0.11111111111111112,9.958943413437595e-25
Cs-134,65172760,1.0635535161621899e-08,-2.0001406575494004e-10,2.0003254957402646e-10,-0,1.848381908641787e-14,4.94029989065046e-21,0.00019368582825094412,9.56866076128683e-25
Te-137,2.49,0.2783723616706607,6.357965549092601e-24,0,-0,6.357965549092601e-24,4.44781320726285e-23,0.020080321285140562,8.931351821812951e-25
Ga-76,32.6,0.021262183452759056,-2.7111848774291645e-15,2.711184966437722e-15,0,8.900855762596226e-23,4.75600037487565e-23,0.01840490797546012,8.753374923084017e-25
Eu-159,1086,0.0006382570723388078,-3.4962612328707776e-13,3.4962613279861255e-13,-0,9.511534788710066e-21,1.5256274432946912e-22,0.0055248618784530384,8.428880902180614e-25
Kr-94,0.212,3.2695621724525723,4.308761706589295e-25,0,-0,4.308761706589295e-25,3.540334785707264e-23,0.02358490566037736,8.349846192705811e-25
Kr-85m,16128,4.297787577876645e-05,-1.720809619587462e-11,1.7208095764269168e-11,-0,-4.3160545021908635e-19,-4.661590524502724e-22,0.0017857142857142857,8.324268793754863e-25
Pm-147,82788210,8.372534936556126e-09,-1.9919763857777713e-11,1.9969664960471168e-11,-0,4.990110269345542e-14,1.0499518105927677e-20,7.623694243419444e-05,8.004511574283905e-25
Pm-152m,451.2,0.001536230453368673,-6.547878803159987e-14,6.547878993803989e-14,0,1.9064400234298744e-21,7.360067084479684e-23,0.010638297872340425,7.829858600510302e-25
Se-88,1.53,0.4530373729149969,1.7279215121885713e-24,0,0,1.7279215121885713e-24,1.9672533682067866e-23,0.0392156862745098,7.714719091007006e-25
Ga-80,1.676,0.4135723034367215,-2.9185358666645806e-16,2.918535955446398e-16,-0,8.878181760394968e-24,9.227365733070932e-23,0.008353221957040573,7.707823404713189e-25
Ag-111m,64.8,0.010696715749381872,-7.145470826334236e-15,7.14547105420098e-15,0,2.2786674494375194e-22,6.125388791312203e-23,0.01234567901234568,7.562208384336053e-25
Sn-125m,571.2,0.0012134929631651703,-1.4529552547097842e-13,1.452955301571082e-13,-0,4.686129782867998e-21,1.429071079375995e-22,0.005252100840336134,7.50562541689073e-25
Sb-126,1067040,6.495981224320975e-07,-3.340671706778967e-11,3.340672648842446e-11,-0,9.420634788363556e-18,1.537896768983667e-22,0.004858299595141701,7.4715632501230795e-25
Nb-96,84060,8.245862247917504e-06,-4.2227464275986476e-12,4.222744810388831e-12,0,-1.6172098166852169e-18,-3.3512335876131204e-22,0.0021413276231263384,7.176089052704755e-25
Pd-109,49324.32,1.4052848180369142e-05,-1.528574553929508e-12,1.5285631308211003e-12,0,-1.1423108407708647e-17,-4.034139468203008e-21,0.00017516713864479025,7.066486675391367e-25
Te-127,33660,2.0592607859772586e-05,-1.3537364768272493e-12,1.3537362995302746e-12,-0,-1.772969746391755e-19,-9.175187121728671e-23,0.0074866310160427805,6.869124048353016e-25
Ge-80,29.5,0.02349651459525238,-2.9989285336154113e-15,2.9989286181259105e-15,-0,8.451049917123237e-23,4.9901817984676057e-23,0.013559322033898306,6.766348201312008e-25
Pd-114,145.2,0.004773740912947282,-8.665967762195781e-15,8.665967984496819e-15,-0,2.2230103780116096e-22,2.666874573012235e-23,0.02479338842975207,6.612085718212154e-25
Zn-77,2.08,0.333243836807666,-9.77575448791669e-17,9.775754809569672e-17,-0,3.2165298169628866e-24,2.6937169776764536e-23,0.02403846153846154,6.47528119633763e-25
Bi-211,128.4,0.005398342527725431,-8.074802058705191e-16,8.074806958853134e-16,0,4.900147943078039e-22,6.647707242601272e-23,0.009345794392523364,6.2128105071039915e-25
Rb-98,0.114,6.080238425964432,-6.079161204938438e-18,6.0791611150315845e-18,0,-8.990685330956386e-26,-1.3737751726073945e-23,0.043859649122807015,6.025329704418397e-25
Gd-161,219.6,0.0031564079260471096,-1.796720836578602e-14,1.7967208904947618e-14,0,5.391615985327088e-22,4.276754621245502e-23,0.01366120218579235,5.842560957985659e-25
Rb-97,0.1691,4.099037141099617,-4.7481471882386256e-17,4.7481473436234146e-17,-0,1.5538478904067621e-24,1.600636115511371e-22,0.003548196333530455,5.6793711963738765e-25
Cd-130,0.162,4.278686299752748,1.1956668781146493e-25,0,-0,1.1956668781146493e-25,1.2856504348898493e-23,0.043209876543209874,5.555279656931447e-25
Se-89,0.41,1.6906028794145007,1.295600207083273e-25,0,0,1.295600207083273e-25,5.50446188542548e-24,0.0975609756097561,5.370206717488273e-25
Ag-117m,5.34,0.12980284280148788,-4.548629453113977e-16,4.548629605842393e-16,-0,1.5272841543651136e-23,4.9820296260591326e-23,0.009363295880149813,4.664821747246379e-25
Cs-135m,3180,0.00021797081149683815,-1.4015830372523756e-13,1.4015830593226542e-13,0,2.2070278604343274e-21,1.2089502026180021e-23,0.03773584905660377,4.562076236294348e-25
In-117m,6972,9.941870059666456e-05,-5.071181944746966e-13,5.071181280814251e-13,-0,-6.639327149677293e-20,-1.6588014535049338e-22,0.0025817555938037868,4.282619931596215e-25
La-137,1893460000000,3.660743720807122e-13,-2.3265159459077655e-17,1.341897303384866e-13,-0,1.3416646517902752e-13,1.2342853085096705e-24,0.33333262915509176,4.1142756701303203e-25
Br-93,0.102,6.795560593724955,2.3657934094074708e-26,0,-0,2.3657934094074708e-26,4.040213939384955e-24,0.09803921568627452,3.9609940582205447e-25
Pr-144m,432,0.0016045073624072809,-8.12412563949861e-15,8.124125868236083e-15,0,2.287374738337168e-22,9.22319287125448e-24,0.041666666666666664,3.842997029689367e-25
Eu-152,427195200,1.6225537659597891e-09,-2.6584841865593808e-14,4.590512430383873e-14,-0,1.9320282438244923e-14,7.87797908597232e-22,0.0004432296992101035,3.4917543006589974e-25
Ge-77,40680,1.7039016237953423e-05,-5.441299919969566e-12,5.441299024882477e-12,-0,-8.950870889026636e-19,-3.832763882272423e-22,0.0008849557522123894,3.39182644448887e-25
Ce-149,5.3,0.1307824868981029,-2.62612426436799e-24,0,0,-2.62612426436799e-24,-8.631119303268637e-24,0.03773584905660378,3.2570261521768447e-25
Ba-136m,0.3084,2.2475589512319885,-3.1653127683348104e-17,3.165312861209821e-17,-0,9.287501087448954e-25,5.245805994955013e-23,0.00616083009079118,3.231851942417161e-25
Tc-110,0.92,0.7534208484347231,-4.93418906567828e-25,0,-0,-4.93418906567828e-25,-9.342340157663906e-24,0.03260869565217391,3.046415268803448e-25
Zn-76,5.7,0.12160476851928864,-5.692493972126625e-17,5.692494158981333e-17,0,1.86854708047986e-24,5.7102734519531914e-24,0.05263157894736842,3.0054070799753637e-25
Ce-151,1.76,0.39383362531815075,8.843746059033615e-25,0,-0,8.843746059033615e-25,8.752886817735248e-24,0.03409090909090909,2.9839386878642886e-25
Zr-104,1.2,0.5776226504666211,-8.153404389561663e-26,0,0,-8.153404389561663e-26,-1.1835468492973757e-24,0.25,2.958867123243439e-25
Sm-158,318,0.0021797081149683814,-9.320994663571078e-22,0,-0,-9.320994663571078e-22,-5.1057889160076065e-23,0.0056603773584905665,2.890069197740155e-25
Ga-81,1.217,0.5695539692357808,-1.4911528356881983e-16,1.4911528843774576e-16,-0,4.868925927924278e-24,6.968997459380686e-23,0.004108463434675432,2.8631871238211527e-25
Tb-162,456,0.001520059606491108,-1.3051850690606937e-14,1.30518510702325e-14,-0,3.7962556236975574e-22,1.4501680163218813e-23,0.019736842105263157,2.8621737164247655e-25
Tb-164,180,0.003850817669777474,-2.667507535373982e-15,2.6675076207063846e-15,0,8.533240269875992e-23,8.2578917575739e-24,0.03333333333333333,2.7526305858579667e-25
Zn-75,10.2,0.06795560593724954,-2.2874298212590737e-16,2.287429898978146e-16,-0,7.771907237866824e-24,1.3272573942075847e-23,0.019607843137254905,2.6024654788384018e-25
Sb-124,5201280,1.3326473109695023e-07,-6.068334892865811e-12,6.0681801422309284e-12,0,-1.5475063488259727e-16,-5.182626633540812e-22,0.0004983388704318936,2.5827043024289757e-25
Nb-105,2.95,0.23496514595252382,2.136676718790126e-24,0,-0,2.136676718790126e-24,1.2616663462976549e-23,0.020338983050847456,2.566101043317264e-25
Ce-152,1.4,0.49510512897138953,-1.4427516538632346e-25,0,0,-1.4427516538632346e-25,-1.7951108091043077e-24,0.14285714285714288,2.564444013006154e-25
Gd-162,504,0.0013752920249205263,-5.69719131875143e-15,5.697191621637801e-15,-0,3.0288637100070984e-22,1.046831812779912e-23,0.023809523809523808,2.4924566970950283e-25
In-125m,12.2,0.056815342668847975,-3.3062523281270573e-16,3.306252433261188e-16,-0,1.0513413059245608e-23,1.5011068743656953e-23,0.01639344262295082,2.4608309415831073e-25
Zr-90m,0.8092,0.8565832681165908,-2.8732190137403573e-23,2.4243660146797912e-23,0,-4.488529990605661e-24,-9.662198915722593e-23,0.0024715768660405336,2.388086731518189e-25
In-120m,46.2,0.015003185726405742,-1.107133360902854e-15,1.1071333966012935e-15,-0,3.5698439492595646e-23,1.34596873902897e-23,0.017316017316017316,2.3306817991843634e-25
In-121m,232.8,0.0029774363426114487,-4.00180642840429e-15,4.001806549015118e-15,-0,1.2061082838794307e-22,9.024663993056686e-24,0.02577319587628866,2.325944328107393e-25
Mo-106,8.73,0.07939830246963864,-8.416401174013667e-24,0,-0,-8.416401174013667e-24,-1.6793449066210944e-23,0.01374570446735395,2.308377878516968e-25
Ba-148,0.612,1.1325934322874924,2.9123994171257227e-25,0,-0,2.9123994171257227e-25,8.289478894859083e-24,0.02777777777777778,2.3026330263497453e-25
I-140,0.86,0.805985093674355,2.3527091009528508e-25,0,0,2.3527091009528508e-25,4.7653795642300876e-24,0.046511627906976744,2.216455611269808e-25
Fr-223,1320,0.000525111500424201,-1.3864756891317653e-16,1.386525000838267e-16,0,4.931170650157513e-21,6.507344782275533e-23,0.003181818181818182,2.070518794360397e-25
Ac-228,22140,3.130746072989816e-05,-2.8091766511458413e-16,2.8097073141977206e-16,-0,5.306630518793089e-20,4.175119887526121e-23,0.004878048780487805,2.0366438475737176e-25
At-215,0.0001,6931.471805599453,-1.1265078613451565e-33,5.293768733131524e-30,0,5.292642225270179e-30,9.219348970149931e-25,0.2,1.8438697940299863e-25
In-115m,16149.6,4.292039310942347e-05,-4.1741655340766084e-12,4.174165342942513e-12,0,-1.9113409574876356e-19,-2.06159861170808e-22,0.0008916629514043691,1.8382511027267766e-25
In-120m2,47.3,0.014654274430442819,-1.3694761766691281e-15,1.3694762203816888e-15,-0,4.3712560653561406e-23,1.609803339665557e-23,0.010570824524312896,1.7016948622257473e-25
Sn-134,1.05,0.6601401719618526,-2.421093189350211e-17,2.421093279741301e-17,0,9.039109002955554e-25,1.4995606700505397e-23,0.010476190476190476,1.5709683210053272e-25
Nd-156,5.49,0.1262563170418844,-3.813792222501674e-24,0,0,-3.813792222501674e-24,-1.2100753137050199e-23,0.012750455373406194,1.5429011285856357e-25
Pd-115,25,0.027725887222397813,-2.6063585655267724e-24,0,0,-2.6063585655267724e-24,-1.816025201341024e-24,0.08,1.4528201610728194e-25
Pm-146,174513500,3.971882866138983e-09,-1.6202504322994952e-15,1.778531087267776e-15,-0,1.5828065496828065e-16,1.5798888236896825e-23,0.009041592770759855,1.4284711366876925e-25
Tc-113,0.16,4.332169878499658,4.648889711291414e-27,0,-0,4.648889711291414e-27,5.061240533071741e-25,0.28125,1.4234738999264272e-25
La-150,0.86,0.805985093674355,-1.1740137165750115e-25,0,0,-1.1740137165750115e-25,-2.3779484556023285e-24,0.058139534883720936,1.3825281718618191e-25
Ag-122,0.529,1.310297127712562,-5.575618507348219e-18,5.5756186778913004e-18,-0,1.7054308105370443e-25,5.615729100988495e-24,0.024574669187145556,1.3800468490141859e-25
La-146m,10,0.06931471805599453,-7.820552444194891e-24,0,0,-7.820552444194891e-24,-1.3622761383367665e-23,0.01,1.3622761383367665e-25
Tb-160,6246720,1.1096178163259204e-07,-5.314331165267044e-13,5.314161576205945e-13,-0,-1.6958906109858252e-17,-4.7290457211493625e-23,0.0027662517289073307,1.308173090221124e-25
I-141,0.43,1.61197018734871,6.935616599393903e-26,0,-0,6.935616599393903e-26,2.8095989933222968e-24,0.046511627906976744,1.3067902294522311e-25
Ga-74,487.2,0.0014227158878488205,-8.108080431549881e-15,8.108080672410669e-15,0,2.4086078762162735e-22,8.611653346201273e-24,0.01477832512315271,1.2726581299804838e-25
Tb-163,1170,0.0005924334876580728,-1.928102680638319e-14,1.9281027355150186e-14,0,5.487669961066206e-22,8.170146411440143e-24,0.015384615384615385,1.2569456017600222e-25
As-78,5442,0.00012736993395074335,-2.4355216824111605e-12,2.4355217001165508e-12,-0,1.7705390248668765e-20,5.667280168136847e-23,0.002205071664829107,1.24967589154065e-25
Br-83,8640,8.022536812036404e-05,-3.3585698351707413e-13,3.3585697649686063e-13,-0,-7.020213499206943e-21,-1.4153514510621855e-23,0.008333333333333333,1.1794595425518213e-25
Sb-126m,1149,0.0006032612537510403,-2.8396564470175196e-14,2.8396566316501898e-14,-0,1.84632670199392e-21,2.799085978658442e-23,0.004177545691906005,1.1693309571419078e-25
As-83,13.4,0.05172740153432427,-3.942953996235321e-24,0,-0,-3.942953996235321e-24,-5.125599026830993e-24,0.022388059701492536,1.147522170186043e-25
As-79,540.6,0.001282181244099048,-6.447189506511134e-15,6.447189706931589e-15,-0,2.004204549378655e-22,6.457935737911935e-24,0.01664816870144284,1.0751280362783465e-25
Cd-125,0.68,1.019334089058743,-2.249090336577653e-18,2.249090406395618e-18,-0,6.981796493475054e-26,1.7884878326264202e-24,0.058823529411764705,1.0520516662508355e-25
Sn-117m,1175040,5.898924126497355e-07,-4.1771718172736157e-13,4.1771481536736383e-13,-0,-2.3663599977374894e-18,-3.507970084938237e-23,0.0029411764705882353,1.0317559073347756e-25
Br-92,0.343,2.020837261107712,4.6101203197404454e-26,0,0,4.6101203197404454e-26,2.3412395773708324e-24,0.043731778425655975,1.0238657043895768e-25
Zn-72,167400,4.140664161051047e-06,-3.3764267799453175e-14,3.376381860255515e-14,-0,-4.491968980233828e-19,-4.674218518921473e-23,0.002150537634408602,1.0052082836390265e-25
Pm-155,41.5,0.016702341700239647,4.79896652824109e-23,0,-0,4.79896652824109e-23,2.0143147873995055e-23,0.004819277108433735,9.707541144094003e-26
Ga-79,2.847,0.2434658168457834,-4.551138714727139e-16,4.551138863574234e-16,-0,1.488470955372314e-23,9.107110673725132e-23,0.001053740779768177,9.596533902766208e-26
Ge-84,0.954,0.7265693716561271,3.5201926895103706e-25,0,0,3.5201926895103706e-25,6.427554663794884e-24,0.014675052410901468,9.432470156512409e-26
Pd-119,0.92,0.7534208484347231,4.5410985085035165e-25,0,-0,4.5410985085035165e-25,8.598066752447835e-24,0.010869565217391304,9.34572473092156e-26
Cd-122,5.24,0.1322799962900659,4.756943671161695e-24,0,0,4.756943671161695e-24,1.5813370219235572e-23,0.005725190839694656,9.053456232386776e-26
Xe-143,0.3,2.3104906018664844,1.5585162970961343e-26,0,-0,1.5585162970961343e-26,9.04935884386281e-25,0.1,9.049358843862811e-26
Nd-149,6220.8,0.0001114241223893945,-7.729386093809954e-11,7.72938609920639e-11,0,5.3964358434164546e-20,1.5110836140062426e-22,0.0005787037037037037,8.744696840313903e-26
Br-94,0.07,9.902102579427789,1.1771391494539478e-27,0,-0,1.1771391494539478e-27,2.9292570281883634e-25,0.2857142857142857,8.369305794823895e-26
Se-91,0.27,2.567211779851649,6.599111572112025e-27,0,0,6.599111572112025e-27,4.257448701406081e-25,0.18518518518518517,7.884164261863113e-26
Tc-108,5.17,0.13407102138490237,-1.715109825695315e-24,0,-0,-1.715109825695315e-24,-5.778686161574733e-24,0.01353965183752418,7.824139870604089e-26
Cd-118,3018,0.00022967103398275192,-3.2766395907927425e-21,0,0,-3.2766395907927425e-21,-1.89119867891539e-23,0.003976143141153081,7.519676655727195e-26
Tc-114,0.15,4.620981203732969,3.221902338705284e-27,0,-0,3.221902338705284e-27,3.7415265374060427e-25,0.2,7.483053074812086e-26
Tb-157,2240590000,3.0935922259759496e-10,-1.5327255680905767e-17,1.0996262549157177e-16,-0,9.4635369810666e-17,7.357305793196283e-25,0.09859153169477682,7.253680472980764e-26
Rh-112,2.1,0.3300700859809263,-6.058925068640503e-26,0,-0,-6.058925068640503e-26,-5.025786132651885e-25,0.14285714285714285,7.179694475216979e-26
Ag-115m,18,0.03850817669777474,-5.581531391703667e-17,5.581531581266033e-17,0,1.895623658693778e-24,1.834456137588274e-24,0.03888888888888889,7.133996090621066e-26
In-123m,47.4,0.014623358239661294,-7.191177813147256e-16,7.191178039384926e-16,-0,2.2623767045774751e-23,8.314081844762876e-24,0.008438818565400845,7.016102822584707e-26
Gd-159,66524.4,1.0419442799332956e-05,-4.219977830314018e-12,4.219976600810271e-12,-0,-1.2295037471109082e-18,-3.219412361531793e-22,0.00021646192975810383,6.968802124642661e-26
Rh-113,2.8,0.24755256448569476,-2.6033790378877526e-25,0,-0,-2.6033790378877526e-25,-1.6195974680029332e-24,0.04285714285714286,6.941132005726856e-26
Nb-106,0.93,0.7453195489891884,-8.595213127425072e-26,0,-0,-8.595213127425072e-26,-1.60990933356696e-24,0.04301075268817204,6.924341219642838e-26
Rb-99,0.054,12.836058899258246,2.891364365201147e-27,0,-0,2.891364365201147e-27,9.326888420813377e-25,0.07407407407407407,6.908806237639538e-26
At-217,0.0323,21.459665032815643,-8.800292191229392e-22,8.80019189533883e-22,-0,-1.0029589056223283e-26,-5.408892293601236e-24,0.012383900928792569,6.698318629846732e-26
Se-81,1107,0.0006261492145979632,-2.2154960778416263e-14,2.2154961407593148e-14,-0,6.291768850631265e-22,9.900402586145157e-24,0.0065040650406504065,6.439286234891159e-26
Nb-102m,1.3,0.5331901388922656,-2.987574020253016e-26,0,-0,-2.987574020253016e-26,-4.0031608315172056e-25,0.15384615384615385,6.158708971564932e-26
Cs-136m,19,0.03648143055578659,-6.185884342726773e-25,0,-0,-6.185884342726773e-25,-5.671212383375589e-25,0.10526315789473684,5.969697245658514e-26
Sb-129m,1062,0.0006526809609792328,-6.365267483725668e-22,0,-0,-6.365267483725668e-22,-1.044046540277488e-23,0.005649717514124294,5.8985680241666e-26
Pr-154,2.3,0.3013683393738893,-1.7601136473907263e-25,0,0,-1.7601136473907263e-25,-1.3330320497404978e-24,0.04347826086956522,5.795791520610861e-26
Pr-153,4.28,0.1619502758317629,-5.429370097772612e-25,0,0,-5.429370097772612e-25,-2.209700401354859e-24,0.02570093457943925,5.679136545538189e-26
Ga-75,126,0.005501168099682105,-7.975331719842583e-16,7.975331973807014e-16,-0,2.5396443128101533e-23,3.510993843680099e-24,0.015873015873015872,5.573006101079522e-26
Cd-131,0.068,10.19334089058743,4.9135272391218144e-27,0,-0,4.9135272391218144e-27,1.2586708436232152e-24,0.044117647058823525,5.552959604220066e-26
Ge-79,18.98,0.03651987252686751,-1.09928984710419e-15,1.0992898847404259e-15,-0,3.763623587714967e-23,3.454122140292875e-23,0.0015806111696522655,5.459624036290108e-26
Nd-155,8.9,0.07788170568089273,1.1504913102533333e-24,0,-0,1.1504913102533333e-24,2.251754570683034e-24,0.02247191011235955,5.0601226307483915e-26
Cs-144,0.994,0.6973311675653373,4.620434950318527e-25,0,-0,4.620434950318527e-25,8.097000997443955e-24,0.006036217303822938,4.887525752984279e-26
Te-138,1.4,0.49510512897138953,-1.3279152233850362e-26,0,-0,-1.3279152233850362e-26,-1.6522282020538286e-25,0.28571428571428575,4.7206520058680825e-26
Tb-165,126.6,0.005475096212953754,-2.2202524185163327e-16,2.2202524894389811e-16,-0,7.092264839878857e-24,9.758407636083716e-25,0.047393364928909956,4.624837742219771e-26
Cu-74,1.75,0.39608410317711157,-4.08342639242483e-18,4.0834265173762865e-18,-0,1.2495145668213497e-25,1.2437439799306819e-24,0.03428571428571429,4.264265074048053e-26
Rh-103m,3366.84,0.0002058747016668286,-1.5042002726861536e-12,1.5042002950655564e-12,-0,2.2379402774622883e-20,1.1578538158031212e-22,0.00035641729336707416,4.126791231432873e-26
Tl-207,286.2,0.002421897905520424,-8.212339227513627e-17,8.212349551992853e-17,0,1.0324479225698036e-22,6.28385625935902e-24,0.006289308176100629,3.95211085494278e-26
Pb-212,38304,1.8095947696322715e-05,-7.046538509342123e-17,7.05534569103595e-17,-0,8.807181693826658e-20,4.005166215499156e-23,0.0009398496240601503,3.7642539619352965e-26
Kr-97,0.063,11.00233619936421,1.8363254569276463e-27,0,-0,1.8363254569276463e-27,5.077346730599411e-25,0.06349206349206349,3.2237122099043874e-26
Pm-148m,3567456,1.9429733136440794e-07,-1.3111502217058242e-13,1.311126007342339e-13,0,-2.421436348513823e-18,-1.1823393638455015e-23,0.002664083313150884,3.149850569702232e-26
Mo-110,0.3,2.3104906018664844,-1.3511260866240943e-19,1.3511261257714327e-19,-0,3.914733845887186e-27,2.2730485023258697e-25,0.13333333333333333,3.030731336434493e-26
Xe-144,1.15,0.6027366787477786,1.110829562353589e-26,0,-0,1.110829562353589e-26,1.6825861336984786e-25,0.1739130434782609,2.926236754258224e-26
Rh-106m,7860,8.818666419337726e-05,-8.672887923087372e-14,8.672887838056274e-14,0,-8.503109735489685e-22,-1.8844427789107063e-24,0.015267175572519083,2.8770118761995516e-26
In-119m,1080,0.0006418029449629123,-7.705513791318208e-15,7.705513897414983e-15,-0,1.0609677459686888e-22,1.7112211632385216e-24,0.016666666666666666,2.8520352720642027e-26
Pd-117,4.3,0.161197018734871,-8.762666935194999e-26,0,-0,-8.762666935194999e-26,-3.5497320025005317e-25,0.06976744186046512,2.4765572110468827e-26
I-130,44496,1.5577741382594957e-05,-4.007274726289031e-13,4.0072739538837914e-13,-0,-7.724052394750686e-20,-3.0237922973759145e-23,0.0008090614886731392,2.446433897553329e-26
Br-82,127015.2,5.457198670394924e-06,-1.483578797273683e-12,1.4835779219552457e-12,-0,-8.75318437172062e-19,-1.2004334727161137e-22,0.00019840145116489994,2.3816774301379728e-26
Rb-86,1609718,4.306016212528811e-07,-2.7127213633567305e-13,2.712699975400231e-13,-0,-2.138795649962114e-18,-2.3144468323094856e-23,0.0009661319560320504,2.236061045231346e-26
Pm-158,4.8,0.14440566261665527,-5.628719773978224e-26,0,-0,-5.628719773978224e-26,-2.0426601072916714e-25,0.10416666666666667,2.127770945095491e-26
Cu-76,0.653,1.061481134088737,-6.910759326491968e-19,6.910759541161683e-19,0,2.1466971561301064e-26,5.726447935906272e-25,0.03675344563552833,2.1046669289701458e-26
Eu-161,26,0.02665950694461328,-2.67250691901227e-25,0,0,-2.67250691901227e-25,-1.790495389841855e-25,0.11538461538461539,2.0659562190482944e-26
Cu-73,4.2,0.16503504299046315,-1.958280692917048e-18,1.958280758273878e-18,-0,6.535682978953538e-26,2.7106247816994233e-25,0.07142857142857142,1.9361605583567307e-26
Pm-152m2,828,0.0008371342760385812,-6.231695546531311e-23,0,0,-6.231695546531311e-23,-1.3110027645825465e-24,0.014492753623188406,1.9000040066413718e-26
Pm-150,9648,7.184361324211705e-05,-9.9475472368231e-14,9.947547101272288e-14,0,-1.3555081121648451e-21,-2.4473300514197476e-24,0.007462686567164179,1.8263657100147368e-26
Rh-118,0.266,2.6058164682704708,3.294302837022048e-27,0,0,3.294302837022048e-27,2.1572953158699435e-25,0.08082706766917293,1.743678544782097e-26
Pm-159,1.47,0.47152869425846616,1.3924854686620862e-26,0,-0,1.3924854686620862e-26,1.6500650054113252e-25,0.10204081632653061,1.6837398014401277e-26
Sb-136,0.923,0.7509720266088248,5.759214961438832e-26,0,0,5.759214961438832e-26,1.0868992888557356e-24,0.015167930660888408,1.6486013048732718e-26
As-77,139788,4.958559966234192e-06,-1.5209478249762865e-13,1.5209468088024947e-13,-0,-1.0161737918067323e-19,-1.2662685348320877e-23,0.0012876641771825909,1.6305286309967652e-26
Ru-111,2.12,0.3269562172452572,-5.953217707340888e-26,0,0,-5.953217707340888e-26,-4.891517603295568e-25,0.0330188679245283,1.6151237369372157e-26
Pd-111m,19800,3.50074333616134e-05,-1.4622842268523675e-15,1.4622833446842552e-15,0,-8.821681122532213e-22,-7.760932064785993e-25,0.01818181818181818,1.411078557233817e-26
Rb-100,0.051,13.59112118744991,2.551163682667984e-28,0,-0,2.551163682667984e-28,8.713564786664419e-26,0.15686274509803924,1.3668336920257915e-26
Ru-112,1.75,0.39608410317711157,-3.3591275066121125e-26,0,-0,-3.3591275066121125e-26,-3.343614172339389e-25,0.04,1.3374456689357557e-26
Kr-100,0.007,99.02102579427789,4.96061261725506e-30,0,-0,4.96061261725506e-30,1.2344258008880995e-26,1,1.2344258008880995e-26
Y-103,0.23,3.0136833937388925,1.8590274308636745e-27,0,-0,1.8590274308636745e-27,1.4079449644412045e-25,0.08695652173913043,1.2242999690793082e-26
Bi-215,462,0.0015003185726405741,-5.399587277940241e-21,5.387638054455126e-21,0,-1.1949223485114655e-23,-4.505317738040348e-25,0.025974025974025976,1.1702123994909995e-26
Sn-123m,2403.6,0.00028837875709766407,-2.720515077133787e-13,2.720515138730302e-13,-0,6.15965152431923e-21,4.4639740842053536e-23,0.00024962556165751375,1.114322037994347e-26
As-87,0.56,1.2377628224284736,2.3100974710197044e-27,0,-0,2.3100974710197044e-27,7.185715104203753e-26,0.14285714285714285,1.0265307291719647e-26
Kr-98,0.046,15.068416968694462,1.5287487709140842e-28,0,0,1.5287487709140842e-28,5.789032744138147e-26,0.17391304347826086,1.0067883033283733e-26
Pm-157,10.56,0.06563893755302512,-6.262498513841838e-25,0,0,-6.262498513841838e-25,-1.0330264332556417e-24,0.00946969696969697,9.78244728461782e-27
Ag-110m,21579260,3.2120989346249374e-08,-4.678730676273951e-14,4.671334036865458e-14,-0,-7.396639408493057e-17,-5.970705028435969e-23,0.00016015377728429984,9.562309633543834e-27
Mo-109,0.53,1.3078248689810288,2.533377854147185e-27,0,0,2.533377854147185e-27,8.326295444616116e-26,0.11320754716981131,9.42599484296164e-27
Sb-126m2,11,0.06301338005090412,-2.4597530663007512e-20,2.4597589658508742e-20,-0,5.899550122978977e-26,9.342302532396996e-26,0.1,9.342302532396996e-27
Nb-104m,0.94,0.7373906176169631,1.1555100022525483e-26,0,0,1.1555100022525483e-26,2.1412805511035013e-25,0.04255319148936171,9.111832132355325e-27
Sb-137,0.45,1.5403270679109895,2.097754088899799e-27,0,-0,2.097754088899799e-27,8.12025708981676e-26,0.11111111111111112,9.022507877574177e-27
As-86,0.945,0.7334890799576141,5.499639443029725e-26,0,-0,5.499639443029725e-26,1.0137482706818737e-24,0.008465608465608466,8.581995942280413e-27
Ga-72,50760,1.3655381807721538e-05,-1.600165579677866e-13,1.6001652376653643e-13,-0,-3.420125016167252e-20,-1.1736756232994402e-23,0.0007092198581560284,8.323940590776173e-27
Rh-114,1.85,0.37467415165402446,-3.1159611325777356e-26,0,-0,-3.1159611325777356e-26,-2.933918328649962e-25,0.02702702702702703,7.92950899635125e-27
Zn-73,23.5,0.029495624704678522,-7.840421970960507e-18,7.840422219986935e-18,-0,2.4902642880955513e-25,1.845887781780073e-25,0.0425531914893617,7.854841624596055e-27
Zr-105,0.6,1.1552453009332422,1.570254470227939e-27,0,-0,1.570254470227939e-27,4.5587576478181045e-26,0.16666666666666669,7.597929413030175e-27
Sb-124m,93,0.007453195489891885,-2.3199528413865516e-17,2.3199529125107374e-17,-0,7.112418578166757e-25,1.3321774438251739e-25,0.053763440860215055,7.16224432164072e-27
Ga-73,17496,3.9617465738451376e-05,-2.0335640282997063e-14,2.0335639195997876e-14,-0,-1.0869991871197906e-21,-1.0822265050522655e-24,0.006172839506172839,6.680410525013984e-27
Cd-120,50.8,0.013644629538581601,-4.534984639272827e-24,0,-0,-4.534984639272827e-24,-1.5550337703044072e-24,0.004133858267716535,6.428289207951289e-27
Tc-98,132542000000000,5.229641778152927e-15,-1.6481463663674371e-18,6.653821892599915e-13,-0,6.653805411136252e-13,8.744687479180937e-26,0.07142852831555281,6.246201572173357e-27
La-149,1.05,0.6601401719618526,-1.3063278741886887e-26,0,0,-1.3063278741886887e-26,-2.1671581808379257e-25,0.02857142857142857,6.191880516679787e-27
Se-79m,235.2,0.002947054339115414,-1.067045027523561e-15,1.0670450600906576e-15,-0,3.256709655844223e-23,2.4119563349271867e-24,0.0025510204081632655,6.152949833997926e-27
Nb-107,0.3,2.3104906018664844,3.011149699711103e-27,0,-0,3.011149699711103e-27,1.7483919941066044e-25,0.03,5.245175982319813e-27
Cu-72,6.63,0.10454708605730699,-1.377415959061353e-17,1.377416002054101e-17,-0,4.299274800381729e-25,1.1295602311666678e-24,0.004524886877828054,5.111132267722478e-27
Xe-145,0.188,3.6869530880848154,2.557923517002565e-27,0,-0,2.557923517002565e-27,2.370049531155315e-25,0.02127659574468085,5.042658576926202e-27
Ru-114,0.52,1.332975347230664,-1.4731269515026755e-27,0,-0,-1.4731269515026755e-27,-4.934743099359618e-26,0.09615384615384616,4.744945287845787e-27
Rh-102m,118088500,5.8697263540475596e-09,-5.547644778863816e-16,5.665618514394419e-16,-0,1.1797373553060376e-17,1.740225154334756e-24,0.0026723686049022555,4.650523067905385e-27
Rh-116,0.68,1.019334089058743,1.9824686641440248e-27,0,0,1.9824686641440248e-27,5.0783793078162e-26,0.08823529411764705,4.480922918661352e-27
Eu-162,10.6,0.06539124344905145,2.845978418146502e-26,0,0,2.845978418146502e-26,4.67685013897502e-26,0.09433962264150944,4.412122772617944e-27
Mo-108,1.09,0.6359148445504085,-1.4897638195098808e-26,0,-0,-1.4897638195098808e-26,-2.3807765799758905e-25,0.018348623853211007,4.368397394451175e-27
Cd-124,1.25,0.5545177444479562,-1.8668849382266075e-26,0,0,-1.8668849382266075e-26,-2.6015684416301966e-25,0.016,4.1625095066083144e-27
Ba-133,331862400,2.0886583733497536e-09,-9.134478081901371e-17,1.3377838178622992e-16,-0,4.2433600967216216e-17,2.2273042989028263e-24,0.0018224420723769851,4.0591330623066345e-27
Cd-127,0.37,1.8733707582701224,4.212585127200627e-28,0,-0,4.212585127200627e-28,1.98323730461099e-26,0.1891891891891892,3.752070576291062e-27
Dy-166,293760,2.359569650598942e-06,-2.362736870181855e-14,2.362731769168355e-14,-0,-5.101013500120458e-20,-3.0247642418562788e-24,0.0012254901960784314,3.706818923843479e-27
Gd-163,68,0.01019334089058743,-3.0730904866834997e-25,0,0,-3.0730904866834997e-25,-7.872164347858017e-26,0.04411764705882353,3.473013682878537e-27
Tc-111,0.29,2.3901626915860184,-8.135953050725474e-28,0,0,-8.135953050725474e-28,-4.8869528929765276e-26,0.06896551724137932,3.370312339983813e-27
Bi-212,3633,0.0001907919572144083,-4.323365133675602e-18,4.324057784697396e-18,-0,6.926510217943997e-22,3.321060583859462e-24,0.0009909165978530142,3.290894055021763e-27
Gd-164,45,0.015403270679109895,-1.1787524493981023e-25,0,0,-1.1787524493981023e-25,-4.5628670133513506e-26,0.06666666666666667,3.0419113422342336e-27
I-139,2.28,0.30401192129822163,-7.880831439956231e-26,0,0,-7.880831439956231e-26,-6.020948444518625e-25,0.004824561403508772,2.9048435477940734e-27
Zn-71,147,0.004715286942584662,-1.6756738009144642e-17,1.675673857093228e-17,-0,5.617876387797896e-25,6.65706137755137e-26,0.04081632653061224,2.7171679092046406e-27
Zn-79,0.995,0.6966303322210505,7.78233435522868e-27,0,-0,7.78233435522868e-27,1.3624310155530236e-25,0.01909547738693467,2.60162706487512e-27
Ho-167,11160,6.21099624157657e-05,-2.196474805606357e-15,2.196474755423397e-15,0,-5.0182960106315394e-23,-7.832849775746668e-26,0.03225806451612903,2.5267257341118283e-27
In-131m,0.35,1.9804205158855581,-3.5262345670569016e-28,0,-0,-3.5262345670569016e-28,-1.7549747442150272e-26,0.14285714285714288,2.507106777450039e-27
Rh-115,0.99,0.700148667232268,-2.6749032868315174e-27,0,0,-2.6749032868315174e-27,-4.706527565578839e-26,0.05050505050505051,2.377034124029717e-27
Dy-169,39,0.017773004629742187,-7.260688343298154e-19,7.26068859073245e-19,-0,2.4743429642089722e-26,1.1051545245867718e-26,0.20512820512820512,2.2669836401779932e-27
Ho-168,179.4,0.0038636966586396058,-3.075258866413521e-17,3.075258964936235e-17,-0,9.852271384659481e-25,9.566248192568693e-26,0.023411371237458196,2.2395898778588913e-27
Ni-69,11.4,0.06080238425964432,-1.4630219653695781e-18,1.4630220131398584e-18,-0,4.7770280235863035e-26,7.299290605863681e-26,0.02631578947368421,1.920865948911495e-27
Dy-167,372,0.0018632988724729713,-1.069308434221113e-16,1.0693084656006703e-16,0,3.137955733254752e-24,1.4693714246502314e-25,0.012903225806451613,1.8959631285809436e-27
Zn-81,0.32,2.166084939249829,2.174871794126436e-28,0,-0,2.174871794126436e-28,1.1838901288550242e-26,0.15625,1.8498283263359755e-27
Ga-77,13.2,0.0525111500424201,-8.976290468328849e-26,0,-0,-8.976290468328849e-26,-1.184542598244973e-25,0.015151515151515154,1.794761512492384e-27
Ag-122m,0.2,3.465735902799726,8.241222046973812e-29,0,-0,8.241222046973812e-29,7.177766676611734e-27,0.25,1.7944416691529336e-27
Kr-83m,6588,0.00010521359753490366,-9.700640401835487e-14,9.700640395886991e-14,-0,-5.948495901506597e-23,-1.572828221041841e-25,0.01092896174863388,1.7189379464938153e-27
Ge-77m,52.9,0.01310297127712562,-1.4455753119127265e-17,1.4455753556191894e-17,-0,4.370646282039381e-25,1.4391885829977849e-25,0.011342155009451797,1.632349999619416e-27
Pd-122,0.175,3.9608410317711162,1.7723921159342894e-28,0,-0,1.7723921159342894e-28,1.7642067430055435e-26,0.09142857142857144,1.6129890221764972e-27
Sn-135,0.53,1.3078248689810288,-1.2986964169267586e-27,0,0,-1.2986964169267586e-27,-4.268344748689946e-26,0.03773584905660377,1.6106961315811116e-27
Cs-146,0.321,2.159337011090172,-4.746314092241565e-27,0,0,-4.746314092241565e-27,-2.5756044048609034e-25,0.006230529595015576,1.6047379469538338e-27
Cu-70,44.5,0.015576341136178546,-2.7000467103151048e-17,2.7000467988305394e-17,0,8.851543456043659e-25,3.4648681406132442e-25,0.0044943820224719105,1.557244108140784e-27
As-85,2.021,0.3429723802869596,-3.561759179543382e-26,0,-0,-3.561759179543382e-26,-3.0699122058871766e-25,0.004948045522018803,1.519006534333091e-27
Zn-74,95.6,0.007250493520501521,-6.628587166280016e-25,0,0,-6.628587166280016e-25,-1.2077882388085822e-25,0.012552301255230125,1.516052182604915e-27
In-131,0.28,2.475525644856947,-2.250246109626179e-28,0,-0,-2.250246109626179e-28,-1.3999086757996498e-26,0.10714285714285712,1.4999021526424816e-27
Cs-147,0.23,3.0136833937388925,3.974326901763186e-27,0,-0,3.974326901763186e-27,3.0099790113269334e-25,0.004347826086956522,1.3086865266638841e-27
Dy-168,522,0.0013278681619922324,-4.249472195175952e-17,4.249472304128005e-17,-0,1.0895205282227132e-24,3.6357384344655023e-26,0.034482758620689655,1.25370290843638e-27
In-118m,267,0.0025960568560297577,-5.0803617585624956e-17,5.080361921208317e-17,0,1.626458216486305e-24,1.0611074562546593e-25,0.011235955056179775,1.19225556882546e-27
Pd-121,0.285,2.432095370385773,2.254578245383601e-28,0,-0,2.254578245383601e-28,1.377996672865097e-26,0.08421052631578949,1.1604182508337662e-27
Pm-145,558569500,1.2409327407958102e-09,-1.398457432503243e-18,2.9422671513075245e-18,-0,1.5438097188042816e-18,4.8144232707465117e-26,0.02259887086566667,1.0880052978826099e-27
Rh-117,0.44,1.575334501272603,-2.848316806573597e-28,0,-0,-2.848316806573597e-28,-1.12762146097696e-26,0.09090909090909091,1.0251104190699635e-27
Ag-118,3.76,0.18434765440424078,-5.421175400195234e-27,0,0,-5.421175400195234e-27,-2.5115008580474607e-26,0.0398936170212766,1.0019285337955296e-27
Rh-119,0.171,4.053492283976288,9.141550866033007e-29,0,-0,9.141550866033007e-29,9.312182669503547e-27,0.10526315789473682,9.802297546845837e-28
Cu-69,171,0.004053492283976288,-5.5462304611894436e-18,5.546230642681926e-18,-0,1.8149248274412372e-25,1.8488013436919357e-26,0.05263157894736842,9.730533387852292e-28
Ag-123,0.3,2.3104906018664844,9.312201761368956e-28,0,-0,9.312201761368956e-28,5.407030745978847e-26,0.016666666666666666,9.011717909964744e-28
Rb-86m,61.02,0.011359344158635615,-3.320182693513778e-17,3.320182798838486e-17,-0,1.0532470767750341e-24,3.0066700808754846e-25,0.002949852507374631,8.869233276918833e-28
Cs-134m,10483.2,6.611980889040992e-05,-3.9427400275951676e-16,3.942732364944545e-16,-0,-7.662650622735601e-22,-1.2732476106587749e-24,0.0006868131868131868,8.744832490788289e-28
Br-82m,367.8,0.0018845763473625482,-3.749907313927221e-18,3.7499051419265295e-18,-0,-2.1720006916519706e-24,-1.0286697083039233e-25,0.008156606851549755,8.390454390733467e-28
Ga-74m,9.5,0.07296286111157319,-1.2997289874218838e-19,1.2997290268296352e-19,0,3.940775139111348e-27,7.225797163603412e-27,0.10526315789473684,7.606102277477276e-28
Sm-161,4.8,0.14440566261665527,-1.231042094500677e-27,0,0,-1.231042094500677e-27,-4.4674467335510404e-27,0.16666666666666669,7.4457445559184015e-28
Sr-101,0.118,5.874128648813096,1.9813259574866937e-28,0,-0,1.9813259574866937e-28,2.9248368033681924e-26,0.025423728813559324,7.436025771275066e-28
Co-68,0.199,3.4831516611052526,-4.226367115697097e-21,4.226367192684589e-21,0,7.698749223196378e-29,6.738990027844467e-27,0.10552763819095477,7.111497014308231e-28
Rb-84,2835648,2.4444048787435723e-07,-3.7607179569499944e-15,3.760664231970018e-15,0,-5.372497997613726e-20,-3.300286629572311e-25,0.0021328458257160268,7.039002561549719e-28
Ru-115,0.74,0.9366853791350612,-2.553580855678505e-28,0,0,-2.553580855678505e-28,-6.010984538474433e-27,0.10810810810810811,6.498361663215603e-28
Xe-147,0.1,6.931471805599452,-4.706276713540034e-30,0,-0,-4.706276713540034e-30,-8.19794830737893e-28,0.7499999999999999,6.148461230534196e-28
Ru-116,0.204,3.3977802968624773,-4.786268338143581e-29,0,0,-4.786268338143581e-29,-4.086905471227892e-27,0.14950980392156862,6.110324356492682e-28
I-142,0.222,3.1222845971168707,1.2965983576549306e-28,0,-0,1.2965983576549306e-28,1.0173730042845072e-26,0.05405405405405406,5.499313536673012e-28
Ga-84,0.085,8.154672712469944,2.2371019038831977e-29,0,0,2.2371019038831977e-29,4.5845272507495435e-27,0.11764705882352941,5.393561471470051e-28
Tc-100,15.46,0.04483487584475713,-1.1752225995803866e-18,1.175222637434146e-18,-0,3.785375939685049e-26,4.265080618744884e-26,0.012289780077619663,5.241690281769262e-28
Cu-68,31.1,0.022287690693245828,-5.927354611702361e-19,5.9273548024403465e-19,0,1.9073798590157344e-26,1.0683277765526185e-26,0.04823151125401929,5.152706317777902e-28
Gd-165,10.3,0.06729584277281021,-1.938334473973045e-27,0,0,-1.938334473973045e-27,-3.2780774633848076e-27,0.1553398058252427,5.092159166423002e-28
Cd-126,0.515,1.3459168554562044,4.430588355553225e-28,0,-0,4.430588355553225e-28,1.498586754029548e-26,0.03300970873786408,4.946791226893654e-28
Sb-124m2,1212,0.0005719036143233872,-7.996686533132569e-20,7.996375892256073e-20,0,-3.1064087649596414e-24,-4.464611771061164e-26,0.009900990099009901,4.420407694119964e-28
Y-89m,15.663,0.04425379432803073,-3.815542334831178e-17,3.815542458427065e-17,0,1.2359588734706692e-24,1.3745381204684927e-24,0.00031922364808785036,4.387850732517694e-28
Zn-71m,14256,4.862143522446305e-05,-7.005697458204946e-16,7.00569719323256e-16,-0,-2.649723866651627e-23,-3.2376555861961356e-26,0.012626262626262626,4.087948972469868e-28
Ge-73m,0.499,1.389072506132155,-1.763333200748404e-20,1.763333252786491e-20,-0,5.203808723510558e-28,1.8165547677155373e-26,0.022044088176352703,4.0044293476695207e-28
Sm-162,2.4,0.28881132523331055,2.4544051211270934e-28,0,0,2.4544051211270934e-28,1.7814052322293106e-27,0.20833333333333334,3.7112609004777307e-28
Cd-129,0.27,2.567211779851649,3.4108713976395296e-29,0,-0,3.4108713976395296e-29,2.2005401551190875e-27,0.14814814814814814,3.2600594890653146e-28
Te-123m,10298880,6.730316117480205e-08,-4.343225625983305e-15,4.3429993865685764e-15,-0,-2.2623941472860543e-19,-3.826537621747549e-25,0.0008389261744966443,3.2101825685801584e-28
Ge-75m,47.7,0.014531387433122541,-2.640044297449233e-18,2.640044381086574e-18,-0,8.363734120597703e-26,3.054284977852477e-26,0.010482180293501047,3.2015565805581516e-28
Ho-170,165.6,0.004185671380192907,-5.05395786747596e-18,5.053958034753869e-18,-0,1.6727790872979689e-25,1.759567674325959e-26,0.018115942028985508,3.1876225984165923e-28
Sn-136,0.25,2.772588722239781,3.654676058241407e-29,0,0,3.654676058241407e-29,2.546458462119799e-27,0.12,3.055750154543759e-28
Ga-82,0.599,1.1571739241401424,2.9676745352679354e-27,0,-0,2.9676745352679354e-27,8.630126559424184e-26,0.00333889816360601,2.881511372094886e-28
Ho-166,96480,7.184361324211705e-06,-4.1730307063550656e-15,4.1730288846908755e-15,0,-1.82166419010431e-21,-3.2889611475046087e-25,0.0007462686567164179,2.454448617540753e-28
Ni-68,29,0.02390162691586018,5.8444483870598886e-27,0,0,5.8444483870598886e-27,3.510534509592274e-27,0.06896551724137931,2.4210582824774307e-28
Er-172,177480,3.905494594094801e-06,-1.5461611481474528e-16,1.5461587745502094e-16,0,-2.3735972434129525e-22,-2.3296212854440114e-26,0.010141987829614604,2.3626990724584296e-28
Kr-99,0.027,25.672117798516492,4.890944130023636e-31,0,-0,4.890944130023636e-31,3.155416226483728e-28,0.7407407407407408,2.3373453529509095e-28
Mo-114,0.08,8.664339756999317,-1.0677020310392772e-29,0,-0,-1.0677020310392772e-29,-2.3248117861836158e-27,0.1,2.3248117861836157e-28
Zn-80,0.54,1.2836058899258245,-1.8672173227133314e-28,0,-0,-1.8672173227133314e-28,-6.023221367724636e-27,0.037037037037037035,2.230822728786902e-28
Tl-208,183.18,0.0037839675759359388,-2.1248985393535093e-18,2.1249002055436066e-18,-0,1.6661900973129752e-24,1.5844342112485988e-25,0.0013101867016049786,2.0759046331458877e-28
I-130m,530.4,0.0013068385757163373,-8.104457302826071e-17,8.104457209698606e-17,-0,-9.312746546938531e-25,-3.058454225065607e-26,0.006787330316742082,2.0758739084155704e-28
Cu-77,0.469,1.4779257581235508,3.269671795019803e-28,0,-0,3.269671795019803e-28,1.2143923846082e-26,0.017057569296375266,2.0714582253444774e-28
Ru-118,0.123,5.635342931381669,-4.324961152733812e-30,0,0,-4.324961152733812e-30,-6.124981994449204e-28,0.33739837398373984,2.066558965606845e-28
Co-66,0.2,3.465735902799726,-1.2837614838855566e-21,1.2837615074156593e-21,-0,2.3530102698093452e-29,2.049375518351007e-27,0.09999999999999999,2.0493755183510067e-28
Cd-128,0.28,2.475525644856947,1.835695811570877e-29,0,-0,1.835695811570877e-29,1.1420113034542952e-27,0.14285714285714285,1.6314447192204217e-28
Eu-163,7.7,0.09001911435843445,-1.361980678815721e-27,0,0,-1.361980678815721e-27,-3.0811152132758814e-27,0.05194805194805195,1.6005793315718866e-28
Pd-120,0.5,1.3862943611198906,2.0572783665944453e-29,0,-0,2.0572783665944453e-29,7.167220599123727e-28,0.2,1.4334441198247456e-28
Ge-85,0.535,1.2956022066541033,4.5319648694705167e-29,0,-0,4.5319648694705167e-29,1.475572217131186e-27,0.08785046728971962,1.2962970879470234e-28
Pr-143,1172448,5.911965226261167e-07,-1.0159352584175416e-15,1.0159295140115e-15,-0,-5.74440604172708e-21,-8.534523076284239e-26,0.0014738393515106854,1.2578515956203743e-28
As-76,94464,7.337686108569881e-06,-4.642718453188822e-16,4.642716466389156e-16,0,-1.9867996666798832e-22,-3.6636625389168765e-26,0.003429878048780488,1.2565915720370385e-28
Tb-167,19.4,0.03572923611133739,-9.823706423132637e-28,0,0,-9.823706423132637e-28,-8.820665688494747e-28,0.1391752577319588,1.2276184205637022e-28
In-133,0.165,4.200892003393608,6.120779373590237e-29,0,-0,6.120779373590237e-29,6.4617551564831554e-27,0.01818181818181818,1.1748645739060282e-28
Fe-66,0.44,1.575334501272603,1.984436536368905e-29,0,-0,1.984436536368905e-29,7.856195003280594e-28,0.13636363636363635,1.0712993186291717e-28
Rn-220,55.6,0.012466675909351533,-4.3364679044263415e-22,4.338324829888707e-22,-0,1.8569254623658221e-25,5.817647412534841e-26,0.0017985611510791368,1.0463394626861226e-28
Pd-107m,21.3,0.032542121153049074,-1.6684997843152454e-19,1.6684998385558713e-19,-0,5.424062585848989e-27,4.4358086699684695e-27,0.023474178403755867,1.0412696408376688e-28
Se-81m,3436.8,0.0002016838863361107,-1.0781075153530889e-14,1.0781075206580832e-14,-0,5.304994293213954e-23,2.688799249339337e-25,0.0003491620111731843,9.388265535402712e-29
Cu-78,0.335,2.0690960613729708,4.4313773827457496e-29,0,-0,4.4313773827457496e-29,2.304207822075428e-27,0.03283582089552239,7.566055535173047e-29
Co-67,0.425,1.630934542493989,-1.411888148969688e-21,1.4118881881215803e-21,-0,3.915189242554966e-29,1.6046914754466959e-27,0.047058823529411764,7.551489296219745e-29
Sb-122,235336.3,2.9453474902084604e-06,-1.21032458516924e-14,1.2103232031208131e-14,0,-1.3820484268177492e-20,-1.0229680191642148e-24,7.34268364039037e-05,7.511330538959622e-29
Tc-112,0.28,2.475525644856947,-1.1023771672550387e-29,0,-0,-1.1023771672550387e-29,-6.858038122328485e-28,0.10714285714285712,7.34789798820909e-29
Pm-148,463795.2,1.4945113286207905e-06,-2.1162312970982255e-15,2.1162263291726403e-15,0,-4.967925585225277e-21,-1.8658492362681082e-25,0.00037257824143070045,6.951748272235873e-29
Sr-102,0.069,10.045611312462974,-3.0586157412555784e-30,0,-0,-3.0586157412555784e-30,-7.721533241103972e-28,0.08695652173913043,6.714376731394757e-29
Se-77m,17.36,0.03992783298156367,-6.814515969505968e-19,6.814516199414199e-19,-0,2.2990823088972135e-26,2.3069199013491618e-26,0.002880184331797235,6.644354554577079e-29
Ga-83,0.3081,2.249747421486353,3.6167497267804516e-28,0,-0,3.6167497267804516e-28,2.0448171354579866e-26,0.003245699448231094,6.636861848289473e-29
Ag-120,1.23,0.5635342931381669,1.4029896830474963e-28,0,-0,1.4029896830474963e-28,1.986904909338223e-27,0.032520325203252036,6.461479379961701e-29
Tm-172,228960,3.0273723819005295e-06,-1.6220342171501046e-16,1.6220324601472597e-16,0,-1.7570028448978767e-22,-1.3367203666241894e-26,0.0047169811320754715,6.305284748227309e-29
Ge-75,4966.8,0.00013955608853989394,-3.6021388556121766e-15,3.602138892626885e-15,-0,3.701470814714414e-23,1.2981514830002452e-25,0.00048320850446967865,6.272778366756439e-29
In-118m2,8.5,0.08154672712469944,-2.6716358249593892e-20,2.671635910539014e-20,0,8.557962483541222e-28,1.7537963804234214e-27,0.03529411764705882,6.189869577965017e-29
Kr-81,7226690000000,9.591489057368523e-14,-2.2509410946035745e-20,4.961250095220669e-16,-0,4.961025001111209e-16,1.195803188609865e-27,0.048034992506943014,5.744039720465343e-29
Cs-148,0.146,4.747583428492776,-1.1464797008001117e-29,0,-0,-1.1464797008001117e-29,-1.3678586801595174e-27,0.04109589041095891,5.621337041751442e-29
Ni-72,1.57,0.4414950194649333,1.58352014047525e-28,0,-0,1.58352014047525e-28,1.7569186617860207e-27,0.03184713375796178,5.595282362375861e-29
Ba-135m,103320,6.708741584978177e-06,-9.582613712528131e-17,9.582608951472357e-17,0,-4.761055773797912e-23,-8.02687663631705e-27,0.006968641114982578,5.593642255273206e-29
Ho-170m,43,0.0161197018734871,-8.829817470220377e-20,8.829817763770646e-20,-0,2.9355026980874544e-27,1.1891639780321979e-27,0.046511627906976744,5.530995246661386e-29
Ni-70,6,0.11552453009332421,3.3665370983685546e-28,0,0,3.3665370983685546e-28,9.77371950523612e-28,0.049999999999999996,4.88685975261806e-29
Cu-70m,33,0.02100446001696804,-1.5019104423082741e-27,0,0,-1.5019104423082741e-27,-7.927893616813037e-28,0.06060606060606061,4.8047840101897195e-29
Ba-149,0.344,2.014962734185888,4.639352868922829e-29,0,-0,4.639352868922829e-29,2.349236178822872e-27,0.020348837209302327,4.7804224569070075e-29
Rh-121,0.151,4.590378679204936,-9.788875341366074e-31,0,-0,-9.788875341366074e-31,-1.1292330162918255e-28,0.4139072847682119,4.673977716439675e-29
Ag-130,0.05,13.862943611198904,-1.1680822895988544e-30,0,-0,-1.1680822895988544e-30,-4.069407224333527e-28,0.09999999999999999,4.069407224333527e-29
Y-88,9212486,7.523997111745356e-08,-2.2812111267370114e-15,2.281106387672239e-15,0,-1.0473906477233984e-19,-1.9804303246014708e-25,0.0001969500957721944,3.900459421004177e-29
Eu-152m2,5760,0.00012033805218054606,-3.0866647792893954e-20,3.0867785516927173e-20,-0,1.1377240332189831e-24,3.440663225213989e-27,0.010416666666666666,3.5840241929312387e-29
Ge-87,0.14,4.951051289713894,-2.571732028756139e-30,0,-0,-2.571732028756139e-30,-3.1998188673554756e-28,0.09999999999999999,3.1998188673554753e-29
Tm-171,60590590,1.1439848672210409e-08,-2.6480893793990666e-16,2.647877733354853e-16,-0,-2.1164604421346162e-20,-6.084609218321257e-27,0.005208333505252218,3.1690674058149116e-29
Ni-73,0.84,0.8251752149523158,4.1448609011908574e-29,0,-0,4.1448609011908574e-29,8.595247590530977e-28,0.03571428571428571,3.0697312823324915e-29
Rn-217,0.00054,1283.6058899258246,-1.0166341110222965e-32,0,-0,-1.0166341110222965e-32,-3.279432032993916e-28,0.0925925925925926,3.0365111416610337e-29
Y-104,0.18,3.850817669777474,-9.258995633860975e-31,0,0,-9.258995633860975e-31,-8.960228624780587e-29,0.3333333333333333,2.9867428749268623e-29
Rb-101,0.032,21.66084939249829,-3.465326861513043e-31,0,-0,-3.465326861513043e-31,-1.886348554283081e-28,0.15625,2.947419616067314e-29
Ni-66,196560,3.526389807488529e-06,-6.04583927754435e-23,0,-0,-6.04583927754435e-23,-5.357832978731251e-27,0.005494505494505495,2.94386427402816e-29
Cu-67,222588,3.1140366082625535e-06,-1.8256982348043182e-16,1.8256963200922635e-16,-0,-1.9147120546272817e-22,-1.4984057850761885e-26,0.0019408054342552159,2.9081140903953196e-29
Cu-79,0.188,3.6869530880848154,2.1043205686085945e-30,0,-0,2.1043205686085945e-30,1.9497627446169979e-28,0.13297872340425532,2.592769607203455e-29
Fe-68,0.187,3.7066694147590655,8.541992446747448e-30,0,0,8.541992446747448e-30,7.956925528562838e-28,0.03208556149732621,2.553024233763478e-29
Rh-102,17910720,3.8700129339297656e-08,-2.0875105886575247e-17,2.0872547521449024e-17,-0,-2.5583651262228574e-21,-2.4881536675462183e-27,0.008200675349734683,2.0404540447798218e-29
Ce-139,11892180,5.828596443712972e-08,-1.4902496036125209e-15,1.4901582559212407e-15,0,-9.134769128015383e-20,-1.3380237377047181e-25,0.00014530557055140436,1.9442230261850668e-29
Tb-166,25.1,0.027615425520316542,-3.2506192268757756e-28,0,-0,-3.2506192268757756e-28,-2.2559013034497116e-28,0.08366533864541832,1.8874074650376073e-29
Ni-76,0.238,2.9123831115964087,3.5935569264523414e-30,0,0,3.5935569264523414e-30,2.6301183349000676e-28,0.06932773109243698,1.8234013666324e-29
Zr-107,0.15,4.620981203732969,1.5219698408843098e-30,0,-0,1.5219698408843098e-30,1.7674311478629791e-28,0.1,1.7674311478629791e-29
Cu-71,19.5,0.035546009259484375,-2.2910747062633894e-28,0,-0,-2.2910747062633894e-28,-2.046597108338012e-28,0.08205128205128205,1.679259165815805e-29
In-134,0.14,4.951051289713894,4.591334026931498e-30,0,0,4.591334026931498e-30,5.712662548598564e-28,0.02857142857142857,1.6321892995995898e-29
Cu-75,1.224,0.5662967161437462,4.565702316801497e-28,0,-0,4.565702316801497e-28,6.497613749814424e-27,0.0024509803921568627,1.592552389660398e-29
Mo-113,0.1,6.931471805599452,-8.72703873618628e-31,0,-0,-8.72703873618628e-31,-1.5201786208175133e-28,0.09999999999999999,1.5201786208175132e-29
Nb-108,0.193,3.5914361687043797,1.7296315408546704e-30,0,-0,1.7296315408546704e-30,1.5610758461856756e-28,0.08808290155440415,1.3750409007853103e-29
Cs-132,559872,1.2380458043266055e-06,-1.455025187941557e-16,1.4550206691325346e-16,-0,-4.518809022252405e-22,-1.4059275966746686e-26,0.0009259259259259259,1.301784811735804e-29
Rh-101,104140100,6.655910456778372e-09,-7.194781386040133e-20,7.268032888653367e-20,-0,7.325150261323388e-22,1.2252543817502962e-28,0.0909090734500927,1.1138674058558561e-29
Ni-74,0.68,1.019334089058743,1.5543112978742265e-30,0,-0,1.5543112978742265e-30,3.9815924840544997e-29,0.2647058823529411,1.053950951661485e-29
Er-167m,2.269,0.30548575608635753,-1.5077142769158406e-20,1.5077143280579142e-20,0,5.1142073606309935e-28,3.92619218180444e-27,0.002644336712208021,1.038217412552959e-29
Tb-168,8.2,0.08453014397072504,-2.8827512000582585e-29,0,-0,-2.8827512000582585e-29,-6.123800389631057e-29,0.1585365853658537,9.708464032341921e-30
Po-211,0.516,1.3433084894572582,-1.4143199159951718e-21,1.414319961587093e-21,0,4.5591921169410954e-29,1.5390967044948897e-27,0.005813953488372093,8.948236654040056e-30
Co-69,0.22,3.150669002545206,1.2294670328809707e-30,0,0,1.2294670328809707e-30,9.734685472070057e-29,0.09090909090909091,8.849714065518233e-30
Sb-120m,497664,1.3928015298674312e-06,-2.863185853362558e-17,2.8631786181364696e-17,-0,-7.235226088402205e-23,-2.532465849462738e-27,0.003472222222222222,8.793284199523394e-30
Rb-83,7447680,9.306887252942464e-08,-8.262627106247821e-17,8.2623112440015e-17,-0,-3.15862246321639e-21,-7.387617955446147e-27,0.001160092807424594,8.570322454113858e-30
Ni-75,0.6,1.1552453009332422,-8.843228893792568e-31,0,-0,-8.843228893792568e-31,-2.567363323291854e-29,0.33333333333333337,8.557877744306181e-30
Cd-132,0.097,7.145847222267477,4.455490137244212e-31,0,-0,4.455490137244212e-31,8.001132624743982e-29,0.10309278350515463,8.24859033478761e-30
Ni-67,21,0.033007008598092635,-4.952492554596019e-21,4.952492719601565e-21,-0,1.650055465996144e-28,1.368695896576025e-28,0.047619047619047616,6.517599507504881e-30
La-138,3.21888e+18,2.1533799972659598e-19,-1.2053321783139906e-20,1.1817112031302897e-10,-0,1.1817112030097565e-10,6.394907739025466e-28,0.009803906949000895,6.2695080420851364e-30
Ru-117,0.142,4.881318172957362,-4.027791328523374e-31,0,-0,-4.027791328523374e-31,-4.940903081345426e-29,0.12323943661971833,6.089141121376406e-30
At-219,56,0.012377628224284737,3.475295507208039e-28,0,0,3.475295507208039e-28,1.0810142745489044e-28,0.05357142857142857,5.7911478993691306e-30
Dy-165,8402.4,8.24939517947188e-05,-6.171554074931762e-16,6.171554027418941e-16,0,-4.751282115052537e-24,-9.849976230791e-27,0.0004284490145672665,4.220212609593402e-30
Nb-92,1.09505e+15,6.32982220501297e-16,-1.1299876123363404e-21,3.769165041017604e-15,-0,3.769163911029992e-15,5.9956847736673e-29,0.06916414775581024,4.146864275831868e-30
Eu-165,2.3,0.3013683393738893,-6.189206695153231e-30,0,0,-6.189206695153231e-30,-4.687430780017252e-29,0.08695652173913045,4.0760267652323936e-30
Gd-166,4.8,0.14440566261665527,-4.895232436146257e-30,0,-0,-4.895232436146257e-30,-1.776477851937716e-29,0.20833333333333334,3.7009955248702414e-30
Tc-115,0.073,9.495166856985552,-3.836749920986339e-32,0,0,-3.836749920986339e-32,-9.155210823811205e-30,0.36986301369863017,3.3861738663411306e-30
Ce-139m,54.8,0.012648671178101192,-1.768643537028893e-20,1.7686435915674012e-20,0,5.453850823928205e-28,1.733606046772892e-28,0.018248175182481754,3.163514683892139e-30
Rh-104m,260.4,0.0026618555321042446,-2.01111283673217e-19,2.0111128990950295e-19,0,6.236285936112142e-27,4.171696994302544e-28,0.0069124423963133645,2.883661516798994e-30
Pd-109m,281.4,0.002463209596872585,-1.8845630388446615e-18,1.884563058719107e-18,0,1.987444570515552e-26,1.2302649432792095e-27,0.0021321961620469083,2.6231661903607877e-30
Sr-87m,10134,6.839818241167804e-05,-2.261325508290347e-17,2.2613254728308232e-17,0,-3.545952387089715e-25,-6.095084301531803e-28,0.004262877442273535,2.5982597377755468e-30
Po-216,0.145,4.780325383172037,-2.630410668701985e-26,2.6305369014654206e-26,-0,1.2623276343550544e-30,1.5164629505932493e-28,0.013793103448275864,2.0916730353010336e-30
Sb-122m,251.46,0.0027564908158750705,-1.6033634360683607e-18,1.6033634775456423e-18,0,4.147728160919739e-26,2.8732213900789043e-27,0.0007158196134574087,2.05670822482384e-30
Cs-135,72582500000000,9.549783771018431e-15,6.164663615400942e-17,0,0,6.164663615400942e-17,1.4794666428778426e-29,0.13043474666758517,1.929738567669141e-30
Fe-67,0.416,1.66621918403833,4.945106310462945e-31,0,-0,4.945106310462945e-31,2.0706658391071123e-29,0.06971153846153846,1.4434930128390928e-30
Pr-142,68832,1.0070129889585444e-05,-7.458506733009363e-18,7.45850427739223e-18,-0,-2.4556171334929995e-24,-6.214382530734136e-28,0.0020920502092050207,1.3000800273502375e-30
Sn-121,97308,7.1232291338836e-06,-4.798994464143597e-24,0,-0,-4.798994464143597e-24,-8.59071713503564e-28,0.0014798372179060304,1.2712862944928806e-30
Sn-137,0.19,3.648143055578659,4.0574132230569185e-32,0,0,4.0574132230569185e-32,3.719832256826373e-30,0.3157894736842105,1.1746838705767492e-30
Rh-104,42.3,0.016386458169265847,-7.851687284899211e-21,7.851687547172264e-21,0,2.6227305255795317e-28,1.0800429352043868e-28,0.009456264775413713,1.0213171964107678e-30
Ni-78,0.11,6.301338005090412,-8.663941221986536e-33,0,-0,-8.663941221986536e-33,-1.3719886827206462e-30,0.7272727272727273,9.978099510695609e-31
Er-171,27057.6,2.561746720181928e-05,-5.660368776816425e-17,5.66036820665775e-17,-0,-5.701586757185876e-24,-3.6705756709951064e-27,0.0002660989888238425,9.76736474453195e-31
Mn-68,0.028,24.755256448569472,7.486059728728755e-33,0,0,7.486059728728755e-33,4.65717946004702e-30,0.14285714285714285,6.653113514352885e-31
Tb-156,462240,1.4995395910348418e-06,-2.480292248354949e-19,2.480282839334337e-19,0,-9.409020611888866e-25,-3.5457214304787986e-29,0.018691588785046728,6.627516692483736e-31
Tc-97,132857000000000,5.217242452862441e-15,-3.086578704033766e-22,1.2563091316847426e-16,-0,1.2563060451060386e-16,1.6471711414674238e-29,0.03800492258593827,6.260061171726101e-31
Tb-169,2,0.34657359027997264,7.146629494807245e-31,0,0,7.146629494807245e-31,6.224421420213312e-30,0.1,6.224421420213313e-31
Dy-165m,75.42,0.009190495631927144,-1.685410291296408e-20,1.6854103476076044e-20,-0,5.63111964518927e-28,1.3005766234361737e-28,0.0047732696897374695,6.20800297582899e-31
Te-121m,14186880,4.885832406843121e-08,-3.539841767025679e-19,3.5389797912489297e-19,-0,-8.619757767495873e-23,-1.0583660081350707e-28,0.0048721071863581,5.156472634032013e-31
Cu-66,307.2,0.0022563384783852386,-9.893031677390134e-20,9.893032002159153e-20,-0,3.2476901883569165e-27,1.8415397547603022e-28,0.002734375,5.0354602669227006e-31
In-135,0.092,7.534208484347231,2.244300336283929e-32,0,0,2.244300336283929e-32,4.249333959123782e-30,0.10869565217391305,4.6188412599171545e-31
Sr-85,5602176,1.2372820499747694e-07,-1.6203449452426363e-17,1.6202994439029147e-17,0,-4.550133972167903e-22,-1.414800329266079e-27,0.00030845157310302283,4.363973871887968e-31
Mo-111,0.2,3.465735902799726,4.81794340843065e-32,0,0,4.81794340843065e-32,4.196231268824174e-30,0.09999999999999999,4.196231268824174e-31
Nb-91,21459200000,3.23006999589894e-11,-4.171926483826102e-23,2.7332365183681914e-21,-0,2.6915172535299303e-21,2.18479834207559e-30,0.19117627870563675,4.176816167602561e-31
Zn-69m,49536,1.3992796765179774e-05,-3.809538839047579e-18,3.8095380427971335e-18,-0,-7.962504457356169e-25,-2.799989937797233e-28,0.0014534883720930232,4.069752816565745e-31
Tc-97m,7862400,8.815974518721323e-08,-6.481762194025506e-19,6.481487935184076e-19,-0,-2.742588414295396e-23,-6.076216211939456e-29,0.006593406593406593,4.006296403476564e-31
Ho-171,53,0.013078248689810288,-2.5990003302330413e-29,0,-0,-2.5990003302330413e-29,-8.541972755761645e-30,0.03773584905660377,3.223385945570432e-31
Br-80,1060.8,0.0006534192878581686,-5.929611983911141e-19,5.929612149645545e-19,-0,1.6573440395371182e-26,2.7214908376175826e-28,0.0011312217194570137,3.07860954481627e-31
Fe-69,0.109,6.359148445504085,-2.1922899113174613e-32,0,0,-2.1922899113174613e-32,-3.5034764632014996e-30,0.08256880733944953,2.8927787310838067e-31
Ho-172,25,0.027725887222397813,-3.3774431581611334e-30,0,0,-3.3774431581611334e-30,-2.353291666174791e-30,0.12,2.823949999409749e-31
Cu-68m,225,0.003080654135821979,-2.3334181870389206e-28,0,0,-2.3334181870389206e-28,-1.8064992152390676e-29,0.013333333333333334,2.408665620318757e-31
In-116m,3257.4,0.00021279154557620963,-9.135902591171558e-19,9.135902734131662e-19,0,1.429601042128129e-26,7.644894225243689e-29,0.003131331736968134,2.3938699913269973e-31
Rh-120,0.136,5.096670445293715,1.708357846150296e-32,0,-0,1.708357846150296e-32,2.1881024636475243e-30,0.09926470588235294,2.1720134749442333e-31
Gd-153,20770560,3.337161735456075e-08,-5.47083252841333e-19,5.470242476893222e-19,-0,-5.900515201079099e-23,-4.94845294136945e-29,0.004159733777038269,2.0584246844298876e-31
Nb-94m,375.78,0.0018445558054179182,-7.479066733586985e-20,7.479067356008803e-20,-0,6.224218179451233e-27,2.8852195247583303e-28,0.0006386715631486508,1.8427076639044101e-31
Mn-66,0.064,10.830424696249144,-2.1546565287669128e-32,0,-0,-2.1546565287669128e-32,-5.86442980769993e-30,0.03125,1.832634314906228e-31
As-74,1535328,4.514652117071696e-07,-1.884296403186984e-18,1.8842822446482527e-18,0,-1.4158538731305263e-23,-1.6063677619755774e-28,0.0011254924029262803,1.8079547124092036e-31
Cr-66,0.01,69.31471805599453,-1.6205094080166047e-34,0,-0,-1.6205094080166047e-34,-2.8227945714115413e-31,0.6,1.6936767428469248e-31
Co-74,0.03,23.104906018664845,2.8554989889872577e-33,0,-0,2.8554989889872577e-33,1.6580150671365895e-30,0.1,1.6580150671365896e-31
Pr-142m,876,0.000791263904748796,-2.1770231210720325e-28,0,-0,-2.1770231210720325e-28,-4.3289906935525304e-30,0.03424657534246575,1.482531059435798e-31
Ni-71,2.56,0.27076061740622864,-1.8092426638816742e-30,0,-0,-1.8092426638816742e-30,-1.2310751697281203e-29,0.01171875,1.442666214525141e-31
Br-80m,15913.8,4.3556358667316754e-05,-3.0674389337964214e-18,3.0674382550431432e-18,-0,-6.787532781772594e-25,-7.429605624034493e-28,0.00018097500282773443,1.3445728988185941e-31
Co-72,0.0599,11.571739241401424,-1.5214676537345302e-32,0,-0,-1.5214676537345302e-32,-4.424494078362165e-30,0.028380634390651083,1.2556994880159732e-31
Fe-65,0.81,0.8557372599505497,-3.1172990518161945e-24,3.117299143251982e-24,-0,9.143578730375134e-32,1.96634132571985e-30,0.06172839506172839,1.2137909418023763e-31
Er-169,811468.8,8.541883317755966e-07,-7.136958988463769e-19,7.136930987187264e-19,0,-2.800127650560155e-24,-6.010819970057257e-29,0.0019165247018739352,1.151988495113188e-31
Se-79,9309490000000,7.445597777750933e-14,-4.206303553056117e-19,0,-0,-4.206303553056117e-19,-7.870502078782299e-31,0.1288137158963595,1.0138286187379701e-31
Tb-170,3,0.23104906018664842,1.7105718561527475e-31,0,0,1.7105718561527475e-31,9.932253248413647e-31,0.09999999999999999,9.932253248413645e-32
Tc-116,0.09,7.701635339554948,5.0995390002821856e-33,0,0,5.0995390002821856e-33,9.869976643343453e-31,0.09999999999999999,9.869976643343452e-32
Ge-71m,0.02041,33.961155343456404,-2.5711532593879985e-28,2.5712827424046073e-28,-0,1.294830166088019e-32,1.1050896740438342e-29,0.008819206271435572,9.746013783826074e-32
Dy-159,12476160,5.555773415537676e-08,-7.464747843330319e-19,7.464248228062095e-19,-0,-4.996152682239017e-23,-6.975614681557627e-29,0.0013850415512465374,9.661516179442696e-32
Ag-129,0.046,15.068416968694462,-1.6722792784304004e-33,0,-0,-1.6722792784304004e-33,-6.33255096217596e-31,0.15217391304347827,9.636490594615592e-32
Tb-156m,87840,7.891019815117774e-06,-1.4111798570652076e-22,1.411073242310209e-22,0,-1.0661475499854251e-26,-2.1142322977649533e-30,0.040983606557377046,8.664886466249808e-32
Br-79m,4.86,0.14262287665842494,-7.97382497396075e-23,7.973825248054617e-23,-0,2.7409386752523172e-30,9.824054576698055e-30,0.008230452674897118,8.085641626911978e-32
Y-87,287280,2.412793026176362e-06,-1.1990432217708292e-19,1.199040254254621e-19,0,-2.9675162081060062e-25,-1.7993490727358464e-29,0.0037593984962406013,6.764470198255062e-32
In-116m2,2.18,0.31795742227520424,-1.0895523675146438e-23,1.0895524036904133e-23,-0,3.6175769586262787e-31,2.8906066809272287e-30,0.018348623853211007,5.303865469591245e-32
Ag-110,24.6,0.028176714656908342,-2.7344142785275814e-22,2.7344143603059203e-22,-0,8.177833888896606e-30,5.790697714293556e-30,0.008130081300813007,4.707884320563866e-32
Pm-144,31363200,2.2100652374755932e-08,-8.88364780563771e-22,8.86532839956389e-22,-0,-1.8319406073820923e-24,-1.0174632664245457e-30,0.03856749311294766,3.92410075205059e-32
Te-121,1656288,4.18494356392092e-07,-2.0110749154445168e-19,2.0110575801368755e-19,-0,-1.7335307641269805e-24,-1.8231542524593612e-29,0.0020865936358894104,3.8041820604264184e-32
Tb-158m,10.7,0.06478011033270517,-1.900824330065766e-23,1.9008244620141164e-23,-0,1.3194835044283102e-30,2.14806740141918e-30,0.015887850467289723,3.4128173667407536e-32
Cd-109,39864960,1.7387379306537502e-08,-5.1867707267322024e-21,5.1621591365308736e-21,-0,-2.4611590201328834e-23,-1.0754149247527634e-29,0.002600780234070221,2.796917879721101e-32
Mn-69,0.014,49.510512897138945,-6.862144571298141e-35,0,0,-6.862144571298141e-35,-8.538066728663372e-32,0.2857142857142857,2.4394476367609633e-32
Co-73,0.041,16.906028794145005,-4.800542122988326e-34,0,-0,-4.800542122988326e-34,-2.0395490060052425e-31,0.0975609756097561,1.9898039082977977e-32
Ag-125,0.166,4.175585425059911,4.358787836109574e-33,0,-0,4.358787836109574e-33,4.57388624287333e-31,0.04216867469879518,1.9287472108501995e-32
Zr-108,0.08,8.664339756999317,8.739871261620779e-34,0,-0,8.739871261620779e-34,1.9030174269656323e-31,0.1,1.9030174269656323e-32
Ho-164,1740,0.0003983604485976697,-2.3841057093491494e-21,2.3841057615622552e-21,0,5.221310581787521e-29,5.22706614572549e-31,0.034482758620689655,1.8024366019743068e-32
Zr-88,7205760,9.619348695487294e-08,-2.2951329253993485e-23,2.1010247130218333e-23,0,-1.9410821237751527e-24,-4.6923655076543814e-30,0.0035971223021582736,1.6879012617461804e-32
Ho-164m,2250,0.0003080654135821979,-3.479875895958474e-21,3.4798759720356726e-21,0,7.607719843448362e-29,5.889788638524448e-31,0.02666666666666667,1.5706103036065195e-32
Nb-110,0.17,4.077336356234972,1.1447973207833028e-33,0,-0,1.1447973207833028e-33,1.1730253558422928e-31,0.11764705882352941,1.3800298304026973e-32
Cs-131,837129.6,8.280046250424609e-07,-7.91013374268144e-20,7.910093593020373e-20,-0,-4.0149661067352026e-25,-8.35443148864151e-30,0.0016513572092063165,1.3796150667588416e-32
Mo-93,126230000000,5.4911445817947025e-12,3.009195101317134e-23,4.413794113857878e-22,-0,4.714713623989592e-22,6.506095788553263e-32,0.2000007922047057,1.3012243118703522e-32
Nb-109,0.19,3.648143055578659,8.757768496445743e-34,0,0,8.757768496445743e-34,8.029113122067545e-32,0.15789473684210525,1.2677547034843491e-32
Mn-67,0.047,14.747812352339261,-7.81818170325034e-34,0,-0,-7.81818170325034e-34,-2.8975812227550585e-31,0.0425531914893617,1.2330132862787483e-32
Xe-129m,767232,9.034388301842797e-07,-3.807110129545685e-21,3.8068962926988644e-21,0,-2.1383684682036513e-25,-4.854936460419067e-30,0.0022522522522522522,1.0934541577520421e-32
Br-78,387,0.0017910779859430111,-1.2919379443537658e-21,1.2919379830443233e-21,-0,3.869055753646775e-29,1.741493026894727e-30,0.006201550387596899,1.079995675593629e-32
Tm-170,11111040,6.238364550572631e-08,-4.7892943603127116e-20,4.789000149077725e-20,-0,-2.94211234986417e-24,-4.61245623920424e-30,0.0023328149300155523,1.0760006778859038e-32
Ag-124,0.172,4.029925468371776,-3.476570207738923e-33,0,0,-3.476570207738923e-33,-3.520872303095288e-31,0.029069767441860468,1.0235093904346768e-32
Sb-120,953.4,0.000727026621103362,-7.713268506197129e-21,7.713268713679778e-21,-0,2.0748264923290573e-28,3.7908303926398326e-30,0.0025173064820641915,9.542681919798195e-33
Zr-89,282276,2.45556540605629e-06,-1.3424700083374398e-20,1.342462031096129e-20,0,-7.977241310764401e-26,-4.922735389006983e-30,0.0015304170386430302,7.533838116067312e-33
Tm-168,8043840,8.617117950629864e-08,-2.5310305488854054e-21,2.529554740151402e-21,-0,-1.4758087340036156e-24,-3.195908741327624e-30,0.0021482277121374865,6.865539723582437e-33
Se-75,10349860,6.697164797977416e-08,-2.1398367474699337e-19,2.1397278714582062e-19,-0,-1.0887601172750013e-23,-1.832421780819787e-29,0.0003339175602375298,6.1187781037745286e-33
Eu-152m,33521.76,2.067752947816419e-05,-5.835202375256996e-19,5.835201567378435e-19,0,-8.078785611236568e-26,-4.19804401543946e-29,0.00013961080802439967,5.8609231711749834e-33
Pb-209,11710.8,5.918871303070203e-05,-8.76385999267375e-28,0,-0,-8.76385999267375e-28,-1.3035766829846794e-30,0.004303719643406087,5.6102285772473144e-33
Co-70,0.119,5.8247662231928174,-7.101866669927932e-34,0,0,-7.101866669927932e-34,-1.0395688796856387e-31,0.05042016806722689,5.241523763120868e-33
I-128,1499.4,0.0004622830335867315,-1.6185730349036965e-20,1.618573083989326e-20,-0,4.908562940812265e-28,5.702490553459884e-30,0.0008003201280512204,4.5638179699558895e-33
Pd-107,205124000000000,3.379161778046183e-15,1.0797961910973165e-18,0,-0,1.0797961910973165e-18,9.169655742514947e-32,0.04615393615569119,4.23215705709702e-33
Ag-106m,715392,9.689054120816913e-07,-1.2175755277772538e-21,1.2175130931335285e-21,0,-6.24346437252806e-26,-1.5202299188492357e-30,0.0024154589371980675,3.6720529440802795e-33
Co-65,1.16,0.5975406728965046,-2.4818705757861617e-25,2.481870656699557e-25,-0,8.091339544827822e-33,1.2150388205941585e-31,0.02586206896551724,3.142341777398686e-33
Ag-108,142.92,0.004849896309543418,-1.6006711076130837e-22,1.6006711618474722e-22,-0,5.423438847857742e-30,6.610121723043528e-31,0.004617968094038623,3.052533121472662e-33
Eu-166,0.4,1.732867951399863,-6.878522743271698e-34,0,-0,-6.878522743271698e-34,-2.995455713336904e-32,0.09999999999999999,2.9954557133369037e-33
Kr-81m,13.1,0.05291199851602636,-2.758267360841481e-23,2.7582674469435546e-23,-0,8.610207359585977e-31,1.1449065286767965e-30,0.0022900763358778627,2.6219233481148013e-33
Fe-70,0.094,7.373906176169631,6.663877474811548e-35,0,0,6.663877474811548e-35,1.2348859987308006e-32,0.18085106382978725,2.233304465789746e-33
Rb-102,0.037,18.733707582701225,5.209295500647843e-35,0,-0,5.209295500647843e-35,2.4524772451286663e-32,0.08108108108108109,1.9884950636178375e-33
Ho-163m,1.09,0.6359148445504085,-1.2810525880867658e-25,1.2810526291391604e-25,0,4.105239463927517e-33,6.560541907996436e-32,0.027522935779816512,1.805653736145808e-33
Zn-69,3384,0.00020483072711582307,-1.3515550850651904e-21,1.351555105121727e-21,0,2.0056536639718686e-29,1.0324126178388823e-31,0.015957446808510637,1.6474669433599183e-33
Eu-167,0.2,3.465735902799726,-1.679898976760131e-34,0,0,-1.679898976760131e-34,-1.463123166289483e-32,0.09999999999999999,1.463123166289483e-33
Sb-119,137484,5.041657069622249e-06,-2.703937448870266e-21,2.703935658340636e-21,-0,-1.7905296300162448e-27,-2.268595518922428e-31,0.005760670332547788,1.3068630902407283e-33
In-116,14.1,0.04915937450779754,-1.5629162459852387e-23,1.5629162948908853e-23,0,4.8905646656285765e-31,6.041817599738204e-31,0.002127659574468085,1.2854931063272775e-33
Co-71,0.079,8.774014943796775,-7.839332244202757e-35,0,-0,-7.839332244202757e-35,-1.7285410450359869e-32,0.06329113924050633,1.0940133196430298e-33
Tc-117,0.04,17.328679513998633,-2.503101185617225e-35,0,-0,-2.503101185617225e-35,-1.090049277637655e-32,0.1,1.0900492776376552e-33
Ag-126,0.107,6.4780110332705165,-5.917853507453924e-35,0,-0,-5.917853507453924e-35,-9.634033440413191e-33,0.11214953271028037,1.080452348457554e-33
La-135,70200,9.873891460967882e-06,-1.0439461953721835e-21,1.0439458076328214e-21,0,-3.8773936215935417e-28,-9.621227773037228e-32,0.010256410256410256,9.867925921063824e-34
Rh-101m,374976,1.8485107861835032e-06,-3.3807322810626066e-21,3.3807234060327503e-21,-0,-8.875029856359479e-27,-4.122817089661177e-31,0.002304147465437788,9.499578547606399e-34
Br-77m,256.8,0.0026991712638627153,-5.819122579343607e-28,5.813440501805321e-28,-0,-5.682077538286439e-31,-3.8542497535861844e-32,0.02336448598130841,9.00525643361258e-34
Ag-127,0.109,6.359148445504085,-1.3276725595693133e-35,0,-0,-1.3276725595693133e-35,-2.1217401673368416e-33,0.22935779816513763,4.8663765305890865e-34
As-73,6937920,9.990705868040354e-08,-1.2748306184094958e-21,1.274571997048802e-21,-0,-2.5862136069384695e-25,-6.493260424705882e-31,0.0007471980074719801,4.851751251336898e-34
Ho-169,283.2,0.0024475536036721235,-3.429319510614334e-31,0,0,-3.429319510614334e-31,-2.1093197456256104e-32,0.021186440677966104,4.468897766155955e-34
Pr-140,203.4,0.0034078032475906845,-4.5080113145253333e-23,4.5080114509634204e-23,0,1.3643808705135463e-30,1.1684560724875777e-31,0.0029498525073746312,3.446773075184595e-34
Ho-162,900,0.0007701635339554948,-1.2529149680899416e-23,1.2529149944811812e-23,-0,2.639123966739814e-31,5.1079307186725114e-33,0.06666666666666667,3.405287145781674e-34
Ho-161m,6.76,0.10253656517158954,-2.503698870368581e-29,2.5027162058142673e-29,0,-9.826645543135888e-33,-2.532131825715158e-32,0.010355029585798817,2.622029997042324e-34
Ce-137,32400,2.1393431498763742e-05,-9.530357254299349e-23,9.530355991248852e-23,-0,-1.2630504974119294e-29,-6.79052606962732e-33,0.03333333333333333,2.2635086898757735e-34
Sr-85m,4057.8,0.00017081846827343518,-2.7559246783954178e-21,2.7559246012180262e-21,0,-7.717739155758771e-29,-3.313043782718367e-31,0.0005914534969688008,1.959511330899522e-34
Ho-162m,4020,0.00017242467178108092,-1.9043404248381023e-22,1.9043403848252105e-22,0,-4.001289177338854e-30,-1.7338103980771048e-32,0.010447761194029851,1.8114436994835424e-34
Ho-161,8928,7.763745301970713e-05,-1.9989476922863936e-25,1.998912031158233e-25,0,-3.566112816065356e-30,-6.957746691413677e-33,0.020161290322580645,1.4027715103656608e-34
Ga-72m,0.03968,17.468426929434106,-9.554418083483553e-35,0,-0,-9.554418083483553e-35,-4.1943077668725497e-32,0.0032762096774193545,1.3741431695903008e-34
Tb-171,0.5,1.3862943611198906,-3.1304883930336044e-35,0,-0,-3.1304883930336044e-35,-1.090610841011736e-33,0.1,1.090610841011736e-34
Ag-107m,44.3,0.015646663218057456,-1.208666698301399e-24,1.2086667378069962e-24,-0,3.950559720928288e-32,1.553397572235123e-32,0.004514672686230249,7.01308159022629e-35
Ge-71,987552,7.018842355237448e-07,-2.929425678099224e-22,2.929411599289952e-22,-0,-1.4078809271692566e-27,-2.4833256222037293e-32,0.0026246719160104987,6.517915018907426e-35
Y-107,0.03,23.104906018664845,1.0517901608676866e-36,0,-0,1.0517901608676866e-36,6.107107517496037e-34,0.1,6.107107517496038e-35
Tb-155,459648,1.5079956413602264e-06,-4.070328451175132e-24,4.070216562184885e-24,0,-1.1188899024731456e-28,-4.240232755530408e-33,0.011278195488721804,4.7822173934553465e-35
Ga-70,1268.4,0.0005464736522863018,-8.495011073621906e-23,8.495011311438648e-23,0,2.3781674240793722e-30,3.2659829214394444e-32,0.0014191106906338694,4.6347912792423525e-35
Br-77,205329.6,3.3757781662261325e-06,-1.000798380949246e-23,1.000214937739575e-23,-0,-5.834432096710081e-27,-4.949652909744077e-31,8.766393155200225e-05,4.3390603388597355e-35
Er-165,37296,1.8585027363790896e-05,-1.1144654149689657e-22,1.1144652266737438e-22,-0,-1.8829522181761158e-29,-8.794370540625095e-33,0.003861003861003861,3.3955098612452106e-35
Nb-111,0.08,8.664339756999317,1.130126105862168e-36,0,-0,1.130126105862168e-36,2.460733813744623e-34,0.1,2.460733813744623e-35
Ni-65,9061.884,7.649040536823748e-05,-1.1204774173380725e-20,1.120477406278825e-20,-0,-1.1059247508038996e-28,-2.1258606643312404e-31,0.00010328977947632083,2.195796792161587e-35
Fe-71,0.028,24.755256448569472,-1.8766583639885504e-37,0,-0,-1.8766583639885504e-37,-1.1674946638152314e-34,0.17857142857142858,2.084811899670056e-35
I-123,47604.24,1.45606185617068e-05,-1.0188485623697382e-21,1.0188483224138273e-21,-0,-2.399559108831851e-28,-8.780384476518933e-32,0.00014368468018815132,1.2616067354376313e-35
Rh-108m,360,0.001925408834888737,4.40941640140703e-33,0,-0,4.40941640140703e-33,2.1335672151078106e-34,0.05,1.0667836075539053e-35
Pd-103,1468022,4.721640278960024e-07,-5.072213787183349e-24,5.071633838474812e-24,-0,-5.799487085371122e-28,-6.88152573688624e-33,0.001118239372434473,7.695193021407343e-36
Sm-160,9.6,0.07220283130832764,1.293152650696136e-34,0,0,1.293152650696136e-34,2.346422844167066e-34,0.03125,7.332571388022082e-36
Tm-167,799200,8.673012769769085e-07,-2.3031759165704706e-24,2.3030411578897154e-24,0,-1.3475868075513366e-28,-2.9371693821385553e-33,0.002162162162162162,6.3506365019212e-36
Mo-93m,24660,2.8108158173558204e-05,-9.42474779753067e-25,9.424739816135973e-25,-0,-7.981394696778459e-31,-5.637848907014311e-34,0.010218978102189781,5.761305452423384e-36
Kr-79,126144,5.4948882274221945e-06,-1.8229557752689623e-24,1.82294623005626e-24,-0,-9.545212702366265e-30,-1.3180950500633627e-33,0.0028538812785388126,3.7616867867105095e-36
Pr-139,15876,4.366006428319131e-05,-1.0115943872962265e-25,1.0115921233713901e-25,0,-2.263924836440289e-31,-2.4839830645234022e-34,0.009070294784580499,2.25304586351329e-36
Ag-106,1437.6,0.00048215580172505934,-2.838446811112301e-25,2.838446611762776e-25,0,-1.993495252047864e-32,-2.4154878559415847e-34,0.001669449081803005,4.0325339832079875e-37
Kr-79m,50,0.013862943611198907,-5.906966927338709e-29,5.906965853672623e-29,-0,-1.0736660854533964e-35,-3.7404766458418156e-36,0.06,2.2442859875050892e-37
Eu-160,38,0.018240715277893296,-4.573914827919196e-36,0,0,-4.573914827919196e-36,-2.09668019764222e-36,0.10526315789473684,2.2070317869918106e-37
Rb-87,1.51792e+18,4.566427615157223e-19,5.25086401054037e-19,0,0,5.25086401054037e-19,6.025729118954526e-36,0.0187109992621482,1.1274741309866308e-37
Nb-113,0.03,23.104906018664845,-1.112505852388762e-39,0,-0,-1.112505852388762e-39,-6.4596467120179144e-37,0.1,6.459646712017914e-38
Sb-118,216,0.0032090147248145617,-6.254720422329009e-28,6.254720615705312e-28,0,1.9337630297144253e-35,1.5594706972521036e-36,0.027777777777777776,4.3318630479225095e-38
As-72,93600,7.4054185957259116e-06,-4.516215586724533e-25,4.516215178559647e-25,-0,-4.0816488672852726e-32,-7.596044651556072e-36,0.0038461538461538464,2.921555635213874e-38
Sm-147,3.34511e+18,2.0721207391085653e-19,-1.7209094473772504e-19,0,-0,-1.7209094473772504e-19,-8.961389045997397e-37,0.01886789971032343,1.6908258978506983e-38
In-114m,4277664,1.6203871565413862e-07,-3.575842994726341e-24,3.575822614254679e-24,-0,-2.0380471662410034e-29,-8.29918180750083e-35,0.00020197939810139365,1.6762637462130537e-38
I-126,1117152,6.204591501961642e-07,-9.703713352234127e-29,9.720282633658462e-29,-0,1.6569281424335386e-31,2.583563402184596e-36,0.0038669760247486465,9.990577734665877e-39
Sb-118m,18000,3.850817669777474e-05,-2.2293424579696313e-25,2.2293424808477617e-25,0,2.2878130434565774e-33,2.2139904510979723e-36,0.004,8.85596180439189e-39
Sr-83,116676,5.940786284753894e-06,-1.7840663711833574e-25,1.7840659804146655e-25,-0,-3.9076869187735424e-32,-5.833993569811733e-36,0.0009256402344955261,5.4001791760059237e-39
Ga-68,4062.6,0.00017061664465119512,-1.3273745959069217e-26,1.3273746321203615e-26,0,3.621343982950001e-34,1.5527210190634163e-36,0.001329198050509526,2.0638737515242574e-39
Pd-124,0.038,18.240715277893297,-4.5693212256923045e-42,0,0,-4.5693212256923045e-42,-2.0945744927510447e-39,0.75,1.5709308695632833e-39
Rb-81,16459.2,4.211305413142469e-05,-9.678307186108119e-26,9.678307246027106e-26,-0,5.991898667529924e-34,6.341375268138675e-37,0.0008748906386701663,5.5480098583890414e-40
In-114,71.9,0.00964043366564597,-1.586478045661344e-30,1.586478099600689e-30,-0,5.393934521207198e-38,1.3067860706162027e-38,0.0013908205841446453,1.8175049660865128e-41
Cr-67,0.05,13.862943611198904,-3.753208034386931e-43,0,-0,-3.753208034386931e-43,-1.307556156407955e-40,0.09999999999999999,1.307556156407955e-41
Ag-128,0.058,11.95081345793009,-2.2989144032630127e-43,0,-0,-2.2989144032630127e-43,-6.904345639463714e-41,0.08620689655172413,5.95202210298596e-42
Ho-163,144218000000,4.8062459648583765e-12,4.1605209869345636e-30,0,0,4.1605209869345636e-30,5.0252302499736804e-40,0.005470468318795157,2.7490362877132085e-42
Nd-144,7.22669e+22,9.591489057368522e-24,8.068914806593033e-20,0,0,8.068914806593033e-20,1.944927520458792e-41,0.06986905485083766,1.3589024760783903e-42
In-115,1.39169e+22,4.98061479611081e-23,-5.270711289023259e-21,0,0,-5.270711289023259e-21,-6.59712082193073e-42,0.056689348921095936,3.7398648414905834e-43
Cd-113,2.53723e+23,2.7319051901480954e-24,-1.140789112637339e-19,0,-0,-1.140789112637339e-19,-7.83201024288442e-42,0.006218908021740244,4.870655132582567e-44
Zr-96,6.31152e+26,1.0982254362815063e-27,-7.997586429652423e-19,0,0,-7.997586429652423e-19,-2.2072559504343309e-44,0.19999936623824371,4.4144979121245847e-45
Mo-100,2.3037e+26,3.0088430809564845e-27,-5.715469841572454e-19,0,-0,-5.715469841572454e-19,-4.3216912022798514e-44,0.054794461084342584,2.3680474040186905e-45
Te-128,2.77707e+26,2.4959658221072757e-27,2.7750173251870154e-19,0,-0,2.7750173251870154e-19,1.7406304988231805e-44,0.04545438177647665,7.911928322528784e-46
Nd-150,2.49305e+26,2.7803180062972876e-27,5.2053004935979654e-20,0,0,5.2053004935979654e-20,3.636993574989249e-45,0.08860752893042659,3.222650134156355e-46
Cd-111m,2912.4,0.0002379986198873593,-1.9533806377645145e-36,1.953398038670079e-36,0,1.7400905564551757e-41,1.0407550923949043e-43,0.0010300782859497322,1.0720592216675982e-46
Cd-116,9.78286e+26,7.08532249832815e-28,2.2498601029674075e-21,0,0,2.2498601029674075e-21,4.0060594757327004e-47,0.12903179642762955,5.1690905074971815e-48
In-113m,5968.56,0.00011613306736632375,-1.229737260658327e-37,1.2297596682206442e-37,0,2.240756231721075e-42,6.539623799913342e-45,0.00023121154851421446,1.5120365454783753e-48
Bi-209,5.99594e+26,1.1560275462395309e-27,3.652649438788469e-22,0,-0,3.652649438788469e-22,1.0611540392857023e-47,0.10526322811769297,1.117004997053422e-48
Po-212,2.99e-07,2318217.9951837636,2.039157646249539e-56,0,-0,2.039157646249539e-56,1.1879750802340383e-48,0.006688963210702341,7.946321606916644e-51
Sm-148,2.20903e+23,3.1377898016774117e-24,-9.154977917585924e-30,0,0,-9.154977917585924e-30,-7.219105755997776e-52,0.28571454439278776,2.062603511998256e-52
Gd-152,3.40822e+21,2.0337512853041918e-22,-3.659228839860951e-47,0,0,-3.659228839860951e-47,-1.8702069490037708e-67,0.07407415014288983,1.3853399033878122e-68
Fe-72,1.5e-07,4620981.203732969,1.818221937614705e-46,0,-0,1.818221937614705e-46,2.1114623956022816e-38,,
Co-75,0.034,20.38668178117486,1.3241120098611606e-35,0,-0,1.3241120098611606e-35,6.783807637144392e-33,,
Ni-77,0.061,11.363068533769596,4.360536500260778e-31,0,-0,4.360536500260778e-31,1.2451962611147836e-28,,
Cu-80,0.17,4.077336356234972,-6.57677847103082e-32,0,-0,-6.57677847103082e-32,-6.738946507140864e-30,,
Cu-81,0.028,24.755256448569472,8.72267558616785e-33,0,-0,8.72267558616785e-33,5.426494985159959e-30,,
Zn-82,0.052,13.32975347230664,7.699422785380161e-30,0,-0,7.699422785380161e-30,2.5791852779864068e-27,,
Zn-83,0.043,16.119701873487102,-3.133045724863885e-32,0,-0,-3.133045724863885e-32,-1.269188108722669e-29,,
Ga-85,0.048,14.440566261665527,-7.640434202746059e-32,0,0,-7.640434202746059e-32,-2.7727104519374136e-29,,
Ga-86,0.029,23.90162691586018,5.457219332819313e-34,0,-0,5.457219332819313e-34,3.2779409664551485e-31,,
Ge-81,7.6,0.0912035763894665,-2.3206307187270422e-14,2.3206307931759466e-14,-0,7.4448904440236585e-22,1.7063669695289704e-21,,
Ge-86,0.095,7.296286111157318,-1.410795294348295e-29,0,-0,-1.410795294348295e-29,-2.5868313406549108e-27,,
Ge-88,0.066,10.50223000848402,-9.53687155107976e-32,0,0,-9.53687155107976e-32,-2.517037666306215e-29,,
Ge-89,0.039,17.773004629742186,-9.357674455447603e-35,0,0,-9.357674455447603e-35,-4.1795646010431395e-32,,
As-88,0.112,6.188814112142368,3.0577128664815897e-28,0,0,3.0577128664815897e-28,4.7556117879511545e-26,,
As-89,0.059,11.748257297626193,-1.8322250603538482e-30,0,0,-1.8322250603538482e-30,-5.409467602568804e-28,,
As-90,0.043,16.119701873487102,-1.7293676571161275e-30,0,-0,-1.7293676571161275e-30,-7.005620277427418e-28,,
As-91,0.044,15.75334501272603,-1.576903402173865e-32,0,-0,-1.576903402173865e-32,-6.242810189073984e-30,,
As-92,0.027,25.672117798516492,5.681486743484282e-33,0,-0,5.681486743484282e-33,3.665438611513205e-30,,
Se-90,0.161,4.305261991055561,2.6580720686869374e-26,0,-0,2.6580720686869374e-26,2.875865644351559e-24,,
Se-92,0.093,7.453195489891885,-4.0800974566360164e-29,0,0,-4.0800974566360164e-29,-7.642145552322023e-27,,
Se-93,0.062,11.179793234837827,-1.2820159311048122e-29,0,-0,-1.2820159311048122e-29,-3.60188173813e-27,,
Se-94,0.059,11.748257297626193,-1.074982058135692e-31,0,-0,-1.074982058135692e-31,-3.173780744874608e-29,,
Br-95,0.066,10.50223000848402,-1.2275959742912835e-29,0,-0,-1.2275959742912835e-29,-3.239956929006975e-27,,
Br-96,0.042,16.503504299046316,-4.98028412450576e-31,0,-0,-4.98028412450576e-31,-2.0655349427537614e-28,,
Br-97,0.04,17.328679513998633,6.1618302303236376e-33,0,-0,6.1618302303236376e-33,2.6833508090220958e-30,,
Sr-103,0.068,10.19334089058743,7.202675543419019e-32,0,-0,7.202675543419019e-32,1.8450691858176878e-29,,
Sr-104,0.043,16.119701873487102,1.0247252757715084e-35,0,0,1.0247252757715084e-35,4.151133589897605e-33,,
Sr-105,0.0556,12.466675909351535,5.684930487041659e-37,0,-0,5.684930487041659e-37,1.7810580881497354e-34,,
Y-105,0.088,7.876672506363015,2.7345937240284814e-32,0,-0,2.7345937240284814e-32,5.412997885542172e-30,,
Y-106,0.066,10.50223000848402,-1.3799901735832529e-33,0,-0,-1.3799901735832529e-33,-3.64216633037092e-31,,
Y-108,0.048,14.440566261665527,6.919838038997443e-38,0,-0,6.919838038997443e-38,2.5112063983937437e-35,,
Zr-106,0.27,2.567211779851649,-7.79813758835522e-29,0,-0,-7.79813758835522e-29,-5.031006126526707e-27,,
Zr-109,0.117,5.924334876580729,1.4774195200794e-38,0,0,1.4774195200794e-38,2.1996100122287768e-36,,
Zr-110,0.098,7.072930413876993,-2.298707946939288e-38,0,-0,-2.298707946939288e-38,-4.0858784090757527e-36,,
Nb-112,0.069,10.045611312462974,4.881782429308153e-40,0,0,4.881782429308153e-40,1.2324151999644868e-37,,
Mo-112,0.287,2.415146970592144,-1.708119568099509e-34,0,-0,-1.708119568099509e-34,-1.0367262333538295e-32,,
Mo-115,0.092,7.534208484347231,-1.992344259502848e-32,0,-0,-1.992344259502848e-32,-3.772283051112868e-30,,
Tc-118,0.066,10.50223000848402,3.161773347383236e-38,0,-0,3.161773347383236e-38,8.344772774868353e-36,,
Ru-119,0.162,4.278686299752748,1.4104857966485747e-31,0,-0,1.4104857966485747e-31,1.5166362061702227e-29,,
Ru-120,0.149,4.651994500402318,7.880512015167635e-35,0,-0,7.880512015167635e-35,9.212889960873063e-33,,
Rh-122,0.108,6.418029449629123,-1.7167215617663792e-32,0,-0,-1.7167215617663792e-32,-2.7688780163626313e-30,,
Rh-123,0.0489,14.17478896850604,-9.127933452261667e-36,0,-0,-9.127933452261667e-36,-3.251556635204091e-33,,
Pd-123,0.244,2.840767133442399,-3.240472663590741e-30,0,-0,-3.240472663590741e-30,-2.313376143455366e-28,,
Pd-125,0.3987,1.7385181353397172,-2.0516219754861888e-50,0,-0,-2.0516219754861888e-50,-8.963524780161777e-49,,
Sb-138,0.168,4.125876074761579,-7.218049258090286e-30,0,-0,-7.218049258090286e-30,-7.484077508621519e-28,,
Sb-139,0.127,5.45785181543264,-2.6423785796293596e-31,0,-0,-2.6423785796293596e-31,-3.624257413944858e-29,,
Te-139,0.347,1.9975423070891796,-9.369788169000847e-29,0,-0,-9.369788169000847e-29,-4.703574363180124e-27,,
Te-140,0.304,2.280089409736662,1.1467958676192621e-28,0,0,1.1467958676192621e-28,6.571132926706396e-27,,
Te-141,0.213,3.2542121153049077,-2.756500648422656e-29,0,-0,-2.756500648422656e-29,-2.2542714582510808e-27,,
Te-142,0.2,3.465735902799726,-1.4695522778750248e-30,0,-0,-1.4695522778750248e-30,-1.2799198115943858e-28,,
I-143,0.296,2.341713447837653,-2.1749786155176036e-28,0,-0,-2.1749786155176036e-28,-1.2799440832582377e-26,,
I-144,0.194,3.5729236111337386,-2.1391670119919493e-30,0,-0,-2.1391670119919493e-30,-1.9207492825930976e-28,,
I-145,0.127,5.45785181543264,-2.43031444487808e-32,0,-0,-2.43031444487808e-32,-3.333392577797142e-30,,
Xe-146,0.369,1.8784476437938897,-3.4754871254441696e-30,0,0,-3.4754871254441696e-30,-1.6406541248607391e-28,,
Cs-149,0.05,13.862943611198904,-5.351429102818926e-31,0,-0,-5.351429102818926e-31,-1.8643501785305541e-28,,
Cs-150,0.05,13.862943611198904,-9.191846645873156e-35,0,-0,-9.191846645873156e-35,-3.2022886982156e-32,,
Cs-151,0.05,13.862943611198904,-2.1359701862364113e-36,0,-0,-2.1359701862364113e-36,-7.441369999554189e-34,,
Ba-150,0.3,2.3104906018664844,-7.081248727552212e-29,0,0,-7.081248727552212e-29,-4.111651634164091e-27,,
Ba-151,0.259,2.676243940385889,1.8427909312164562e-32,0,-0,1.8427909312164562e-32,1.2393786743539993e-30,,
Ba-152,0.228,3.040119212982216,-4.702337676579923e-32,0,-0,-4.702337676579923e-32,-3.592581942034589e-30,,
Ba-153,0.158,4.387007471898388,9.653605403138332e-36,0,-0,9.653605403138332e-36,1.0642904683779466e-33,,
La-151,0.778,0.8909346793829631,7.9435578244464754e-28,0,-0,7.9435578244464754e-28,1.778538132932445e-26,,
La-152,0.451,1.536911708558637,-4.952478016528243e-28,0,-0,-4.952478016528243e-28,-1.912818358861303e-26,,
La-153,0.342,2.026746141988144,-4.0166874734838484e-30,0,0,-4.0166874734838484e-30,-2.0458305175749605e-28,,
La-154,0.228,3.040119212982216,-1.517190123161533e-32,0,0,-1.517190123161533e-32,-1.159131949679054e-30,,
La-155,0.184,3.7671042421736156,-2.993110451785045e-35,0,-0,-2.993110451785045e-35,-2.833561462464054e-33,,
Ce-153,0.979,0.7080155061899339,-1.8808117373277093e-27,0,0,-1.8808117373277093e-27,-3.346496317291066e-26,,
Ce-154,0.775,0.8943834587870262,-5.6486320640448755e-28,0,0,-5.6486320640448755e-28,-1.2696069796490182e-26,,
Ce-155,0.471,1.471650064883111,6.140163022496648e-31,0,-0,6.140163022496648e-31,2.2708409205739912e-29,,
Ce-156,0.369,1.8784476437938897,-4.539280812616183e-31,0,-0,-4.539280812616183e-31,-2.142833369917366e-29,,
Ce-157,0.2428,2.854807168698292,-3.09289882840819e-34,0,-0,-3.09289882840819e-34,-2.2189358584560362e-32,,
Pr-155,0.852,0.8135530288262269,4.726113010660636e-28,0,-0,4.726113010660636e-28,9.662560459125801e-27,,
Pr-156,0.733,0.9456305328239363,-1.0724886103889962e-27,0,-0,-1.0724886103889962e-27,-2.5486865728033712e-26,,
Pr-157,0.598,1.1591089975918818,-3.8840410057186415e-30,0,0,-3.8840410057186415e-30,-1.131384798494449e-28,,
Pr-158,0.1342,5.1650311517134515,-3.024185769789223e-33,0,-0,-3.024185769789223e-33,-3.9253977257498946e-31,,
Pr-159,0.1055,6.570115455544506,-7.981766902642374e-35,0,-0,-7.981766902642374e-35,-1.3178752376119568e-32,,
Nd-157,1.906,0.36366588696744245,-2.7227780662736104e-27,0,0,-2.7227780662736104e-27,-2.4883820733905396e-26,,
Nd-158,1.331,0.5207717359578853,-2.3429785182646255e-28,0,-0,-2.3429785182646255e-28,-3.0663234768714947e-27,,
Nd-159,0.773,0.8966975168951427,-2.3546998422581047e-29,0,-0,-2.3546998422581047e-29,-5.306201983738649e-28,,
Nd-160,0.5883,1.1782206026856115,6.1293912096293195e-33,0,-0,6.1293912096293195e-33,1.8148728745111452e-31,,
Nd-161,0.4884,1.4192202714167594,-1.61383087357302e-34,0,0,-1.61383087357302e-34,-5.755858132238243e-33,,
Pm-160,1.561,0.44404047441380223,4.80449789051103e-30,0,-0,4.80449789051103e-30,5.361333470487096e-29,,
Pm-161,1.065,0.6508424230609815,-6.849923142017693e-31,0,0,-6.849923142017693e-31,-1.1203760274172355e-29,,
Pm-162,0.2679,2.5873355004103966,1.5259009536572774e-32,0,0,1.5259009536572774e-32,9.92159163139231e-31,,
Pm-163,0.2,3.465735902799726,-9.756603111824986e-35,0,0,-9.756603111824986e-35,-8.497601483592966e-33,,
Sm-146,3.25043e+15,2.1324784122714387e-16,0,0,-0,0,0,0.04854373113711109,0
Sm-163,1.748,0.39653728864985427,-3.9034748112840496e-30,0,0,-3.9034748112840496e-30,-3.8898931301442886e-29,,
Sm-164,1.226,0.5653729042087645,-2.835615501034138e-31,0,0,-2.835615501034138e-31,-4.028882377692531e-30,,
Sm-165,0.764,0.9072607075391954,-4.105058015387662e-33,0,0,-4.105058015387662e-33,-9.359521742449288e-32,,
Eu-164,2.844,0.24372263732768823,-6.533139557350381e-29,0,0,-6.533139557350381e-29,-4.0014745608876045e-28,,
Gd-167,3,0.23104906018664842,-4.630946699527718e-30,0,0,-4.630946699527718e-30,-2.688909865678709e-29,,
Gd-168,0.3,2.3104906018664844,-3.377524408330662e-33,0,-0,-3.377524408330662e-33,-1.9611235655243377e-31,,
Gd-169,1,0.6931471805599453,8.143824862496808e-34,0,0,8.143824862496808e-34,1.4185875440561946e-32,,
Dy-170,30,0.023104906018664842,2.310344598321956e-28,0,0,2.310344598321956e-28,1.3414769779533363e-28,,
Dy-171,6,0.11552453009332421,-1.447404061681615e-31,0,-0,-1.447404061681615e-31,-4.202098743088583e-31,,
Dy-172,3,0.23104906018664842,-1.221912271747558e-32,0,0,-1.221912271747558e-32,-7.094903430503684e-32,,
