nuclide,3600,4539.71,5724.71,7219.03,9103.41,11479.7,14476.2,18254.9,23020,29029,36606.4,46161.8,58211.4,73406.3,92567.6,116730,147201,185624,234078,295179,372230,469393,591919,746428,941268,1.18697e+06,1.4968e+06,1.88751e+06,2.38021e+06,3.00151e+06,3.785e+06,4.773e+06,6.0189e+06,7.59001e+06,9.57123e+06,1.20696e+07,1.52201e+07,1.91931e+07,2.4203e+07,3.05207e+07,3.84876e+07,4.8534e+07,6.12028e+07,7.71786e+07,9.73245e+07,1.22729e+08,1.54765e+08,1.95163e+08,2.46107e+08,3.10348e+08,3.91359e+08,4.93515e+08,6.22337e+08,7.84786e+08,9.89639e+08,1.24796e+09,1.57372e+09,1.98451e+09,2.50253e+09,3.15576e+09
Cr-66,-1.275931e-37,1.575692e-37,4.074585e-37,6.212984e-37,8.011124e-37,9.503376e-37,1.072943e-36,1.172904e-36,1.253918e-36,1.319272e-36,1.371802e-36,1.413905e-36,1.447575e-36,1.474454e-36,1.495881e-36,1.512943e-36,1.526519e-36,1.537313e-36,1.545890e-36,1.552702e-36,1.558112e-36,1.562406e-36,1.565814e-36,1.568519e-36,1.570664e-36,1.572367e-36,1.573717e-36,1.574788e-36,1.575638e-36,1.576311e-36,1.576846e-36,1.577270e-36,1.577606e-36,1.577872e-36,1.578084e-36,1.578251e-36,1.578384e-36,1.578490e-36,1.578573e-36,1.578640e-36,1.578692e-36,1.578734e-36,1.578767e-36,1.578793e-36,1.578814e-36,1.578830e-36,1.578843e-36,1.578854e-36,1.578862e-36,1.578869e-36,1.578874e-36,1.578878e-36,1.578881e-36,1.578884e-36,1.578886e-36,1.578887e-36,1.578889e-36,1.578890e-36,1.578890e-36,1.578891e-36
Mn-66,-2.404186e-34,-3.962927e-34,-4.670376e-34,-4.657428e-34,-4.133931e-34,-3.305498e-34,-2.337014e-34,-1.344547e-34,-4.009468e-35,4.539773e-35,1.203286e-34,1.844581e-34,2.383885e-34,2.831477e-34,3.199245e-34,3.499100e-34,3.742129e-34,3.938185e-34,4.095774e-34,4.222083e-34,4.323093e-34,4.403731e-34,4.468014e-34,4.519204e-34,4.559932e-34,4.592315e-34,4.618047e-34,4.638486e-34,4.654716e-34,4.667599e-34,4.677824e-34,4.685938e-34,4.692375e-34,4.697482e-34,4.701534e-34,4.704747e-34,4.707296e-34,4.709317e-34,4.710920e-34,4.712192e-34,4.713200e-34,4.714000e-34,4.714634e-34,4.715137e-34,4.715536e-34,4.715852e-34,4.716103e-34,4.716302e-34,4.716460e-34,4.716585e-34,4.716684e-34,4.716763e-34,4.716825e-34,4.716875e-34,4.716914e-34,4.716945e-34,4.716970e-34,4.716989e-34,4.717005e-34,4.717017e-34
Mn-67,-3.189252e-34,-3.520715e-34,-3.365435e-34,-2.883402e-34,-2.219277e-34,-1.483693e-34,-7.516201e-35,-6.821763e-36,5.433347e-35,1.074642e-34,1.526442e-34,1.904563e-34,2.217239e-34,2.473433e-34,2.681867e-34,2.850516e-34,2.986390e-34,3.095493e-34,3.182869e-34,3.252700e-34,3.308419e-34,3.352820e-34,3.388166e-34,3.416282e-34,3.438631e-34,3.456389e-34,3.470492e-34,3.481689e-34,3.490577e-34,3.497630e-34,3.503227e-34,3.507668e-34,3.511190e-34,3.513984e-34,3.516201e-34,3.517959e-34,3.519353e-34,3.520459e-34,3.521336e-34,3.522031e-34,3.522583e-34,3.523020e-34,3.523367e-34,3.523642e-34,3.523860e-34,3.524033e-34,3.524170e-34,3.524279e-34,3.524365e-34,3.524434e-34,3.524488e-34,3.524531e-34,3.524565e-34,3.524592e-34,3.524614e-34,3.524631e-34,3.524644e-34,3.524655e-34,3.524663e-34,3.524670e-34
Mn-68,-4.055990e-35,-3.392071e-35,-2.538753e-35,-1.622383e-35,-7.263468e-36,1.006685e-36,8.349704e-36,1.469352e-35,2.006576e-35,2.454795e-35,2.824562e-35,3.126984e-35,3.372682e-35,3.571264e-35,3.731117e-35,3.859389e-35,3.962062e-35,4.044085e-35,4.109510e-35,4.161632e-35,4.203116e-35,4.236109e-35,4.262332e-35,4.283165e-35,4.299709e-35,4.312844e-35,4.323269e-35,4.331543e-35,4.338107e-35,4.343315e-35,4.347446e-35,4.350723e-35,4.353323e-35,4.355384e-35,4.357019e-35,4.358316e-35,4.359345e-35,4.360160e-35,4.360807e-35,4.361320e-35,4.361727e-35,4.362050e-35,4.362305e-35,4.362508e-35,4.362669e-35,4.362797e-35,4.362898e-35,4.362978e-35,4.363042e-35,4.363092e-35,4.363132e-35,4.363164e-35,4.363189e-35,4.363209e-35,4.363225e-35,4.363237e-35,4.363247e-35,4.363255e-35,4.363262e-35,4.363267e-35
Mn-69,2.259427e-10,5.209355e-12,-1.789177e-15,1.902340e-16,-2.203202e-21,-1.453933e-22,1.595137e-25,-1.419736e-28,2.612587e-33,4.062152e-36,4.303324e-36,4.496546e-36,4.651590e-36,4.775695e-36,4.874842e-36,4.953927e-36,5.016933e-36,5.067080e-36,5.106962e-36,5.138661e-36,5.163845e-36,5.183844e-36,5.199722e-36,5.212325e-36,5.222326e-36,5.230261e-36,5.236557e-36,5.241551e-36,5.245513e-36,5.248655e-36,5.251147e-36,5.253124e-36,5.254691e-36,5.255935e-36,5.256921e-36,5.257703e-36,5.258323e-36,5.258814e-36,5.259204e-36,5.259514e-36,5.259759e-36,5.259953e-36,5.260108e-36,5.260230e-36,5.260327e-36,5.260404e-36,5.260465e-36,5.260513e-36,5.260552e-36,5.260582e-36,5.260606e-36,5.260625e-36,5.260640e-36,5.260652e-36,5.260662e-36,5.260670e-36,5.260676e-36,5.260680e-36,5.260684e-36,5.260687e-36
Fe-65,-1.104480e-35,8.919117e-35,9.600585e-35,2.918234e-35,-7.061774e-36,1.311672e-35,5.100894e-35,6.876942e-35,5.605490e-35,2.248966e-35,-1.712701e-35,-5.166397e-35,-7.583087e-35,-8.890428e-35,-9.266067e-35,-8.973538e-35,-8.266685e-35,-7.348563e-35,-6.363070e-35,-5.402127e-35,-4.517936e-35,-3.735073e-35,-3.060360e-35,-2.490118e-35,-2.015121e-35,-1.623777e-35,-1.304044e-35,-1.044501e-35,-8.348692e-36,-6.662116e-36,-5.309332e-36,-4.226881e-36,-3.362372e-36,-2.672952e-36,-2.123804e-36,-1.686792e-36,-1.339274e-36,-1.063082e-36,-8.436775e-37,-6.694479e-37,-5.311315e-37,-4.213506e-37,-3.342340e-37,-2.651125e-37,-2.102752e-37,-1.667742e-37,-1.322683e-37,-1.048991e-37,-8.319155e-38,-6.597508e-38,-5.232090e-38,-4.149217e-38,-3.290438e-38,-2.609388e-38,-2.069290e-38,-1.640977e-38,-1.301314e-38,-1.031955e-38,-8.183489e-39,-6.489566e-39
Fe-66,-1.893663e-34,-2.321562e-32,-1.830817e-32,3.231791e-33,2.099947e-32,2.521078e-32,1.743932e-32,4.011433e-33,-9.246103e-33,-1.898197e-32,-2.417127e-32,-2.523818e-32,-2.322729e-32,-1.926798e-32,-1.431350e-32,-9.060603e-33,-3.963067e-33,7.183886e-34,4.860566e-33,8.430074e-33,1.144723e-32,1.396096e-32,1.603247e-32,1.772528e-32,1.909969e-32,2.020997e-32,2.110337e-32,2.182004e-32,2.239355e-32,2.285162e-32,2.321695e-32,2.350795e-32,2.373955e-32,2.392372e-32,2.407009e-32,2.418638e-32,2.427872e-32,2.435202e-32,2.441021e-32,2.445638e-32,2.449302e-32,2.452208e-32,2.454514e-32,2.456343e-32,2.457793e-32,2.458944e-32,2.459856e-32,2.460580e-32,2.461154e-32,2.461609e-32,2.461970e-32,2.462257e-32,2.462484e-32,2.462664e-32,2.462806e-32,2.462920e-32,2.463009e-32,2.463081e-32,2.463137e-32,2.463182e-32
Fe-67,-1.401703e-32,-4.488045e-32,-2.540285e-32,1.479340e-32,4.170598e-32,4.336203e-32,2.581843e-32,9.135047e-34,-2.177971e-32,-3.733566e-32,-4.469435e-32,-4.501376e-32,-4.028610e-32,-3.250251e-32,-2.327721e-32,-1.375599e-32,-4.664121e-33,3.597280e-33,1.085290e-32,1.707184e-32,2.230752e-32,2.665648e-32,3.023212e-32,3.314893e-32,3.551385e-32,3.742227e-32,3.895660e-32,4.018660e-32,4.117039e-32,4.195585e-32,4.258206e-32,4.308076e-32,4.347756e-32,4.379307e-32,4.404379e-32,4.424294e-32,4.440108e-32,4.452662e-32,4.462626e-32,4.470532e-32,4.476805e-32,4.481781e-32,4.485729e-32,4.488860e-32,4.491344e-32,4.493314e-32,4.494876e-32,4.496115e-32,4.497098e-32,4.497877e-32,4.498495e-32,4.498985e-32,4.499374e-32,4.499682e-32,4.499927e-32,4.500121e-32,4.500274e-32,4.500396e-32,4.500493e-32,4.500570e-32
Fe-68,1.671471e-32,2.566483e-32,2.101016e-32,8.431851e-33,-5.593058e-33,-1.679912e-32,-2.348312e-32,-2.572094e-32,-2.445791e-32,-2.086219e-32,-1.597982e-32,-1.060592e-32,-5.276549e-33,-3.127261e-34,4.122338e-33,7.971182e-33,1.124139e-32,1.397662e-32,1.623739e-32,1.808910e-32,1.959520e-32,2.081355e-32,2.179497e-32,2.258292e-32,2.321389e-32,2.371812e-32,2.412042e-32,2.444099e-32,2.469618e-32,2.489915e-32,2.506050e-32,2.518869e-32,2.529050e-32,2.537133e-32,2.543549e-32,2.548640e-32,2.552681e-32,2.555886e-32,2.558429e-32,2.560446e-32,2.562046e-32,2.563315e-32,2.564321e-32,2.565119e-32,2.565752e-32,2.566254e-32,2.566652e-32,2.566968e-32,2.567219e-32,2.567417e-32,2.567575e-32,2.567699e-32,2.567798e-32,2.567877e-32,2.567939e-32,2.567989e-32,2.568028e-32,2.568059e-32,2.568084e-32,2.568103e-32
Fe-69,1.743014e-09,4.030463e-11,-1.390535e-14,1.473825e-15,-1.829066e-20,-1.109514e-21,1.220476e-24,-1.088716e-27,1.564395e-32,-2.744280e-33,-1.115481e-33,3.783952e-34,1.699001e-33,2.836304e-33,3.797172e-33,4.597437e-33,5.256742e-33,5.795412e-33,6.232694e-33,6.585901e-33,6.870084e-33,7.098034e-33,7.280439e-33,7.426123e-33,7.542304e-33,7.634849e-33,7.708498e-33,7.767065e-33,7.813612e-33,7.850589e-33,7.879953e-33,7.903264e-33,7.921766e-33,7.936448e-33,7.948098e-33,7.957340e-33,7.964672e-33,7.970487e-33,7.975100e-33,7.978759e-33,7.981660e-33,7.983962e-33,7.985787e-33,7.987234e-33,7.988382e-33,7.989292e-33,7.990014e-33,7.990587e-33,7.991040e-33,7.991401e-33,7.991686e-33,7.991912e-33,7.992092e-33,7.992234e-33,7.992347e-33,7.992437e-33,7.992508e-33,7.992564e-33,7.992609e-33,7.992644e-33
Fe-70,7.350216e-34,-4.248418e-34,-1.360480e-33,-1.924913e-33,-2.120687e-33,-2.024389e-33,-1.732390e-33,-1.331611e-33,-8.884288e-34,-4.477623e-34,-3.663125e-35,3.311292e-34,6.505435e-34,9.221022e-34,1.149340e-33,1.337225e-33,1.491157e-33,1.616384e-33,1.717702e-33,1.799327e-33,1.864867e-33,1.917354e-33,1.959301e-33,1.992770e-33,2.019440e-33,2.040672e-33,2.057559e-33,2.070984e-33,2.081650e-33,2.090121e-33,2.096847e-33,2.102185e-33,2.106422e-33,2.109784e-33,2.112451e-33,2.114566e-33,2.116245e-33,2.117576e-33,2.118632e-33,2.119469e-33,2.120134e-33,2.120660e-33,2.121078e-33,2.121409e-33,2.121672e-33,2.121880e-33,2.122046e-33,2.122177e-33,2.122280e-33,2.122363e-33,2.122428e-33,2.122480e-33,2.122521e-33,2.122554e-33,2.122580e-33,2.122600e-33,2.122616e-33,2.122629e-33,2.122639e-33,2.122648e-33
Fe-71,-2.996315e-34,-2.505853e-34,-1.875474e-34,-1.198517e-34,-5.365802e-35,7.436766e-36,6.168246e-35,1.085467e-34,1.482334e-34,1.813451e-34,2.086612e-34,2.310023e-34,2.491529e-34,2.638229e-34,2.756319e-34,2.851078e-34,2.926927e-34,2.987521e-34,3.035852e-34,3.074357e-34,3.105003e-34,3.129376e-34,3.148748e-34,3.164138e-34,3.176360e-34,3.186063e-34,3.193765e-34,3.199876e-34,3.204726e-34,3.208573e-34,3.211625e-34,3.214046e-34,3.215966e-34,3.217489e-34,3.218697e-34,3.219655e-34,3.220415e-34,3.221018e-34,3.221495e-34,3.221874e-34,3.222175e-34,3.222413e-34,3.222602e-34,3.222752e-34,3.222871e-34,3.222965e-34,3.223040e-34,3.223099e-34,3.223146e-34,3.223183e-34,3.223213e-34,3.223236e-34,3.223255e-34,3.223270e-34,3.223281e-34,3.223291e-34,3.223298e-34,3.223304e-34,3.223309e-34,3.223312e-34
Fe-72,4.684169e-35,4.684189e-35,4.684205e-35,4.684217e-35,4.684227e-35,4.684235e-35,4.684241e-35,4.684246e-35,4.684250e-35,4.684253e-35,4.684256e-35,4.684258e-35,4.684259e-35,4.684260e-35,4.684261e-35,4.684262e-35,4.684263e-35,4.684263e-35,4.684264e-35,4.684264e-35,4.684264e-35,4.684264e-35,4.684265e-35,4.684265e-35,4.684265e-35,4.684265e-35,4.684265e-35,4.684265e-35,4.684265e-35,4.684265e-35,4.684265e-35,4.684265e-35,4.684265e-35,4.684265e-35,4.684265e-35,4.684265e-35,4.684265e-35,4.684265e-35,4.684265e-35,4.684265e-35,4.684265e-35,4.684265e-35,4.684265e-35,4.684265e-35,4.684265e-35,4.684265e-35,4.684265e-35,4.684265e-35,4.684265e-35,4.684265e-35,4.684265e-35,4.684265e-35,4.684265e-35,4.684265e-35,4.684265e-35,4.684265e-35,4.684265e-35,4.684265e-35,4.684265e-35,4.684265e-35
Co-65,2.312914e-34,-3.214289e-34,-1.431864e-34,2.613512e-34,2.193441e-34,-7.133912e-35,-2.350178e-34,-1.867948e-34,-3.969775e-35,8.824443e-35,1.482597e-34,1.462573e-34,1.086173e-34,6.001666e-35,1.583238e-35,-1.732561e-35,-3.852088e-35,-4.958923e-35,-5.322848e-35,-5.200352e-35,-4.795749e-35,-4.254990e-35,-3.673736e-35,-3.109523e-35,-2.593302e-35,-2.138692e-35,-1.748719e-35,-1.420424e-35,-1.147848e-35,-9.238671e-36,-7.412612e-36,-5.932839e-36,-4.739271e-36,-3.780043e-36,-3.011327e-36,-2.396654e-36,-1.906011e-36,-1.514909e-36,-1.203492e-36,-9.557343e-37,-7.587571e-37,-6.022358e-37,-4.779140e-37,-3.792005e-37,-3.008413e-37,-2.386524e-37,-1.893051e-37,-1.501528e-37,-1.190926e-37,-9.445394e-38,-7.491052e-38,-5.940946e-38,-4.711514e-38,-3.736449e-38,-2.963143e-38,-2.349862e-38,-1.863498e-38,-1.477791e-38,-1.171912e-38,-9.293420e-39
Co-66,-1.593053e-33,-2.229796e-32,-1.817070e-32,9.075124e-34,1.722224e-32,2.208223e-32,1.653592e-32,5.807776e-33,-5.175166e-33,-1.350651e-32,-1.822108e-32,-1.958322e-32,-1.840046e-32,-1.557416e-32,-1.187656e-32,-7.878462e-33,-3.956009e-33,-3.290370e-34,2.894861e-33,5.681989e-33,8.043326e-33,1.001406e-32,1.164019e-32,1.297037e-32,1.405117e-32,1.492479e-32,1.562807e-32,1.619243e-32,1.664418e-32,1.700508e-32,1.729296e-32,1.752231e-32,1.770485e-32,1.785002e-32,1.796541e-32,1.805708e-32,1.812989e-32,1.818768e-32,1.823356e-32,1.826996e-32,1.829885e-32,1.832177e-32,1.833995e-32,1.835437e-32,1.836581e-32,1.837488e-32,1.838207e-32,1.838778e-32,1.839231e-32,1.839590e-32,1.839874e-32,1.840100e-32,1.840279e-32,1.840421e-32,1.840533e-32,1.840623e-32,1.840693e-32,1.840750e-32,1.840794e-32,1.840829e-32
Co-67,2.115486e-31,-1.010416e-31,-2.396994e-31,-1.356354e-31,4.698793e-32,1.652579e-31,1.793676e-31,1.184534e-31,2.915663e-32,-5.307138e-32,-1.106806e-31,-1.400530e-31,-1.452429e-31,-1.330706e-31,-1.102792e-31,-8.230080e-32,-5.298087e-32,-2.475758e-32,1.008318e-33,2.370397e-32,4.319462e-32,5.962535e-32,7.328611e-32,8.452528e-32,9.369807e-32,1.011380e-31,1.071435e-31,1.119728e-31,1.158449e-31,1.189422e-31,1.214154e-31,1.233873e-31,1.249578e-31,1.262074e-31,1.272011e-31,1.279907e-31,1.286180e-31,1.291161e-31,1.295115e-31,1.298253e-31,1.300743e-31,1.302719e-31,1.304286e-31,1.305530e-31,1.306516e-31,1.307298e-31,1.307919e-31,1.308411e-31,1.308801e-31,1.309111e-31,1.309356e-31,1.309551e-31,1.309705e-31,1.309828e-31,1.309925e-31,1.310002e-31,1.310063e-31,1.310111e-31,1.310150e-31,1.310180e-31
Co-68,-5.238169e-33,1.398695e-31,1.849688e-31,1.388218e-31,4.733762e-32,-4.643392e-32,-1.172928e-31,-1.569810e-31,-1.678712e-31,-1.569803e-31,-1.320895e-31,-9.983847e-32,-6.511802e-32,-3.113979e-32,2.277933e-34,2.807800e-32,5.213550e-32,7.250540e-32,8.949802e-32,1.035145e-31,1.149768e-31,1.242884e-31,1.318136e-31,1.378709e-31,1.427312e-31,1.466214e-31,1.497290e-31,1.522077e-31,1.541824e-31,1.557541e-31,1.570040e-31,1.579974e-31,1.587866e-31,1.594134e-31,1.599110e-31,1.603059e-31,1.606193e-31,1.608680e-31,1.610653e-31,1.612218e-31,1.613459e-31,1.614444e-31,1.615225e-31,1.615845e-31,1.616336e-31,1.616725e-31,1.617034e-31,1.617279e-31,1.617474e-31,1.617628e-31,1.617750e-31,1.617847e-31,1.617924e-31,1.617985e-31,1.618033e-31,1.618071e-31,1.618102e-31,1.618126e-31,1.618145e-31,1.618160e-31
Co-69,3.452743e-09,8.031465e-11,-2.796430e-14,2.945117e-15,-4.140852e-20,-2.149660e-21,2.377403e-24,-2.130732e-27,-1.797859e-31,-2.040945e-31,-1.709980e-31,-1.285635e-31,-8.307418e-32,-3.865396e-32,2.302096e-33,3.863741e-32,7.000862e-32,9.656204e-32,1.187076e-31,1.369714e-31,1.519053e-31,1.640357e-31,1.738385e-31,1.817285e-31,1.880591e-31,1.931260e-31,1.971736e-31,2.004019e-31,2.029738e-31,2.050206e-31,2.066485e-31,2.079423e-31,2.089702e-31,2.097864e-31,2.104345e-31,2.109488e-31,2.113570e-31,2.116808e-31,2.119378e-31,2.121416e-31,2.123033e-31,2.124315e-31,2.125332e-31,2.126139e-31,2.126779e-31,2.127286e-31,2.127689e-31,2.128008e-31,2.128261e-31,2.128462e-31,2.128621e-31,2.128747e-31,2.128847e-31,2.128926e-31,2.128989e-31,2.129039e-31,2.129079e-31,2.129110e-31,2.129135e-31,2.129155e-31
Co-70,1.192807e-31,5.429688e-32,-2.168095e-32,-8.418439e-32,-1.228008e-31,-1.372132e-31,-1.322181e-31,-1.140749e-31,-8.850842e-32,-5.992821e-32,-3.134051e-32,-4.569166e-33,1.943848e-32,4.032727e-32,5.810955e-32,7.300404e-32,8.532817e-32,9.543081e-32,1.036531e-31,1.103078e-31,1.156704e-31,1.199772e-31,1.234267e-31,1.261839e-31,1.283841e-31,1.301375e-31,1.315334e-31,1.326437e-31,1.335264e-31,1.342278e-31,1.347848e-31,1.352271e-31,1.355781e-31,1.358567e-31,1.360778e-31,1.362532e-31,1.363923e-31,1.365027e-31,1.365902e-31,1.366596e-31,1.367147e-31,1.367584e-31,1.367930e-31,1.368205e-31,1.368423e-31,1.368596e-31,1.368733e-31,1.368841e-31,1.368928e-31,1.368996e-31,1.369050e-31,1.369093e-31,1.369127e-31,1.369154e-31,1.369176e-31,1.369193e-31,1.369206e-31,1.369217e-31,1.369225e-31,1.369232e-31
Co-71,-6.219367e-33,-5.282088e-32,-8.330045e-32,-9.638562e-32,-9.501405e-32,-8.354514e-32,-6.615001e-32,-4.612886e-32,-2.578082e-32,-6.533487e-33,1.084503e-32,2.603953e-32,3.902057e-32,4.992259e-32,5.896156e-32,6.638275e-32,7.242994e-32,7.732881e-32,8.127942e-32,8.445399e-32,8.699787e-32,8.903189e-32,9.065543e-32,9.194956e-32,9.298001e-32,9.379981e-32,9.445158e-32,9.496949e-32,9.538085e-32,9.570748e-32,9.596676e-32,9.617253e-32,9.633581e-32,9.646536e-32,9.656813e-32,9.664966e-32,9.671433e-32,9.676562e-32,9.680630e-32,9.683856e-32,9.686415e-32,9.688444e-32,9.690053e-32,9.691329e-32,9.692342e-32,9.693144e-32,9.693781e-32,9.694285e-32,9.694686e-32,9.695003e-32,9.695255e-32,9.695454e-32,9.695613e-32,9.695738e-32,9.695838e-32,9.695917e-32,9.695979e-32,9.696029e-32,9.696068e-32,9.696100e-32
Co-72,-2.362208e-32,-3.413233e-32,-3.798736e-32,-3.651441e-32,-3.143785e-32,-2.433248e-32,-1.641016e-32,-8.496381e-33,-1.091321e-33,5.545873e-33,1.131880e-32,1.623197e-32,2.034652e-32,2.375057e-32,2.654073e-32,2.881140e-32,3.064905e-32,3.212985e-32,3.331904e-32,3.427151e-32,3.503280e-32,3.564028e-32,3.612439e-32,3.650979e-32,3.681636e-32,3.706006e-32,3.725370e-32,3.740748e-32,3.752959e-32,3.762651e-32,3.770343e-32,3.776446e-32,3.781288e-32,3.785130e-32,3.788177e-32,3.790594e-32,3.792511e-32,3.794031e-32,3.795237e-32,3.796193e-32,3.796952e-32,3.797553e-32,3.798030e-32,3.798409e-32,3.798709e-32,3.798946e-32,3.799135e-32,3.799285e-32,3.799403e-32,3.799497e-32,3.799572e-32,3.799631e-32,3.799678e-32,3.799715e-32,3.799745e-32,3.799768e-32,3.799787e-32,3.799801e-32,3.799813e-32,3.799822e-32
Co-73,-1.418051e-32,-1.428673e-32,-1.278013e-32,-1.029590e-32,-7.349686e-33,-4.307830e-33,-1.402411e-33,1.238099e-33,3.557450e-33,5.545617e-33,7.219568e-33,8.610103e-33,9.753429e-33,1.068612e-32,1.144237e-32,1.205264e-32,1.254330e-32,1.293665e-32,1.325126e-32,1.350245e-32,1.370271e-32,1.386220e-32,1.398910e-32,1.409000e-32,1.417018e-32,1.423387e-32,1.428445e-32,1.432459e-32,1.435646e-32,1.438174e-32,1.440180e-32,1.441772e-32,1.443034e-32,1.444036e-32,1.444830e-32,1.445460e-32,1.445960e-32,1.446356e-32,1.446670e-32,1.446919e-32,1.447117e-32,1.447274e-32,1.447398e-32,1.447497e-32,1.447575e-32,1.447637e-32,1.447686e-32,1.447725e-32,1.447756e-32,1.447780e-32,1.447800e-32,1.447815e-32,1.447828e-32,1.447837e-32,1.447845e-32,1.447851e-32,1.447856e-32,1.447860e-32,1.447863e-32,1.447865e-32
Co-74,-1.888627e-33,-1.628948e-33,-1.263069e-33,-8.539959e-34,-4.447382e-34,-6.141684e-35,2.823834e-34,5.815563e-34,8.362625e-34,1.049622e-33,1.226173e-33,1.370907e-33,1.488707e-33,1.584052e-33,1.660886e-33,1.722594e-33,1.772020e-33,1.811527e-33,1.843052e-33,1.868176e-33,1.888177e-33,1.904088e-33,1.916736e-33,1.926785e-33,1.934767e-33,1.941104e-33,1.946134e-33,1.950126e-33,1.953294e-33,1.955807e-33,1.957801e-33,1.959382e-33,1.960637e-33,1.961632e-33,1.962421e-33,1.963047e-33,1.963543e-33,1.963937e-33,1.964249e-33,1.964497e-33,1.964693e-33,1.964849e-33,1.964972e-33,1.965070e-33,1.965148e-33,1.965209e-33,1.965258e-33,1.965297e-33,1.965327e-33,1.965352e-33,1.965371e-33,1.965386e-33,1.965399e-33,1.965408e-33,1.965416e-33,1.965422e-33,1.965427e-33,1.965430e-33,1.965433e-33,1.965436e-33
Co-75,-2.484632e-34,-2.269579e-34,-1.866113e-34,-1.367855e-34,-8.428739e-35,-3.352656e-35,1.298176e-35,5.406621e-35,8.942971e-35,1.192956e-34,1.441624e-34,1.646446e-34,1.813763e-34,1.949569e-34,2.059253e-34,2.147496e-34,2.218272e-34,2.274905e-34,2.320135e-34,2.356204e-34,2.384934e-34,2.407798e-34,2.425979e-34,2.440429e-34,2.451908e-34,2.461023e-34,2.468260e-34,2.474003e-34,2.478561e-34,2.482177e-34,2.485046e-34,2.487322e-34,2.489128e-34,2.490559e-34,2.491695e-34,2.492596e-34,2.493310e-34,2.493877e-34,2.494326e-34,2.494682e-34,2.494965e-34,2.495189e-34,2.495367e-34,2.495508e-34,2.495619e-34,2.495708e-34,2.495778e-34,2.495834e-34,2.495878e-34,2.495913e-34,2.495941e-34,2.495963e-34,2.495981e-34,2.495994e-34,2.496005e-34,2.496014e-34,2.496021e-34,2.496027e-34,2.496031e-34,2.496034e-34
Ni-65,1.731922e+12,1.611803e+12,1.472133e+12,1.313126e+12,1.136864e+12,9.479175e+11,7.537500e+11,5.645473e+11,3.921092e+11,2.476250e+11,1.387002e+11,6.678112e+10,2.656889e+10,8.310129e+09,1.919036e+09,3.022780e+08,2.939051e+07,1.555225e+06,3.821175e+04,3.568187e+02,9.837224e-01,5.823330e-04,4.953854e-08,3.649748e-13,1.229699e-19,8.468890e-28,-6.967786e-35,-1.098409e-35,-6.269654e-35,4.701996e-36,1.218022e-35,1.837771e-36,-5.147232e-35,-9.275788e-35,4.785532e-37,-8.400167e-35,-9.096831e-36,-9.823322e-35,-2.925144e-36,-5.589929e-35,-9.672642e-35,-2.335663e-35,-4.938559e-36,-6.290662e-35,-1.018855e-34,-8.314203e-35,-3.774922e-35,-5.430709e-36,-1.605786e-36,-2.037220e-35,-4.838942e-35,-7.448255e-35,-9.271056e-35,-1.016294e-34,-1.024364e-34,-9.736275e-35,-8.868443e-35,-7.826673e-35,-6.744426e-35,-5.706842e-35
Ni-66,2.066227e+15,2.059392e+15,2.050804e+15,2.040025e+15,2.026514e+15,2.009604e+15,1.988480e+15,1.962159e+15,1.929463e+15,1.889008e+15,1.839200e+15,1.778259e+15,1.704281e+15,1.615364e+15,1.509819e+15,1.386499e+15,1.245245e+15,1.087450e+15,9.166488e+14,7.389698e+14,5.631501e+14,3.997785e+14,2.595209e+14,1.505024e+14,7.570899e+13,3.183179e+13,1.067463e+13,2.691431e+12,4.736107e+11,5.295371e+10,3.341909e+09,1.025374e+08,1.267075e+06,4.973428e+03,4.596558e+00,6.857822e-04,1.026063e-08,8.446736e-15,1.794609e-22,3.880595e-32,-3.369936e-32,-5.228384e-32,-8.529787e-32,-5.896222e-32,-6.637824e-32,-9.037677e-32,-4.591071e-32,-3.592997e-33,-9.039984e-32,3.693660e-33,-8.686906e-32,-2.033369e-32,-2.391935e-32,-9.066558e-32,-3.757819e-32,3.573455e-33,-3.861827e-32,-8.592678e-32,-8.162331e-32,-4.228482e-32
Ni-67,-9.522208e-32,-7.735184e-32,4.204756e-31,3.382242e-31,7.535322e-32,1.704380e-32,-7.452246e-32,-3.518401e-31,1.177112e-31,2.769778e-32,2.534136e-31,4.836710e-33,4.292607e-31,6.770879e-32,-4.325096e-32,2.712389e-31,2.420561e-31,-8.009943e-32,-2.528080e-31,-1.605189e-31,2.667868e-32,1.366628e-31,1.166822e-31,3.648394e-33,-1.401654e-31,-2.666676e-31,-3.523807e-31,-3.934726e-31,-3.970131e-31,-3.739096e-31,-3.347530e-31,-2.880118e-31,-2.396494e-31,-1.934220e-31,-1.514010e-31,-1.144915e-31,-8.285558e-32,-5.622280e-32,-3.410196e-32,-1.591578e-32,-1.081438e-33,1.094552e-32,2.065040e-32,2.845267e-32,3.470720e-32,3.970963e-32,4.370345e-32,4.688753e-32,4.942322e-32,5.144077e-32,5.304494e-32,5.431973e-32,5.533233e-32,5.613638e-32,5.677466e-32,5.728124e-32,5.768322e-32,5.800216e-32,5.825518e-32,5.845589e-32
Ni-68,8.771704e-22,3.193022e-31,3.712888e-32,-3.696390e-31,-3.840641e-31,1.383045e-32,7.302531e-34,-2.614200e-31,9.918195e-32,5.996637e-31,-3.143102e-31,5.745251e-31,-3.701375e-31,2.906402e-31,1.560398e-31,-4.997602e-31,1.993792e-32,3.712648e-31,-7.999802e-32,-5.469848e-31,-4.999849e-31,-1.199852e-31,2.116566e-31,2.993396e-31,1.622924e-31,-8.513965e-32,-3.337629e-31,-5.191789e-31,-6.205578e-31,-6.447469e-31,-6.107556e-31,-5.395540e-31,-4.490168e-31,-3.523016e-31,-2.580348e-31,-1.712159e-31,-9.424715e-32,-2.782597e-32,2.837557e-32,7.523626e-32,1.138760e-31,1.454664e-31,1.711241e-31,1.918567e-31,2.085430e-31,2.219307e-31,2.326455e-31,2.412046e-31,2.480312e-31,2.534694e-31,2.577975e-31,2.612396e-31,2.639753e-31,2.661487e-31,2.678746e-31,2.692448e-31,2.703324e-31,2.711954e-31,2.718802e-31,2.724235e-31
Ni-69,5.183055e-08,1.727938e-09,-1.058751e-12,8.539163e-14,-5.122190e-18,-1.245680e-20,1.608946e-23,-1.936976e-26,-1.559590e-31,7.934707e-31,4.593689e-31,-8.260345e-31,2.957831e-31,9.792715e-31,1.710858e-32,-9.332663e-31,-8.149133e-31,-2.776750e-32,6.429165e-31,8.056743e-31,5.088281e-31,-9.237104e-33,-5.244760e-31,-9.062846e-31,-1.113561e-30,-1.161556e-30,-1.089985e-30,-9.422245e-31,-7.550766e-31,-5.555503e-31,-3.613084e-31,-1.825582e-31,-2.417938e-32,1.124380e-31,2.279987e-31,3.243297e-31,4.037463e-31,4.686650e-31,5.213859e-31,5.639834e-31,5.982647e-31,6.257678e-31,6.477789e-31,6.653608e-31,6.793836e-31,6.905543e-31,6.994445e-31,7.065146e-31,7.121339e-31,7.165980e-31,7.201430e-31,7.229574e-31,7.251912e-31,7.269639e-31,7.283704e-31,7.294862e-31,7.303714e-31,7.310736e-31,7.316305e-31,7.320722e-31
Ni-70,-1.548315e-30,1.219473e-30,6.749538e-31,-1.418866e-30,1.762637e-30,-1.133071e-30,3.445235e-31,1.510096e-30,-1.747413e-30,-2.497328e-31,1.973796e-30,6.348030e-31,-1.582426e-30,-1.810690e-30,-3.225782e-31,1.252486e-30,1.873001e-30,1.468455e-30,4.841918e-31,-5.897823e-31,-1.437146e-30,-1.935727e-30,-2.095963e-30,-1.991930e-30,-1.713043e-30,-1.338604e-30,-9.285419e-31,-5.230592e-31,-1.461038e-31,1.902551e-31,4.818774e-31,7.294828e-31,9.364722e-31,1.107487e-30,1.247515e-30,1.361380e-30,1.453474e-30,1.527647e-30,1.587191e-30,1.634867e-30,1.672965e-30,1.703360e-30,1.727578e-30,1.746857e-30,1.762190e-30,1.774378e-30,1.784062e-30,1.791753e-30,1.797858e-30,1.802705e-30,1.806551e-30,1.809603e-30,1.812024e-30,1.813945e-30,1.815468e-30,1.816677e-30,1.817635e-30,1.818396e-30,1.818999e-30,1.819477e-30
Ni-71,-1.072892e-31,6.236048e-31,-1.798409e-30,3.040282e-30,-1.524975e-30,-1.852283e-30,2.414292e-30,2.094365e-30,-1.454830e-30,-2.927643e-30,-1.275816e-30,1.301781e-30,2.783222e-30,2.632426e-30,1.356753e-30,-2.748270e-31,-1.687980e-30,-2.611027e-30,-3.006581e-30,-2.964224e-30,-2.616238e-30,-2.089008e-30,-1.482457e-30,-8.661602e-31,-2.832983e-31,2.429094e-31,7.029479e-31,1.095946e-30,1.425986e-30,1.699615e-30,1.924265e-30,2.107317e-30,2.255607e-30,2.375191e-30,2.471284e-30,2.548285e-30,2.609853e-30,2.658995e-30,2.698167e-30,2.729357e-30,2.754172e-30,2.773900e-30,2.789576e-30,2.802027e-30,2.811914e-30,2.819762e-30,2.825990e-30,2.830932e-30,2.834854e-30,2.837964e-30,2.840432e-30,2.842389e-30,2.843942e-30,2.845173e-30,2.846150e-30,2.846924e-30,2.847538e-30,2.848025e-30,2.848412e-30,2.848718e-30
Ni-72,-2.049748e-30,4.806464e-30,-3.534066e-30,-2.500999e-30,4.469270e-30,2.939134e-30,-3.047049e-30,-4.886452e-30,-1.668632e-30,2.657591e-30,4.894073e-30,4.384967e-30,2.100049e-30,-6.633653e-31,-2.982857e-30,-4.447413e-30,-5.025125e-30,-4.881801e-30,-4.244129e-30,-3.323071e-30,-2.282844e-30,-1.236372e-30,-2.527951e-31,6.314656e-31,1.402242e-30,2.059267e-30,2.610145e-30,3.066306e-30,3.440462e-30,3.745117e-30,3.991777e-30,4.190600e-30,4.350312e-30,4.478257e-30,4.580537e-30,4.662162e-30,4.727216e-30,4.779010e-30,4.820213e-30,4.852968e-30,4.878994e-30,4.899666e-30,4.916078e-30,4.929107e-30,4.939446e-30,4.947650e-30,4.954159e-30,4.959323e-30,4.963419e-30,4.966669e-30,4.969246e-30,4.971290e-30,4.972911e-30,4.974196e-30,4.975216e-30,4.976024e-30,4.976665e-30,4.977174e-30,4.977577e-30,4.977897e-30
Ni-73,-4.072061e-30,2.719589e-30,4.048880e-30,-1.307743e-30,-4.650587e-30,-2.768737e-30,1.376847e-30,4.229822e-30,4.481972e-30,2.720441e-30,1.635465e-31,-2.188425e-30,-3.813345e-30,-4.592384e-30,-4.640476e-30,-4.162050e-30,-3.363212e-30,-2.411825e-30,-1.427444e-30,-4.859874e-31,3.703718e-31,1.123032e-30,1.768505e-30,2.312143e-30,2.763851e-30,3.135324e-30,3.438407e-30,3.684179e-30,3.882531e-30,4.042016e-30,4.169877e-30,4.272149e-30,4.353806e-30,4.418910e-30,4.470759e-30,4.512015e-30,4.544818e-30,4.570887e-30,4.591594e-30,4.608036e-30,4.621089e-30,4.631449e-30,4.639669e-30,4.646192e-30,4.651366e-30,4.655471e-30,4.658727e-30,4.661309e-30,4.663358e-30,4.664982e-30,4.666270e-30,4.667292e-30,4.668102e-30,4.668745e-30,4.669255e-30,4.669659e-30,4.669979e-30,4.670233e-30,4.670435e-30,4.670595e-30
Ni-74,1.373444e-30,2.758077e-30,-5.177096e-31,-2.936800e-30,-1.982638e-30,6.537339e-31,2.614224e-30,2.922001e-30,1.878308e-30,2.560519e-31,-1.280005e-30,-2.368135e-30,-2.913468e-30,-2.980555e-30,-2.698081e-30,-2.199407e-30,-1.594725e-30,-9.633446e-31,-3.561546e-31,1.981822e-31,6.866490e-31,1.106337e-30,1.460304e-30,1.754723e-30,1.997042e-30,2.194870e-30,2.355368e-30,2.484947e-30,2.589166e-30,2.672739e-30,2.739599e-30,2.792989e-30,2.835561e-30,2.869469e-30,2.896450e-30,2.917905e-30,2.934956e-30,2.948501e-30,2.959256e-30,2.967794e-30,2.974571e-30,2.979949e-30,2.984215e-30,2.987600e-30,2.990286e-30,2.992415e-30,2.994105e-30,2.995445e-30,2.996507e-30,2.997350e-30,2.998019e-30,2.998549e-30,2.998969e-30,2.999303e-30,2.999567e-30,2.999777e-30,2.999943e-30,3.000075e-30,3.000179e-30,3.000262e-30
Ni-75,9.684530e-31,4.111150e-31,-7.414218e-31,-9.317636e-31,-1.991624e-31,6.331543e-31,9.974911e-31,8.281379e-31,3.428048e-31,-2.047657e-31,-6.455203e-31,-9.107238e-31,-1.001979e-30,-9.556155e-31,-8.171592e-31,-6.276032e-31,-4.182184e-31,-2.101492e-31,-1.610120e-32,1.574302e-31,3.081203e-31,4.362155e-31,5.433932e-31,6.320030e-31,7.045953e-31,7.636478e-31,8.114240e-31,8.499129e-31,8.808166e-31,9.055650e-31,9.253434e-31,9.411242e-31,9.536993e-31,9.637097e-31,9.716722e-31,9.780018e-31,9.830307e-31,9.870247e-31,9.901957e-31,9.927128e-31,9.947103e-31,9.962953e-31,9.975528e-31,9.985503e-31,9.993417e-31,9.999693e-31,1.000467e-30,1.000862e-30,1.001175e-30,1.001423e-30,1.001620e-30,1.001777e-30,1.001900e-30,1.001999e-30,1.002077e-30,1.002138e-30,1.002187e-30,1.002226e-30,1.002257e-30,1.002281e-30
Ni-76,-6.933176e-32,2.048653e-31,3.268660e-31,2.732704e-31,1.148686e-31,-6.490726e-32,-2.101505e-31,-2.979297e-31,-3.285467e-31,-3.138321e-31,-2.687160e-31,-2.066807e-31,-1.380288e-31,-6.973697e-32,-6.004769e-33,5.101505e-32,1.005457e-31,1.426597e-31,1.779029e-31,2.070444e-31,2.309207e-31,2.503452e-31,2.660616e-31,2.787234e-31,2.888903e-31,2.970324e-31,3.035396e-31,3.087316e-31,3.128690e-31,3.161626e-31,3.187825e-31,3.208650e-31,3.225197e-31,3.238338e-31,3.248772e-31,3.257054e-31,3.263626e-31,3.268841e-31,3.272979e-31,3.276261e-31,3.278865e-31,3.280930e-31,3.282568e-31,3.283867e-31,3.284897e-31,3.285715e-31,3.286363e-31,3.286877e-31,3.287284e-31,3.287607e-31,3.287864e-31,3.288067e-31,3.288228e-31,3.288356e-31,3.288457e-31,3.288538e-31,3.288601e-31,3.288652e-31,3.288692e-31,3.288724e-31
Ni-77,-2.182952e-32,-3.257116e-32,-3.678751e-32,-3.570272e-32,-3.098621e-32,-2.419012e-32,-1.652195e-32,-8.811612e-33,-1.566914e-33,4.944912e-33,1.062020e-32,1.545742e-32,1.951284e-32,2.287079e-32,2.562494e-32,2.786742e-32,2.968296e-32,3.114638e-32,3.232189e-32,3.326360e-32,3.401638e-32,3.461714e-32,3.509594e-32,3.547714e-32,3.578039e-32,3.602146e-32,3.621301e-32,3.636515e-32,3.648595e-32,3.658183e-32,3.665793e-32,3.671831e-32,3.676622e-32,3.680422e-32,3.683437e-32,3.685828e-32,3.687725e-32,3.689229e-32,3.690422e-32,3.691368e-32,3.692119e-32,3.692714e-32,3.693186e-32,3.693560e-32,3.693857e-32,3.694092e-32,3.694279e-32,3.694427e-32,3.694544e-32,3.694637e-32,3.694711e-32,3.694770e-32,3.694816e-32,3.694853e-32,3.694882e-32,3.694905e-32,3.694924e-32,3.694938e-32,3.694950e-32,3.694959e-32
Ni-78,2.289791e-33,5.497514e-34,-1.182683e-33,-2.460722e-33,-3.144424e-33,-3.286457e-33,-3.022820e-33,-2.501726e-33,-1.848736e-33,-1.155839e-33,-4.830532e-34,1.350712e-34,6.821587e-34,1.153719e-33,1.552381e-33,1.884571e-33,2.158350e-33,2.382098e-33,2.563774e-33,2.710544e-33,2.828648e-33,2.923393e-33,2.999213e-33,3.059774e-33,3.108073e-33,3.146547e-33,3.177166e-33,3.201516e-33,3.220869e-33,3.236243e-33,3.248452e-33,3.258145e-33,3.265838e-33,3.271942e-33,3.276786e-33,3.280629e-33,3.283678e-33,3.286096e-33,3.288014e-33,3.289535e-33,3.290741e-33,3.291698e-33,3.292457e-33,3.293059e-33,3.293536e-33,3.293915e-33,3.294215e-33,3.294453e-33,3.294642e-33,3.294791e-33,3.294910e-33,3.295004e-33,3.295079e-33,3.295138e-33,3.295185e-33,3.295222e-33,3.295252e-33,3.295275e-33,3.295294e-33,3.295308e-33
Cu-65,5.485281e+11,6.686476e+11,8.083178e+11,9.673240e+11,1.143586e+12,1.332533e+12,1.526700e+12,1.715903e+12,1.888341e+12,2.032825e+12,2.141750e+12,2.213669e+12,2.253882e+12,2.272140e+12,2.278531e+12,2.280148e+12,2.280421e+12,2.280449e+12,2.280450e+12,2.280450e+12,2.280450e+12,2.280450e+12,2.280450e+12,2.280450e+12,2.280450e+12,2.280450e+12,2.280450e+12,2.280450e+12,2.280450e+12,2.280450e+12,2.280450e+12,2.280450e+12,2.280450e+12,2.280450e+12,2.280450e+12,2.280450e+12,2.280450e+12,2.280450e+12,2.280450e+12,2.280450e+12,2.280450e+12,2.280450e+12,2.280450e+12,2.280450e+12,2.280450e+12,2.280450e+12,2.280450e+12,2.280450e+12,2.280450e+12,2.280450e+12,2.280450e+12,2.280450e+12,2.280450e+12,2.280450e+12,2.280450e+12,2.280450e+12,2.280450e+12,2.280450e+12,2.280450e+12,2.280450e+12
Cu-66,3.233473e+12,3.223521e+12,3.210173e+12,3.193308e+12,3.172159e+12,3.145689e+12,3.112623e+12,3.071422e+12,3.020242e+12,2.956917e+12,2.878952e+12,2.783559e+12,2.667759e+12,2.528574e+12,2.363363e+12,2.170326e+12,1.949217e+12,1.702215e+12,1.434856e+12,1.156730e+12,8.815146e+11,6.257845e+11,4.062353e+11,2.355856e+11,1.185094e+11,4.982720e+10,1.670929e+10,4.212973e+09,7.413561e+08,8.288993e+07,5.231184e+06,1.605047e+05,1.983388e+03,7.785045e+00,7.195121e-03,1.073474e-06,1.606126e-11,1.322191e-17,2.809168e-25,1.444887e-34,7.595423e-35,3.755993e-35,-2.649768e-35,1.222227e-36,-2.370932e-35,-7.364258e-35,-1.506328e-35,4.162633e-35,-1.023603e-34,3.815364e-35,-1.092010e-34,-9.630989e-36,-1.896699e-35,-1.264577e-34,-4.578326e-35,1.668619e-35,-5.091605e-35,-1.262146e-34,-1.204716e-34,-5.968546e-35
Cu-67,1.034746e+16,1.031722e+16,1.027922e+16,1.023150e+16,1.017163e+16,1.009664e+16,1.000287e+16,9.885851e+15,9.740242e+15,9.559677e+15,9.336743e+15,9.063014e+15,8.729244e+15,8.325818e+15,7.843557e+15,7.275032e+15,6.616477e+15,5.870324e+15,5.048160e+15,4.173486e+15,3.283182e+15,2.425998e+15,1.656477e+15,1.023827e+15,5.581142e+14,2.596792e+14,9.894976e+13,2.930993e+13,6.319557e+12,9.129073e+11,7.958544e+10,3.669906e+09,7.580421e+07,5.687299e+05,1.189831e+03,4.973423e-01,2.728030e-05,1.155697e-10,1.937863e-17,5.535897e-26,4.993164e-33,-4.226191e-31,-9.898603e-34,-2.760577e-32,-8.963527e-32,-6.274121e-33,-5.491095e-32,-4.363110e-31,-1.309974e-31,-2.645290e-31,-1.600653e-31,-3.976364e-31,4.599460e-33,-3.478669e-31,-3.994554e-31,-5.414206e-32,-6.166461e-32,-3.436772e-31,-4.704465e-31,-3.436549e-31
Cu-68,4.390034e+08,2.427849e+07,6.306616e+05,6.317241e+03,1.902783e+01,1.259383e-02,1.233252e-06,1.085046e-11,4.572775e-18,4.175475e-26,3.293783e-30,-2.492566e-30,3.540426e-30,-4.672865e-30,3.354178e-30,9.739511e-31,-3.387756e-30,-2.249857e-31,2.607712e-30,1.333632e-30,-1.041463e-30,-1.895090e-30,-1.192514e-30,-1.049124e-32,8.471430e-31,1.152743e-30,1.028148e-30,6.902097e-31,3.138932e-31,-3.467516e-33,-2.276942e-31,-3.614010e-31,-4.228829e-31,-4.336284e-31,-4.125056e-31,-3.738984e-31,-3.277735e-31,-2.804908e-31,-2.357562e-31,-1.954624e-31,-1.603400e-31,-1.304230e-31,-1.053635e-31,-8.463278e-32,-6.764386e-32,-5.382131e-32,-4.263725e-32,-3.362698e-32,-2.639235e-32,-2.059870e-32,-1.596859e-32,-1.227436e-32,-9.330602e-33,-6.987239e-33,-5.123302e-33,-3.641642e-33,-2.464444e-33,-1.529515e-33,-7.872278e-34,-1.980347e-34
Cu-68m,3.258412e+09,1.802021e+08,4.680956e+06,4.688842e+04,1.412301e+02,9.347513e-02,9.153555e-06,8.053529e-11,3.394048e-17,3.099651e-25,-4.263751e-33,3.875324e-33,-4.519037e-33,1.901263e-33,3.957966e-33,2.811122e-33,-2.214938e-33,-3.834858e-33,4.731836e-33,-4.077345e-33,4.182391e-33,-4.787187e-33,3.994723e-33,6.484359e-35,-4.569125e-33,2.097690e-33,4.467235e-33,-7.418138e-34,-4.699999e-33,-3.239529e-33,9.859117e-34,4.169918e-33,4.705152e-33,3.053603e-33,4.536805e-34,-2.020674e-33,-3.780969e-33,-4.669537e-33,-4.787411e-33,-4.340545e-33,-3.543439e-33,-2.573771e-33,-1.559664e-33,-5.834658e-34,3.083296e-34,1.094509e-33,1.770209e-33,2.340236e-33,2.814455e-33,3.204809e-33,3.523529e-33,3.782127e-33,3.990922e-33,4.158861e-33,4.293537e-33,4.401283e-33,4.487325e-33,4.555934e-33,4.610580e-33,4.654065e-33
Cu-69,2.235364e+10,4.955379e+08,4.064349e+06,9.514237e+03,4.582334e+00,3.005299e-04,1.594953e-09,3.553350e-16,1.452538e-24,-6.354227e-31,-1.127298e-30,1.369526e-30,8.537728e-31,-7.141725e-32,1.071346e-30,1.380875e-30,-2.978489e-31,6.273395e-31,-1.261008e-30,-4.696652e-31,-1.629528e-30,9.063313e-31,-1.271128e-32,-1.051046e-31,1.723274e-30,1.907549e-30,5.374206e-31,-3.114256e-31,3.797201e-33,7.608535e-31,1.175432e-30,9.960380e-31,3.876487e-31,-3.616654e-31,-1.026446e-30,-1.495033e-30,-1.747896e-30,-1.817294e-30,-1.754210e-30,-1.608679e-30,-1.421100e-30,-1.220263e-30,-1.024622e-30,-8.446788e-31,-6.853811e-31,-5.480951e-31,-4.320646e-31,-3.354111e-31,-2.557764e-31,-1.907114e-31,-1.378930e-31,-9.523070e-32,-6.090611e-32,-3.337418e-32,-1.134368e-32,6.251398e-33,2.028312e-32,3.146000e-32,4.035461e-32,4.742779e-32
Cu-70,5.716264e-08,2.513330e-14,2.421333e-22,-7.683385e-32,1.620593e-31,-1.713288e-30,4.201662e-31,1.777060e-31,3.249420e-30,-6.559145e-31,-4.654507e-30,2.208996e-30,-8.559283e-31,4.987990e-30,-3.138512e-30,1.105199e-30,-1.782703e-30,-5.009321e-30,1.403314e-31,3.523013e-30,1.660925e-30,-4.899622e-31,5.804777e-32,2.197586e-30,3.830413e-30,3.968401e-30,2.806942e-30,1.031244e-30,-7.311759e-31,-2.115261e-30,-3.002384e-30,-3.428814e-30,-3.499116e-30,-3.329773e-30,-3.021230e-30,-2.648728e-30,-2.263022e-30,-1.895070e-30,-1.561454e-30,-1.269145e-30,-1.019146e-30,-8.090713e-31,-6.348516e-31,-4.917983e-31,-3.752278e-31,-2.807944e-31,-2.046428e-31,-1.434521e-31,-9.442015e-32,-5.521684e-32,-2.392598e-32,1.015513e-33,2.087472e-32,3.667388e-32,4.923461e-32,5.921542e-32,6.714290e-32,7.343738e-32,7.843394e-32,8.239938e-32
Cu-70m,1.872003e-17,5.013902e-26,2.480258e-31,-2.884928e-31,2.588435e-31,1.980957e-31,1.274247e-31,2.481408e-31,2.172844e-31,-2.559733e-31,1.032762e-31,-3.250859e-32,7.451502e-32,-1.991019e-31,2.920901e-31,-1.496640e-31,-2.004958e-31,2.261005e-31,2.092958e-31,-1.395806e-31,-2.912550e-31,-1.309795e-31,1.265258e-31,2.781996e-31,2.677303e-31,1.439657e-31,-1.683265e-32,-1.570920e-31,-2.492367e-31,-2.891351e-31,-2.854625e-31,-2.512769e-31,-1.991291e-31,-1.389748e-31,-7.776310e-32,-1.981715e-32,3.253073e-32,7.831760e-32,1.174456e-31,1.503141e-31,1.775701e-31,1.999508e-31,2.181895e-31,2.329660e-31,2.448829e-31,2.544594e-31,2.621336e-31,2.682699e-31,2.731679e-31,2.770722e-31,2.801811e-31,2.826545e-31,2.846209e-31,2.861834e-31,2.874246e-31,2.884100e-31,2.891923e-31,2.898131e-31,2.903058e-31,2.906966e-31
Cu-71,-3.667549e-30,4.326863e-30,1.638444e-30,-8.475755e-30,-3.340186e-30,6.047875e-32,2.277538e-30,-2.281088e-30,-1.456577e-30,7.154900e-30,-1.190045e-30,-2.048785e-30,1.399584e-30,-8.023741e-30,-3.288334e-30,5.694688e-30,4.252122e-30,-1.234516e-30,-1.927168e-30,2.135465e-30,6.456418e-30,7.940956e-30,6.308224e-30,2.861858e-30,-9.103137e-31,-4.019271e-30,-6.060225e-30,-7.038365e-30,-7.162846e-30,-6.698753e-30,-5.887051e-30,-4.913761e-30,-3.906922e-30,-2.945814e-30,-2.073485e-30,-1.308342e-30,-6.533144e-31,-1.024360e-31,3.547373e-31,7.303397e-31,1.036550e-30,1.284703e-30,1.484874e-30,1.645758e-30,1.774698e-30,1.877808e-30,1.960117e-30,2.025730e-30,2.077978e-30,2.119547e-30,2.152596e-30,2.178859e-30,2.199719e-30,2.216282e-30,2.229431e-30,2.239866e-30,2.248146e-30,2.254716e-30,2.259928e-30,2.264062e-30
Cu-72,1.754782e-29,3.800205e-31,-1.004853e-29,1.238828e-29,-1.115629e-29,3.151015e-30,-8.139044e-30,2.113874e-29,-3.374751e-30,-1.516377e-29,3.855290e-30,6.022308e-30,-8.558568e-30,-1.405426e-29,-3.802911e-30,1.133222e-29,2.046700e-29,2.035238e-29,1.350627e-29,4.102873e-30,-4.585640e-30,-1.088580e-29,-1.442020e-29,-1.555006e-29,-1.491737e-29,-1.317040e-29,-1.083990e-29,-8.307734e-30,-5.821057e-30,-3.522355e-30,-1.480506e-30,2.833807e-31,1.776733e-30,3.022282e-30,4.049497e-30,4.889389e-30,5.571577e-30,6.122833e-30,6.566503e-30,6.922467e-30,7.207361e-30,7.434934e-30,7.616442e-30,7.761036e-30,7.876114e-30,7.967632e-30,8.040370e-30,8.098155e-30,8.144044e-30,8.180475e-30,8.209390e-30,8.232337e-30,8.250544e-30,8.264988e-30,8.276447e-30,8.285536e-30,8.292745e-30,8.298463e-30,8.302998e-30,8.306595e-30
Cu-73,-3.164434e-29,2.209941e-29,-2.164528e-29,2.165694e-29,-2.567207e-29,3.926673e-29,-1.320737e-29,-3.523040e-29,1.835786e-29,2.655269e-29,-1.314653e-29,-3.394930e-29,-1.515775e-29,1.837387e-29,3.967402e-29,3.987982e-29,2.442855e-29,3.114484e-30,-1.627874e-29,-2.978640e-29,-3.657385e-29,-3.758914e-29,-3.444623e-29,-2.875499e-29,-2.182116e-29,-1.457395e-29,-7.604815e-30,-1.244730e-30,4.357084e-30,9.168057e-30,1.322412e-29,1.659676e-29,1.937183e-29,2.163690e-29,2.347422e-29,2.495739e-29,2.615015e-29,2.710653e-29,2.787159e-29,2.848249e-29,2.896959e-29,2.935753e-29,2.966623e-29,2.991169e-29,3.010675e-29,3.026171e-29,3.038475e-29,3.048243e-29,3.055995e-29,3.062147e-29,3.067028e-29,3.070900e-29,3.073972e-29,3.076409e-29,3.078341e-29,3.079874e-29,3.081090e-29,3.082054e-29,3.082819e-29,3.083425e-29
Cu-74,-5.205724e-29,3.241836e-29,7.726993e-30,-4.364219e-29,2.042421e-29,4.631827e-29,-8.262462e-30,-5.244096e-29,-3.865285e-29,7.148260e-30,4.391504e-29,5.290099e-29,3.779212e-29,1.132451e-29,-1.496415e-29,-3.447511e-29,-4.517896e-29,-4.787452e-29,-4.456935e-29,-3.743942e-29,-2.832397e-29,-1.856985e-29,-9.057057e-30,-2.943607e-31,7.474183e-30,1.417773e-29,1.984939e-29,2.457799e-29,2.847674e-29,3.166399e-29,3.425252e-29,3.634409e-29,3.802737e-29,3.937786e-29,4.045869e-29,4.132205e-29,4.201064e-29,4.255918e-29,4.299574e-29,4.334293e-29,4.361887e-29,4.383808e-29,4.401217e-29,4.415037e-29,4.426006e-29,4.434711e-29,4.441618e-29,4.447098e-29,4.451445e-29,4.454893e-29,4.457628e-29,4.459797e-29,4.461517e-29,4.462882e-29,4.463964e-29,4.464822e-29,4.465503e-29,4.466042e-29,4.466470e-29,4.466810e-29
Cu-75,5.889455e-29,-5.541571e-29,-2.561099e-29,6.483184e-29,3.416377e-29,-4.716239e-29,-6.663343e-29,-1.945623e-29,3.910219e-29,6.762245e-29,5.917945e-29,2.765968e-29,-9.509331e-30,-4.027283e-29,-5.943781e-29,-6.677599e-29,-6.459272e-29,-5.593366e-29,-4.359765e-29,-2.974700e-29,-1.585989e-29,-2.835940e-30,8.855071e-30,1.903440e-29,2.770432e-29,3.496901e-29,4.098176e-29,4.591176e-29,4.992483e-29,5.317323e-29,5.579120e-29,5.789387e-29,5.957815e-29,6.092445e-29,6.199879e-29,6.285499e-29,6.353664e-29,6.407888e-29,6.450994e-29,6.485244e-29,6.512446e-29,6.534044e-29,6.551188e-29,6.564794e-29,6.575590e-29,6.584155e-29,6.590950e-29,6.596340e-29,6.600616e-29,6.604007e-29,6.606696e-29,6.608829e-29,6.610521e-29,6.611862e-29,6.612926e-29,6.613770e-29,6.614439e-29,6.614970e-29,6.615391e-29,6.615724e-29
Cu-76,3.735966e-29,4.320431e-29,-2.122821e-29,-5.495987e-29,-2.864547e-29,2.000461e-29,5.107365e-29,5.165669e-29,2.980069e-29,-2.064979e-31,-2.711664e-29,-4.529111e-29,-5.364400e-29,-5.365408e-29,-4.773335e-29,-3.825689e-29,-2.713455e-29,-1.571364e-29,-4.841695e-30,5.016578e-30,1.366191e-29,2.106406e-29,2.729088e-29,3.246000e-29,3.670798e-29,4.017200e-29,4.297983e-29,4.524515e-29,4.706612e-29,4.852572e-29,4.969302e-29,5.062491e-29,5.136783e-29,5.195944e-29,5.243014e-29,5.280440e-29,5.310180e-29,5.333803e-29,5.352560e-29,5.367451e-29,5.379269e-29,5.388646e-29,5.396086e-29,5.401989e-29,5.406671e-29,5.410385e-29,5.413331e-29,5.415668e-29,5.417521e-29,5.418990e-29,5.420156e-29,5.421080e-29,5.421813e-29,5.422394e-29,5.422855e-29,5.423221e-29,5.423511e-29,5.423741e-29,5.423923e-29,5.424068e-29
Cu-77,9.739358e-30,-2.294023e-29,-2.633994e-29,-4.114023e-30,1.958062e-29,2.914391e-29,2.341761e-29,8.980624e-30,-6.873951e-30,-1.941660e-29,-2.680541e-29,-2.917797e-29,-2.762590e-29,-2.347420e-29,-1.790065e-29,-1.179631e-29,-5.759507e-30,-1.468518e-31,4.861764e-30,9.204522e-30,1.289200e-29,1.597474e-29,1.852179e-29,2.060740e-29,2.230336e-29,2.367507e-29,2.477988e-29,2.566679e-29,2.637696e-29,2.694444e-29,2.739718e-29,2.775793e-29,2.804509e-29,2.827349e-29,2.845505e-29,2.859929e-29,2.871385e-29,2.880480e-29,2.887699e-29,2.893428e-29,2.897974e-29,2.901581e-29,2.904442e-29,2.906711e-29,2.908511e-29,2.909939e-29,2.911072e-29,2.911970e-29,2.912682e-29,2.913247e-29,2.913695e-29,2.914050e-29,2.914332e-29,2.914555e-29,2.914732e-29,2.914873e-29,2.914984e-29,2.915073e-29,2.915143e-29,2.915198e-29
Cu-78,-7.066871e-30,-4.433068e-30,1.878526e-30,6.363401e-30,6.892430e-30,4.289808e-30,4.069814e-31,-3.207169e-30,-5.730053e-30,-6.962375e-30,-7.070632e-30,-6.364332e-30,-5.159002e-30,-3.713128e-30,-2.211607e-30,-7.723521e-31,5.387586e-31,1.692308e-30,2.682331e-30,3.516633e-30,4.210148e-30,4.780665e-30,5.246263e-30,5.623895e-30,5.928710e-30,6.173828e-30,6.370359e-30,6.527570e-30,6.653100e-30,6.753188e-30,6.832900e-30,6.896328e-30,6.946763e-30,6.986843e-30,7.018681e-30,7.043962e-30,7.064032e-30,7.079960e-30,7.092600e-30,7.102629e-30,7.110585e-30,7.116897e-30,7.121903e-30,7.125874e-30,7.129023e-30,7.131521e-30,7.133502e-30,7.135073e-30,7.136319e-30,7.137307e-30,7.138091e-30,7.138712e-30,7.139205e-30,7.139596e-30,7.139906e-30,7.140151e-30,7.140346e-30,7.140501e-30,7.140623e-30,7.140720e-30
Cu-80,2.964167e-32,3.360183e-32,2.190671e-32,3.379445e-33,-1.429732e-32,-2.689928e-32,-3.328304e-32,-3.416001e-32,-3.099677e-32,-2.532448e-32,-1.841308e-32,-1.117911e-32,-4.212211e-33,2.154362e-33,7.768188e-33,1.259390e-32,1.666542e-32,2.005291e-32,2.284153e-32,2.511852e-32,2.696607e-32,2.845785e-32,2.965776e-32,3.062002e-32,3.138988e-32,3.200467e-32,3.249491e-32,3.288537e-32,3.319609e-32,3.344316e-32,3.363952e-32,3.379550e-32,3.391937e-32,3.401770e-32,3.409574e-32,3.415767e-32,3.420681e-32,3.424579e-32,3.427672e-32,3.430125e-32,3.432070e-32,3.433613e-32,3.434837e-32,3.435808e-32,3.436578e-32,3.437188e-32,3.437672e-32,3.438056e-32,3.438361e-32,3.438602e-32,3.438794e-32,3.438945e-32,3.439066e-32,3.439161e-32,3.439237e-32,3.439297e-32,3.439345e-32,3.439383e-32,3.439412e-32,3.439436e-32
Zn-66,2.357495e+13,3.042058e+13,3.902171e+13,4.981698e+13,6.334930e+13,8.028628e+13,1.014430e+14,1.278054e+14,1.605524e+14,2.010706e+14,2.509563e+14,3.119928e+14,3.860868e+14,4.751434e+14,5.808528e+14,7.043658e+14,8.458411e+14,1.003884e+15,1.174952e+15,1.352909e+15,1.529004e+15,1.692631e+15,1.833109e+15,1.942298e+15,2.017208e+15,2.061154e+15,2.082344e+15,2.090340e+15,2.092561e+15,2.092983e+15,2.093032e+15,2.093036e+15,2.093036e+15,2.093036e+15,2.093036e+15,2.093036e+15,2.093036e+15,2.093036e+15,2.093036e+15,2.093036e+15,2.093036e+15,2.093036e+15,2.093036e+15,2.093036e+15,2.093036e+15,2.093036e+15,2.093036e+15,2.093036e+15,2.093036e+15,2.093036e+15,2.093036e+15,2.093036e+15,2.093036e+15,2.093036e+15,2.093036e+15,2.093036e+15,2.093036e+15,2.093036e+15,2.093036e+15,2.093036e+15
Zn-67,1.156499e+14,1.458852e+14,1.838870e+14,2.316089e+14,2.914719e+14,3.664619e+14,4.602389e+14,5.772539e+14,7.228637e+14,9.034286e+14,1.126362e+15,1.400091e+15,1.733861e+15,2.137288e+15,2.619548e+15,3.188073e+15,3.846629e+15,4.592781e+15,5.414946e+15,6.289619e+15,7.179923e+15,8.037107e+15,8.806628e+15,9.439278e+15,9.904991e+15,1.020343e+16,1.036416e+16,1.043380e+16,1.045679e+16,1.046219e+16,1.046303e+16,1.046310e+16,1.046311e+16,1.046311e+16,1.046311e+16,1.046311e+16,1.046311e+16,1.046311e+16,1.046311e+16,1.046311e+16,1.046311e+16,1.046311e+16,1.046311e+16,1.046311e+16,1.046311e+16,1.046311e+16,1.046311e+16,1.046311e+16,1.046311e+16,1.046311e+16,1.046311e+16,1.046311e+16,1.046311e+16,1.046311e+16,1.046311e+16,1.046311e+16,1.046311e+16,1.046311e+16,1.046311e+16,1.046311e+16
Zn-68,2.076845e+16,2.076845e+16,2.076845e+16,2.076845e+16,2.076845e+16,2.076845e+16,2.076845e+16,2.076845e+16,2.076845e+16,2.076845e+16,2.076845e+16,2.076845e+16,2.076845e+16,2.076845e+16,2.076845e+16,2.076845e+16,2.076845e+16,2.076845e+16,2.076845e+16,2.076845e+16,2.076845e+16,2.076845e+16,2.076845e+16,2.076845e+16,2.076845e+16,2.076845e+16,2.076845e+16,2.076845e+16,2.076845e+16,2.076845e+16,2.076845e+16,2.076845e+16,2.076845e+16,2.076845e+16,2.076845e+16,2.076845e+16,2.076845e+16,2.076845e+16,2.076845e+16,2.076845e+16,2.076845e+16,2.076845e+16,2.076845e+16,2.076845e+16,2.076845e+16,2.076845e+16,2.076845e+16,2.076845e+16,2.076845e+16,2.076845e+16,2.076845e+16,2.076845e+16,2.076845e+16,2.076845e+16,2.076845e+16,2.076845e+16,2.076845e+16,2.076845e+16,2.076845e+16,2.076845e+16
Zn-69,2.304446e+16,1.900997e+16,1.491351e+16,1.098170e+16,7.465788e+15,4.589409e+15,2.485044e+15,1.146912e+15,4.331335e+14,1.275236e+14,2.804270e+13,4.951857e+12,1.317802e+12,8.213075e+11,6.175575e+11,4.401939e+11,2.873922e+11,1.678703e+11,8.521613e+10,3.624173e+10,1.233026e+10,3.166006e+09,5.700635e+08,6.561071e+07,4.294696e+06,1.379810e+05,1.807004e+03,7.631597e+00,7.735648e-03,1.296650e-06,2.246905e-11,2.225973e-17,5.973288e-25,-6.355456e-31,1.690944e-30,3.796465e-31,4.864691e-31,2.064823e-30,1.805177e-30,3.049627e-31,-4.483039e-31,-6.282859e-32,6.622696e-31,9.976577e-31,7.563877e-31,1.295875e-31,-6.009125e-31,-1.227148e-30,-1.652871e-30,-1.868095e-30,-1.908945e-30,-1.826521e-30,-1.669292e-30,-1.475687e-30,-1.272694e-30,-1.077327e-30,-8.990290e-31,-7.420252e-31,-6.072239e-31,-4.936021e-31
Zn-69m,2.924413e+13,2.886212e+13,2.838749e+13,2.780007e+13,2.707663e+13,2.619112e+13,2.511563e+13,2.382214e+13,2.228555e+13,2.048836e+13,1.842719e+13,1.612097e+13,1.361964e+13,1.101099e+13,8.421384e+12,6.005450e+12,3.920835e+12,2.290221e+12,1.162587e+12,4.944387e+11,1.682193e+11,4.319319e+10,7.777263e+09,8.951138e+08,5.859168e+07,1.882448e+06,2.465259e+04,1.041164e+02,1.055359e-01,1.768994e-05,3.065407e-10,3.036851e-16,8.149241e-24,2.973445e-33,-2.571713e-34,2.131151e-34,-6.938791e-34,-4.549009e-34,-5.156350e-34,-6.830949e-34,1.366195e-34,4.892122e-34,-6.627799e-34,6.738210e-34,-5.894489e-34,2.552660e-34,3.603444e-34,-6.869606e-34,2.121176e-35,6.944005e-34,1.222953e-34,-6.026191e-34,-5.839746e-34,-1.905599e-35,5.157565e-34,6.940189e-34,5.218824e-34,1.655503e-34,-2.065576e-34,-4.909513e-34
Zn-70,1.050721e+17,1.050721e+17,1.050721e+17,1.050721e+17,1.050721e+17,1.050721e+17,1.050721e+17,1.050721e+17,1.050721e+17,1.050721e+17,1.050721e+17,1.050721e+17,1.050721e+17,1.050721e+17,1.050721e+17,1.050721e+17,1.050721e+17,1.050721e+17,1.050721e+17,1.050721e+17,1.050721e+17,1.050721e+17,1.050721e+17,1.050721e+17,1.050721e+17,1.050721e+17,1.050721e+17,1.050721e+17,1.050721e+17,1.050721e+17,1.050721e+17,1.050721e+17,1.050721e+17,1.050721e+17,1.050721e+17,1.050721e+17,1.050721e+17,1.050721e+17,1.050721e+17,1.050721e+17,1.050721e+17,1.050721e+17,1.050721e+17,1.050721e+17,1.050721e+17,1.050721e+17,1.050721e+17,1.050721e+17,1.050721e+17,1.050721e+17,1.050721e+17,1.050721e+17,1.050721e+17,1.050721e+17,1.050721e+17,1.050721e+17,1.050721e+17,1.050721e+17,1.050721e+17,1.050721e+17
Zn-71,1.153605e+10,1.373096e+08,5.140787e+05,4.476350e+02,6.194966e-02,8.430797e-07,6.158594e-13,1.125415e-20,9.694165e-30,-1.485657e-30,-1.484546e-31,-3.676217e-30,-5.524312e-30,4.286322e-30,-3.755953e-30,-7.615246e-30,2.575564e-30,-1.740177e-30,1.178705e-29,-4.930255e-30,-1.028433e-30,-4.702890e-30,-1.177484e-29,-1.265440e-30,7.340890e-30,4.578642e-30,4.278753e-31,1.899732e-30,6.829940e-30,1.047395e-29,1.052099e-29,7.438907e-30,2.885406e-30,-1.607359e-30,-5.141929e-30,-7.425331e-30,-8.548025e-30,-8.771013e-30,-8.385858e-30,-7.644675e-30,-6.736870e-30,-5.790654e-30,-4.884592e-30,-4.061121e-30,-3.338437e-30,-2.719648e-30,-2.199242e-30,-1.767387e-30,-1.412619e-30,-1.123423e-30,-8.890805e-31,-7.000647e-31,-5.481578e-31,-4.264189e-31,-3.290730e-31,-2.513681e-31,-1.894267e-31,-1.401045e-31,-1.008643e-31,-6.966632e-32
Zn-71m,8.012843e+15,7.654974e+15,7.226387e+15,6.719967e+15,6.131637e+15,5.462597e+15,4.721980e+15,3.929456e+15,3.116827e+15,2.327170e+15,1.609989e+15,1.011699e+15,5.631338e+14,2.690019e+14,1.059610e+14,3.272814e+13,7.438967e+12,1.148563e+12,1.088952e+11,5.582005e+09,1.317607e+08,1.169728e+06,3.025713e+03,1.652794e+00,1.270488e-04,8.237210e-10,2.362195e-16,1.327612e-24,-1.543229e-31,-3.306385e-32,-5.834903e-32,2.022919e-31,2.145277e-31,2.035996e-31,1.279885e-32,-2.120421e-31,1.769442e-31,-1.291301e-31,1.432725e-31,-1.980431e-31,2.031137e-31,-4.517266e-32,-1.865580e-31,1.264976e-31,1.845017e-31,-6.254837e-32,-2.144490e-31,-1.262776e-31,6.461687e-32,1.951639e-31,2.060087e-31,1.245874e-31,6.974665e-33,-1.009626e-31,-1.753672e-31,-2.108808e-31,-2.128409e-31,-1.906621e-31,-1.538153e-31,-1.100051e-31
Zn-72,7.578698e+17,7.549266e+17,7.512315e+17,7.465976e+17,7.407949e+17,7.335417e+17,7.244964e+17,7.132488e+17,6.993139e+17,6.821290e+17,6.610591e+17,6.354145e+17,6.044894e+17,5.676285e+17,5.243329e+17,4.744121e+17,4.181790e+17,3.566695e+17,2.918324e+17,2.265984e+17,1.647021e+17,1.101472e+17,6.631922e+16,3.497771e+16,1.561050e+16,5.643957e+15,1.564656e+15,3.103256e+14,4.034744e+13,3.079933e+12,1.201225e+11,2.008804e+09,1.154735e+07,1.726636e+04,4.725367e+00,1.519433e-04,3.282340e-10,2.354075e-17,2.301555e-26,-1.474729e-29,-2.620624e-30,-6.760792e-30,-2.438376e-29,-2.572896e-29,-1.485869e-29,3.818932e-30,-1.652819e-29,-1.993130e-29,-3.920483e-30,-1.897924e-29,-1.707989e-29,2.011431e-30,-2.745358e-29,-1.988114e-29,2.939245e-30,-4.894350e-30,-2.526961e-29,-2.988944e-29,-1.782070e-29,-3.124153e-30
Zn-73,3.649860e-28,-5.832987e-29,4.448628e-29,-9.844270e-29,-1.158695e-29,-9.945760e-29,-5.829196e-29,5.236797e-29,2.388143e-29,-1.061865e-28,8.740260e-29,-1.854557e-29,5.026143e-29,2.187386e-29,-1.154733e-28,-4.111443e-29,4.839891e-29,1.236681e-29,-4.242817e-29,-2.527271e-29,4.196365e-29,9.914878e-29,1.134960e-28,8.758905e-29,4.067735e-29,-8.204256e-30,-4.733625e-29,-7.243429e-29,-8.410548e-29,-8.523771e-29,-7.922959e-29,-6.907805e-29,-5.705487e-29,-4.470257e-29,-3.296420e-29,-2.234377e-29,-1.304988e-29,-5.107348e-30,1.563476e-30,7.093933e-30,1.163402e-29,1.533305e-29,1.832929e-29,2.074527e-29,2.268649e-29,2.424192e-29,2.548552e-29,2.647809e-29,2.726924e-29,2.789917e-29,2.840031e-29,2.879872e-29,2.911530e-29,2.936675e-29,2.956640e-29,2.972489e-29,2.985066e-29,2.995047e-29,3.002965e-29,3.009247e-29
Zn-74,4.403272e+07,4.839223e+04,8.982305e+00,1.770090e-04,2.062310e-10,6.789749e-18,2.633519e-27,-1.177124e-28,1.848056e-28,-2.124193e-28,-2.324459e-28,-2.471520e-28,-2.302359e-28,8.136142e-29,1.390814e-28,-1.516397e-28,2.485836e-28,-1.140681e-28,1.018671e-28,1.696966e-28,-1.805477e-28,6.295498e-30,2.223923e-28,4.967933e-29,-1.910412e-28,-2.050625e-28,-4.013360e-29,1.245870e-28,1.819464e-28,1.295508e-28,1.771882e-29,-1.007107e-28,-1.925721e-28,-2.456919e-28,-2.619110e-28,-2.496221e-28,-2.186455e-28,-1.775798e-28,-1.328706e-28,-8.881382e-29,-4.795037e-29,-1.154636e-29,1.997888e-29,4.672240e-29,6.906425e-29,8.751373e-29,1.026144e-28,1.148899e-28,1.248159e-28,1.328089e-28,1.392245e-28,1.443609e-28,1.484649e-28,1.517389e-28,1.543475e-28,1.564238e-28,1.580753e-28,1.593879e-28,1.604308e-28,1.612590e-28
Zn-75,1.076589e-28,9.971495e-29,3.940854e-28,4.539139e-28,-4.560562e-28,1.293261e-28,1.203834e-28,6.674999e-29,-3.678923e-28,4.963061e-28,-4.174422e-28,-3.767201e-28,4.934878e-28,4.249162e-28,-2.462686e-28,-4.965405e-28,-1.554470e-28,3.397677e-28,6.059598e-28,5.514873e-28,2.821396e-28,-5.074028e-29,-3.363637e-28,-5.234613e-28,-6.060570e-28,-6.023868e-28,-5.386044e-28,-4.394802e-28,-3.245213e-28,-2.072879e-28,-9.619732e-29,4.211411e-30,9.205828e-29,1.671397e-28,2.302144e-28,2.825206e-28,3.254713e-28,3.604735e-28,3.888313e-28,4.117012e-28,4.300795e-28,4.448071e-28,4.565832e-28,4.659829e-28,4.734757e-28,4.794418e-28,4.841884e-28,4.879621e-28,4.909607e-28,4.933425e-28,4.952337e-28,4.967349e-28,4.979264e-28,4.988718e-28,4.996219e-28,5.002170e-28,5.006890e-28,5.010634e-28,5.013604e-28,5.015959e-28
Zn-76,-1.235071e-27,-3.790283e-28,1.207111e-27,-1.206563e-27,1.293514e-27,-1.249153e-27,6.838724e-28,3.460165e-28,-1.298947e-27,2.629530e-28,1.286557e-27,1.048247e-28,-1.106406e-27,-9.229542e-28,1.441438e-28,1.056792e-27,1.292135e-27,9.115123e-28,2.311094e-28,-4.502633e-28,-9.574420e-28,-1.234391e-27,-1.300388e-27,-1.207623e-27,-1.013439e-27,-7.666208e-28,-5.030377e-28,-2.461843e-28,-9.665072e-30,1.999919e-28,3.808994e-28,5.339599e-28,6.615731e-28,7.667934e-28,8.528143e-28,9.226780e-28,9.791300e-28,1.024563e-27,1.061015e-27,1.090188e-27,1.113492e-27,1.132079e-27,1.146885e-27,1.158669e-27,1.168040e-27,1.175489e-27,1.181406e-27,1.186105e-27,1.189836e-27,1.192797e-27,1.195146e-27,1.197011e-27,1.198490e-27,1.199663e-27,1.200594e-27,1.201332e-27,1.201918e-27,1.202382e-27,1.202750e-27,1.203043e-27
Zn-77,9.777080e-28,-1.682861e-27,2.096145e-27,-7.680263e-28,-1.663542e-27,1.405896e-27,1.630206e-27,-8.185909e-28,-2.084071e-27,-1.060823e-27,8.025109e-28,1.983279e-27,1.994411e-27,1.148079e-27,-7.522238e-30,-1.042118e-27,-1.740629e-27,-2.062178e-27,-2.063834e-27,-1.838186e-27,-1.476275e-27,-1.051262e-27,-6.147367e-28,-1.991471e-28,1.777159e-28,5.082212e-28,7.912056e-28,1.029260e-27,1.226878e-27,1.389282e-27,1.521715e-27,1.629061e-27,1.715666e-27,1.785284e-27,1.841086e-27,1.885713e-27,1.921340e-27,1.949743e-27,1.972360e-27,1.990356e-27,2.004664e-27,2.016034e-27,2.025066e-27,2.032237e-27,2.037929e-27,2.042448e-27,2.046033e-27,2.048877e-27,2.051134e-27,2.052924e-27,2.054344e-27,2.055470e-27,2.056363e-27,2.057072e-27,2.057634e-27,2.058079e-27,2.058433e-27,2.058713e-27,2.058935e-27,2.059111e-27
Zn-78,6.034548e-28,1.421408e-27,-2.275750e-27,-1.271830e-28,2.331547e-27,5.583925e-28,-1.961123e-27,-2.029121e-27,-1.670807e-28,1.679002e-27,2.347194e-27,1.813900e-27,6.277499e-28,-6.357453e-28,-1.615174e-27,-2.177414e-27,-2.341766e-27,-2.198827e-27,-1.854808e-27,-1.402732e-27,-9.123064e-28,-4.299488e-28,1.694043e-29,4.147679e-28,7.591063e-28,1.051111e-27,1.294993e-27,1.496346e-27,1.661128e-27,1.795065e-27,1.903358e-27,1.990556e-27,2.060542e-27,2.116572e-27,2.161338e-27,2.197050e-27,2.225503e-27,2.248150e-27,2.266163e-27,2.280480e-27,2.291855e-27,2.300888e-27,2.308060e-27,2.313753e-27,2.318270e-27,2.321855e-27,2.324698e-27,2.326954e-27,2.328744e-27,2.330163e-27,2.331289e-27,2.332182e-27,2.332890e-27,2.333452e-27,2.333897e-27,2.334250e-27,2.334530e-27,2.334753e-27,2.334929e-27,2.335068e-27
Zn-79,-7.141016e-28,-5.954162e-28,9.230409e-28,6.629449e-28,-6.207141e-28,-1.055366e-27,-3.894694e-28,5.439392e-28,1.043908e-27,9.534000e-28,4.732930e-28,-1.178187e-28,-6.188284e-28,-9.383809e-28,-1.067561e-27,-1.040970e-27,-9.070074e-28,-7.110748e-28,-4.886823e-28,-2.643402e-28,-5.311659e-29,1.370024e-28,3.028609e-28,4.443290e-28,5.629967e-28,6.612954e-28,7.419443e-28,8.076258e-28,8.608127e-28,9.036902e-28,9.381363e-28,9.657334e-28,9.877958e-28,1.005404e-27,1.019438e-27,1.030611e-27,1.039500e-27,1.046567e-27,1.052182e-27,1.056642e-27,1.060183e-27,1.062994e-27,1.065224e-27,1.066994e-27,1.068399e-27,1.069513e-27,1.070397e-27,1.071098e-27,1.071654e-27,1.072095e-27,1.072444e-27,1.072722e-27,1.072942e-27,1.073116e-27,1.073255e-27,1.073364e-27,1.073451e-27,1.073520e-27,1.073575e-27,1.073618e-27
Zn-80,1.460941e-28,-2.623264e-29,-1.549298e-28,-1.054499e-28,3.369815e-29,1.377192e-28,1.545208e-28,9.972917e-29,1.412797e-29,-6.709102e-29,-1.247245e-28,-1.536923e-28,-1.573688e-28,-1.425405e-28,-1.162548e-28,-8.434028e-29,-5.099524e-29,-1.891532e-29,1.037970e-29,3.619832e-29,5.838441e-29,7.709811e-29,9.266475e-29,1.054774e-28,1.159381e-28,1.244251e-28,1.312774e-28,1.367886e-28,1.412082e-28,1.447440e-28,1.475674e-28,1.498188e-28,1.516120e-28,1.530389e-28,1.541736e-28,1.550753e-28,1.557916e-28,1.563604e-28,1.568120e-28,1.571704e-28,1.574548e-28,1.576804e-28,1.578594e-28,1.580014e-28,1.581141e-28,1.582034e-28,1.582743e-28,1.583305e-28,1.583751e-28,1.584104e-28,1.584384e-28,1.584607e-28,1.584783e-28,1.584923e-28,1.585034e-28,1.585122e-28,1.585191e-28,1.585247e-28,1.585291e-28,1.585325e-28
Zn-82,-5.735588e-30,-6.915761e-30,-6.991320e-30,-6.270669e-30,-5.065151e-30,-3.628504e-30,-2.141534e-30,-7.191084e-31,5.749286e-31,1.712382e-30,2.687920e-30,3.509596e-30,4.192353e-30,4.753854e-30,5.211990e-30,5.583504e-30,5.883340e-30,6.124427e-30,6.317711e-30,6.472314e-30,6.595754e-30,6.694173e-30,6.772553e-30,6.834919e-30,6.884509e-30,6.923917e-30,6.955220e-30,6.980077e-30,6.999809e-30,7.015470e-30,7.027897e-30,7.037757e-30,7.045579e-30,7.051785e-30,7.056707e-30,7.060611e-30,7.063707e-30,7.066163e-30,7.068110e-30,7.069655e-30,7.070880e-30,7.071851e-30,7.072622e-30,7.073233e-30,7.073717e-30,7.074101e-30,7.074406e-30,7.074648e-30,7.074839e-30,7.074991e-30,7.075112e-30,7.075207e-30,7.075283e-30,7.075343e-30,7.075391e-30,7.075429e-30,7.075459e-30,7.075482e-30,7.075501e-30,7.075516e-30
Zn-83,-3.974672e-32,-4.123265e-32,-3.771597e-32,-3.105195e-32,-2.279860e-32,-1.409041e-32,-5.663350e-33,2.061964e-33,8.888954e-33,1.476692e-32,1.973213e-32,2.386687e-32,2.727297e-32,3.005561e-32,3.231438e-32,3.413877e-32,3.560658e-32,3.678391e-32,3.772599e-32,3.847839e-32,3.907842e-32,3.955637e-32,3.993673e-32,4.023919e-32,4.047958e-32,4.067055e-32,4.082219e-32,4.094258e-32,4.103813e-32,4.111395e-32,4.117412e-32,4.122185e-32,4.125971e-32,4.128974e-32,4.131356e-32,4.133246e-32,4.134744e-32,4.135933e-32,4.136875e-32,4.137623e-32,4.138216e-32,4.138686e-32,4.139058e-32,4.139354e-32,4.139589e-32,4.139774e-32,4.139922e-32,4.140039e-32,4.140132e-32,4.140205e-32,4.140263e-32,4.140310e-32,4.140346e-32,4.140375e-32,4.140398e-32,4.140417e-32,4.140431e-32,4.140443e-32,4.140452e-32,4.140459e-32
Ga-69,2.255128e+16,2.658617e+16,3.068311e+16,3.461550e+16,3.813214e+16,4.100940e+16,4.311485e+16,4.445427e+16,4.516959e+16,4.547699e+16,4.557854e+16,4.560393e+16,4.561007e+16,4.561317e+16,4.561597e+16,4.561856e+16,4.562080e+16,4.562255e+16,4.562376e+16,4.562447e+16,4.562482e+16,4.562496e+16,4.562500e+16,4.562500e+16,4.562500e+16,4.562500e+16,4.562500e+16,4.562500e+16,4.562500e+16,4.562500e+16,4.562500e+16,4.562500e+16,4.562500e+16,4.562500e+16,4.562500e+16,4.562500e+16,4.562500e+16,4.562500e+16,4.562500e+16,4.562500e+16,4.562500e+16,4.562500e+16,4.562500e+16,4.562500e+16,4.562500e+16,4.562500e+16,4.562500e+16,4.562500e+16,4.562500e+16,4.562500e+16,4.562500e+16,4.562500e+16,4.562500e+16,4.562500e+16,4.562500e+16,4.562500e+16,4.562500e+16,4.562500e+16,4.562500e+16,4.562500e+16
Ga-70,5.963988e+10,3.568744e+10,1.867577e+10,8.253357e+09,2.947195e+09,8.043567e+08,1.564149e+08,1.983674e+07,1.467469e+06,5.501337e+04,8.752101e+02,4.724234e+00,6.525165e-03,1.615747e-06,4.579561e-11,8.437757e-17,4.951399e-24,3.755091e-33,-6.328954e-36,8.390744e-36,-7.746251e-37,-8.589188e-36,-8.799322e-36,-3.605172e-36,8.490469e-36,6.952153e-38,-5.319863e-36,6.378290e-36,-4.453647e-36,-9.197299e-37,7.912053e-36,-8.364526e-36,-2.840242e-36,9.255439e-36,4.081598e-36,-7.034115e-36,-8.993976e-36,-2.016012e-36,6.009175e-36,9.572857e-36,7.996445e-36,3.355131e-36,-1.908642e-36,-6.159384e-36,-8.726979e-36,-9.621064e-36,-9.188391e-36,-7.866167e-36,-6.049064e-36,-4.038611e-36,-2.038963e-36,-1.729777e-37,1.496385e-36,2.946430e-36,4.179311e-36,5.211028e-36,6.064110e-36,6.763048e-36,7.331662e-36,7.791724e-36
Ga-71,2.352706e+17,2.356284e+17,2.360570e+17,2.365634e+17,2.371518e+17,2.378208e+17,2.385614e+17,2.393540e+17,2.401666e+17,2.409562e+17,2.416734e+17,2.422717e+17,2.427203e+17,2.430144e+17,2.431775e+17,2.432507e+17,2.432760e+17,2.432823e+17,2.432833e+17,2.432834e+17,2.432834e+17,2.432834e+17,2.432834e+17,2.432834e+17,2.432834e+17,2.432834e+17,2.432834e+17,2.432834e+17,2.432834e+17,2.432834e+17,2.432834e+17,2.432834e+17,2.432834e+17,2.432834e+17,2.432834e+17,2.432834e+17,2.432834e+17,2.432834e+17,2.432834e+17,2.432834e+17,2.432834e+17,2.432834e+17,2.432834e+17,2.432834e+17,2.432834e+17,2.432834e+17,2.432834e+17,2.432834e+17,2.432834e+17,2.432834e+17,2.432834e+17,2.432834e+17,2.432834e+17,2.432834e+17,2.432834e+17,2.432834e+17,2.432834e+17,2.432834e+17,2.432834e+17,2.432834e+17
Ga-72,1.214770e+16,1.491716e+16,1.834308e+16,2.255944e+16,2.771497e+16,3.396665e+16,4.146720e+16,5.034334e+16,6.066164e+16,7.237879e+16,8.527509e+16,9.887512e+16,1.123693e+17,1.245654e+17,1.339165e+17,1.386843e+17,1.372806e+17,1.287638e+17,1.133512e+17,9.268613e+16,6.960659e+16,4.738540e+16,2.875811e+16,1.520929e+16,6.792584e+15,2.456136e+15,6.809149e+14,1.350491e+14,1.755861e+13,1.340341e+12,5.227553e+10,8.742019e+08,5.025235e+06,7.514063e+03,2.056410e+00,6.612348e-05,1.428426e-10,1.024458e-17,1.002893e-26,4.427554e-30,-5.018780e-31,-2.961771e-31,7.968769e-31,-1.202651e-29,4.166574e-30,6.349084e-30,-6.745425e-30,4.123081e-30,5.098310e-30,-9.976652e-30,-4.010559e-30,1.267283e-29,5.691433e-31,-1.935232e-30,1.926331e-30,-3.866619e-30,-1.119064e-29,-9.447843e-30,-1.075389e-31,9.505101e-30
Ga-72m,6.334311e+09,6.309712e+09,6.278828e+09,6.240098e+09,6.191598e+09,6.130976e+09,6.055375e+09,5.961367e+09,5.844898e+09,5.701266e+09,5.525162e+09,5.310824e+09,5.052351e+09,4.744265e+09,4.382399e+09,3.965158e+09,3.495160e+09,2.981060e+09,2.439149e+09,1.893920e+09,1.376588e+09,9.206155e+08,5.542991e+08,2.923453e+08,1.304733e+08,4.717246e+07,1.307747e+07,2.593715e+06,3.372258e+05,2.574222e+04,1.003989e+03,1.678968e+01,9.651328e-02,1.443130e-04,3.949484e-08,1.269949e-12,2.743395e-18,1.967547e-25,1.282913e-32,1.263610e-32,1.263788e-32,1.263917e-32,1.264007e-32,1.264089e-32,1.264164e-32,1.264232e-32,1.264257e-32,1.264287e-32,1.264326e-32,1.264335e-32,1.264353e-32,1.264382e-32,1.264367e-32,1.264382e-32,1.264407e-32,1.264406e-32,1.264393e-32,1.264392e-32,1.264405e-32,1.264419e-32
Ga-73,2.565380e+18,2.471629e+18,2.358276e+18,2.222716e+18,2.062822e+18,1.877486e+18,1.667321e+18,1.435502e+18,1.188550e+18,9.367633e+17,6.938334e+17,4.751699e+17,2.948000e+17,1.614690e+17,7.558008e+16,2.901809e+16,8.677805e+15,1.893667e+15,2.777338e+14,2.467969e+13,1.165823e+12,2.482424e+10,1.935266e+08,4.249311e+05,1.887853e+02,1.118288e-02,5.219835e-08,9.890890e-15,3.296565e-23,1.035402e-28,-2.048712e-30,9.100859e-29,9.239418e-29,6.397341e-29,6.880668e-29,3.126591e-29,-8.143984e-29,7.398785e-30,-5.162421e-29,-1.468881e-29,-9.639865e-29,1.714453e-29,-8.142781e-29,-1.051895e-28,-9.181496e-30,-8.470742e-30,-8.908020e-29,-1.285496e-28,-9.533509e-29,-3.692543e-29,-1.075770e-30,-2.266280e-30,-3.007295e-29,-6.706282e-29,-9.977333e-29,-1.215988e-28,-1.314025e-28,-1.310852e-28,-1.236221e-28,-1.119080e-28
Ga-74,7.279704e+16,1.912005e+16,3.542450e+15,4.226647e+14,2.895191e+13,9.849998e+11,1.386564e+10,6.414277e+07,7.292969e+04,1.412944e+01,2.938992e-04,3.665625e-10,1.315113e-17,5.378234e-27,-3.934847e-28,4.654772e-28,-4.875503e-28,-5.352511e-29,-3.343496e-28,-4.017656e-28,3.950583e-28,1.471825e-28,-4.999956e-28,1.853490e-28,2.669548e-29,2.926081e-28,2.002339e-28,-4.533460e-28,-2.905367e-28,6.857953e-29,3.168238e-30,-1.535788e-28,-5.752896e-29,2.226496e-28,4.602470e-28,5.256576e-28,4.258188e-28,2.352245e-28,2.992362e-29,-1.416119e-28,-2.600772e-28,-3.259101e-28,-3.491705e-28,-3.425011e-28,-3.173879e-28,-2.827411e-28,-2.447628e-28,-2.073769e-28,-1.728085e-28,-1.421184e-28,-1.156259e-28,-9.321380e-29,-7.453372e-29,-5.913740e-29,-4.655516e-29,-3.633974e-29,-2.808781e-29,-2.144821e-29,-1.612234e-29,-1.186058e-29
Ga-74m,-4.667312e-30,-4.704835e-30,-3.765529e-30,2.784060e-30,1.904523e-30,-3.861380e-30,4.116857e-30,-3.286361e-30,7.124553e-31,3.248525e-30,-4.531218e-30,-6.106639e-31,4.743555e-30,1.423884e-30,-3.860076e-30,-4.258063e-30,-5.517805e-31,3.289872e-30,4.779780e-30,3.783186e-30,1.395309e-30,-1.195875e-30,-3.229459e-30,-4.415252e-30,-4.782454e-30,-4.512458e-30,-3.822407e-30,-2.904200e-30,-1.902473e-30,-9.140271e-31,3.658823e-33,8.217800e-31,1.530640e-30,2.132228e-30,2.634962e-30,3.050213e-30,3.390158e-30,3.666543e-30,3.890055e-30,4.070058e-30,4.214548e-30,4.330235e-30,4.422674e-30,4.496420e-30,4.555180e-30,4.601952e-30,4.639153e-30,4.668723e-30,4.692216e-30,4.710873e-30,4.725686e-30,4.737444e-30,4.746775e-30,4.754178e-30,4.760052e-30,4.764712e-30,4.768408e-30,4.771340e-30,4.773665e-30,4.775510e-30
Ga-75,8.284270e+10,4.711637e+08,6.951128e+05,1.870390e+02,5.887074e-03,1.237944e-08,8.581882e-16,8.040569e-25,1.647541e-28,-1.523572e-28,5.854754e-28,-1.553780e-28,-1.106542e-27,-5.356390e-28,1.047170e-27,4.902962e-28,-7.452486e-29,1.053613e-28,-8.774272e-28,-7.175562e-28,3.589100e-28,-5.583272e-28,8.342797e-29,1.249805e-27,9.829416e-28,9.820961e-29,-1.679976e-28,2.413409e-28,7.418454e-28,9.053090e-28,6.741742e-28,2.091529e-28,-2.971987e-28,-7.146589e-28,-9.893071e-28,-1.121594e-27,-1.139300e-27,-1.077838e-27,-9.694939e-28,-8.392510e-28,-7.043380e-28,-5.754434e-28,-4.583864e-28,-3.556692e-28,-2.677067e-28,-1.937125e-28,-1.322934e-28,-8.182591e-29,-4.067762e-29,-7.328207e-30,1.957482e-29,4.119873e-29,5.853000e-29,7.238972e-29,8.345375e-29,9.227376e-29,9.929720e-29,1.048852e-28,1.093280e-28,1.128585e-28
Ga-76,5.614586e-14,1.180349e-22,7.840921e-28,-2.304876e-28,6.753694e-28,2.296166e-27,-6.066889e-28,1.003039e-27,3.498193e-27,-1.983038e-27,-1.141021e-27,5.645678e-29,1.655297e-27,-9.805152e-29,2.080179e-27,-2.556758e-27,-2.899835e-27,7.370369e-28,1.196566e-27,-6.437085e-28,-1.054526e-27,5.751750e-28,2.587732e-27,3.555480e-27,3.176760e-27,1.905561e-27,3.621626e-28,-1.000021e-27,-1.966668e-27,-2.505721e-27,-2.683890e-27,-2.601885e-27,-2.357083e-27,-2.027551e-27,-1.668756e-27,-1.316290e-27,-9.905380e-28,-7.012923e-28,-4.515202e-28,-2.401325e-28,-6.387669e-29,8.144526e-29,2.002407e-28,2.967136e-28,3.746592e-28,4.373855e-28,4.877073e-28,5.279792e-28,5.601465e-28,5.858014e-28,6.062379e-28,6.225022e-28,6.354364e-28,6.457163e-28,6.538827e-28,6.603679e-28,6.655164e-28,6.696028e-28,6.728456e-28,6.754186e-28
Ga-77,2.092672e-27,6.600037e-27,1.064619e-27,5.846446e-27,4.893551e-27,-6.621506e-27,6.879678e-28,-4.043495e-28,4.475309e-27,-2.665161e-27,4.212591e-27,-4.520620e-27,-6.181148e-27,2.388814e-27,3.953946e-27,-9.342848e-28,-3.078603e-27,-7.954656e-29,4.475346e-27,7.013407e-27,6.525045e-27,3.901258e-27,5.490789e-28,-2.453066e-27,-4.573173e-27,-5.713475e-27,-6.018490e-27,-5.720293e-27,-5.047197e-27,-4.183575e-27,-3.260738e-27,-2.362768e-27,-1.537430e-27,-8.071345e-28,-1.779659e-28,3.536567e-28,7.964155e-28,1.161161e-27,1.459140e-27,1.701013e-27,1.896365e-27,2.053530e-27,2.179587e-27,2.280453e-27,2.361009e-27,2.425250e-27,2.476419e-27,2.517140e-27,2.549521e-27,2.575257e-27,2.595700e-27,2.611935e-27,2.624823e-27,2.635052e-27,2.643170e-27,2.649610e-27,2.654720e-27,2.658773e-27,2.661988e-27,2.664539e-27
Ga-78,8.189633e-27,-9.360348e-27,4.658037e-27,9.372530e-28,-2.361915e-27,-6.459789e-27,1.268297e-26,-3.262772e-27,-5.879612e-27,5.952431e-27,3.299146e-27,-7.966832e-27,-1.080722e-26,-3.068063e-27,7.095830e-27,1.277200e-26,1.234017e-26,7.732935e-27,1.713917e-27,-3.666112e-27,-7.418350e-27,-9.371640e-27,-9.801508e-27,-9.140259e-27,-7.809101e-27,-6.145800e-27,-4.389320e-27,-2.691488e-27,-1.137530e-27,2.335634e-28,1.412410e-27,2.407019e-27,3.234462e-27,3.915542e-27,4.471597e-27,4.922730e-27,5.286954e-27,5.579894e-27,5.814797e-27,6.002722e-27,6.152787e-27,6.272444e-27,6.367746e-27,6.443582e-27,6.503884e-27,6.551807e-27,6.589876e-27,6.620105e-27,6.644103e-27,6.663149e-27,6.678263e-27,6.690255e-27,6.699769e-27,6.707316e-27,6.713302e-27,6.718050e-27,6.721816e-27,6.724803e-27,6.727171e-27,6.729050e-27
Ga-79,-1.175071e-26,1.372504e-26,-1.369158e-26,6.355184e-27,5.199637e-27,-1.123171e-26,3.066213e-27,1.185274e-26,-9.708381e-28,-1.324618e-26,-1.074816e-26,9.960171e-28,1.114112e-26,1.419126e-26,1.070759e-26,3.924643e-27,-3.060409e-27,-8.399919e-27,-1.146657e-26,-1.241366e-26,-1.174361e-26,-1.002289e-26,-7.739358e-27,-5.254986e-27,-2.809257e-27,-5.428869e-28,1.474555e-27,3.220479e-27,4.700790e-27,5.936926e-27,6.957350e-27,7.792325e-27,8.470933e-27,9.019561e-27,9.461287e-27,9.815800e-27,1.009960e-26,1.032635e-26,1.050722e-26,1.065133e-26,1.076603e-26,1.085726e-26,1.092977e-26,1.098737e-26,1.103312e-26,1.106944e-26,1.109827e-26,1.112115e-26,1.113930e-26,1.115370e-26,1.116513e-26,1.117419e-26,1.118138e-26,1.118708e-26,1.119160e-26,1.119519e-26,1.119803e-26,1.120029e-26,1.120208e-26,1.120350e-26
Ga-80,-7.356027e-27,7.564819e-27,-1.648198e-27,-6.582988e-27,4.729954e-27,6.479762e-27,-2.651942e-27,-8.018474e-27,-4.559647e-27,2.560429e-27,7.373257e-27,7.753086e-27,4.740197e-27,4.021269e-28,-3.579800e-27,-6.333796e-27,-7.664921e-27,-7.768511e-27,-6.988302e-27,-5.669865e-27,-4.094282e-27,-2.461621e-27,-8.989316e-28,5.231571e-28,1.773398e-27,2.845790e-27,3.749110e-27,4.499742e-27,5.117085e-27,5.620794e-27,6.029270e-27,6.358942e-27,6.624020e-27,6.836540e-27,7.006530e-27,7.142256e-27,7.250470e-27,7.336652e-27,7.405226e-27,7.459751e-27,7.503082e-27,7.537501e-27,7.564832e-27,7.586528e-27,7.603748e-27,7.617412e-27,7.628254e-27,7.636855e-27,7.643678e-27,7.649090e-27,7.653382e-27,7.656787e-27,7.659487e-27,7.661629e-27,7.663327e-27,7.664674e-27,7.665742e-27,7.666589e-27,7.667261e-27,7.667794e-27
Ga-81,4.638206e-27,-4.450706e-27,-1.901237e-27,5.061602e-27,2.514917e-27,-3.746088e-27,-5.077479e-27,-1.306736e-27,3.210756e-27,5.308966e-27,4.522956e-27,1.977387e-27,-9.596463e-28,-3.356797e-27,-4.823020e-27,-5.353077e-27,-5.135809e-27,-4.414366e-27,-3.410046e-27,-2.292786e-27,-1.178137e-27,-1.359755e-28,7.976084e-28,1.609308e-27,2.299925e-27,2.878158e-27,3.356464e-27,3.748463e-27,4.067446e-27,4.325580e-27,4.533573e-27,4.700600e-27,4.834375e-27,4.941295e-27,5.026610e-27,5.094598e-27,5.148722e-27,5.191776e-27,5.226000e-27,5.253193e-27,5.274790e-27,5.291937e-27,5.305548e-27,5.316350e-27,5.324921e-27,5.331721e-27,5.337115e-27,5.341394e-27,5.344789e-27,5.347481e-27,5.349616e-27,5.351309e-27,5.352652e-27,5.353717e-27,5.354562e-27,5.355232e-27,5.355763e-27,5.356184e-27,5.356518e-27,5.356783e-27
Ga-82,3.982049e-27,1.652479e-27,-3.056636e-27,-3.801806e-27,-7.855252e-28,2.615486e-27,4.090379e-27,3.382521e-27,1.388071e-27,-8.547751e-28,-2.656506e-27,-3.738131e-27,-4.107737e-27,-3.914762e-27,-3.345742e-27,-2.568391e-27,-1.710525e-27,-8.584986e-28,-6.415752e-29,6.460329e-28,1.262640e-27,1.786727e-27,2.225192e-27,2.587669e-27,2.884607e-27,3.126151e-27,3.321565e-27,3.478988e-27,3.605384e-27,3.706604e-27,3.787495e-27,3.852036e-27,3.903466e-27,3.944407e-27,3.976972e-27,4.002858e-27,4.023425e-27,4.039759e-27,4.052728e-27,4.063022e-27,4.071191e-27,4.077673e-27,4.082816e-27,4.086896e-27,4.090132e-27,4.092699e-27,4.094735e-27,4.096350e-27,4.097630e-27,4.098646e-27,4.099452e-27,4.100090e-27,4.100597e-27,4.100999e-27,4.101317e-27,4.101570e-27,4.101770e-27,4.101929e-27,4.102055e-27,4.102155e-27
Ga-83,-1.220616e-28,-3.943215e-29,6.873597e-29,1.234718e-28,1.095449e-28,5.175562e-29,-1.743363e-29,-7.515801e-29,-1.113534e-28,-1.253677e-28,-1.214196e-28,-1.051999e-28,-8.197825e-29,-5.584479e-29,-2.960504e-29,-4.972134e-30,1.715537e-29,3.643188e-29,5.285658e-29,6.662340e-29,7.802043e-29,8.736687e-29,9.497608e-29,1.011361e-28,1.061010e-28,1.100890e-28,1.132836e-28,1.158373e-28,1.178752e-28,1.194994e-28,1.207924e-28,1.218211e-28,1.226388e-28,1.232885e-28,1.238046e-28,1.242143e-28,1.245395e-28,1.247976e-28,1.250025e-28,1.251650e-28,1.252939e-28,1.253961e-28,1.254772e-28,1.255416e-28,1.255926e-28,1.256330e-28,1.256651e-28,1.256906e-28,1.257108e-28,1.257268e-28,1.257395e-28,1.257495e-28,1.257575e-28,1.257639e-28,1.257689e-28,1.257729e-28,1.257760e-28,1.257785e-28,1.257805e-28,1.257821e-28
Ga-84,7.583183e-28,-2.976761e-27,-5.648022e-27,-7.008408e-27,-7.204894e-27,-6.545837e-27,-5.354391e-27,-3.899082e-27,-2.373984e-27,-9.041081e-28,4.397638e-28,1.625147e-27,2.644369e-27,3.504456e-27,4.220145e-27,4.809370e-27,5.290529e-27,5.680967e-27,5.996236e-27,6.249832e-27,6.453208e-27,6.615923e-27,6.745865e-27,6.849484e-27,6.932015e-27,6.997691e-27,7.049915e-27,7.091420e-27,7.124390e-27,7.150571e-27,7.171356e-27,7.187852e-27,7.200943e-27,7.211329e-27,7.219569e-27,7.226106e-27,7.231291e-27,7.235403e-27,7.238665e-27,7.241252e-27,7.243304e-27,7.244931e-27,7.246221e-27,7.247245e-27,7.248056e-27,7.248700e-27,7.249210e-27,7.249615e-27,7.249936e-27,7.250190e-27,7.250392e-27,7.250552e-27,7.250679e-27,7.250780e-27,7.250860e-27,7.250923e-27,7.250973e-27,7.251013e-27,7.251044e-27,7.251070e-27
Ga-85,-3.420880e-31,-3.839447e-31,-3.710859e-31,-3.209460e-31,-2.496099e-31,-1.695330e-31,-8.924277e-32,-1.393578e-32,5.367121e-32,1.125423e-31,1.626882e-31,2.047096e-31,2.394913e-31,2.680110e-31,2.912274e-31,3.100205e-31,3.251668e-31,3.373320e-31,3.470768e-31,3.548662e-31,3.610822e-31,3.660361e-31,3.699800e-31,3.731174e-31,3.756115e-31,3.775932e-31,3.791671e-31,3.804168e-31,3.814088e-31,3.821960e-31,3.828207e-31,3.833163e-31,3.837094e-31,3.840213e-31,3.842687e-31,3.844649e-31,3.846205e-31,3.847439e-31,3.848418e-31,3.849194e-31,3.849810e-31,3.850298e-31,3.850685e-31,3.850992e-31,3.851236e-31,3.851429e-31,3.851582e-31,3.851703e-31,3.851800e-31,3.851876e-31,3.851937e-31,3.851985e-31,3.852023e-31,3.852053e-31,3.852077e-31,3.852096e-31,3.852111e-31,3.852123e-31,3.852132e-31,3.852140e-31
Ga-86,-2.033906e-29,-1.727864e-29,-1.317173e-29,-8.674462e-30,-4.227342e-30,-9.291717e-32,3.596415e-30,6.795192e-30,9.511251e-30,1.178185e-29,1.365786e-29,1.519399e-29,1.644313e-29,1.745343e-29,1.826715e-29,1.892039e-29,1.944344e-29,1.986140e-29,2.019485e-29,2.046055e-29,2.067205e-29,2.084027e-29,2.097399e-29,2.108023e-29,2.116460e-29,2.123159e-29,2.128476e-29,2.132696e-29,2.136044e-29,2.138700e-29,2.140807e-29,2.142479e-29,2.143805e-29,2.144856e-29,2.145690e-29,2.146352e-29,2.146876e-29,2.147292e-29,2.147622e-29,2.147884e-29,2.148091e-29,2.148256e-29,2.148386e-29,2.148490e-29,2.148572e-29,2.148637e-29,2.148689e-29,2.148730e-29,2.148762e-29,2.148788e-29,2.148808e-29,2.148824e-29,2.148837e-29,2.148847e-29,2.148855e-29,2.148862e-29,2.148867e-29,2.148871e-29,2.148874e-29,2.148877e-29
Ge-70,3.653634e+11,3.892176e+11,4.061595e+11,4.165392e+11,4.218236e+11,4.239577e+11,4.246029e+11,4.247390e+11,4.247573e+11,4.247587e+11,4.247587e+11,4.247587e+11,4.247587e+11,4.247587e+11,4.247587e+11,4.247587e+11,4.247587e+11,4.247587e+11,4.247587e+11,4.247587e+11,4.247587e+11,4.247587e+11,4.247587e+11,4.247587e+11,4.247587e+11,4.247587e+11,4.247587e+11,4.247587e+11,4.247587e+11,4.247587e+11,4.247587e+11,4.247587e+11,4.247587e+11,4.247587e+11,4.247587e+11,4.247587e+11,4.247587e+11,4.247587e+11,4.247587e+11,4.247587e+11,4.247587e+11,4.247587e+11,4.247587e+11,4.247587e+11,4.247587e+11,4.247587e+11,4.247587e+11,4.247587e+11,4.247587e+11,4.247587e+11,4.247587e+11,4.247587e+11,4.247587e+11,4.247587e+11,4.247587e+11,4.247587e+11,4.247587e+11,4.247587e+11,4.247587e+11,4.247587e+11
Ge-72,3.294665e+14,5.031660e+14,7.723676e+14,1.189881e+15,1.837093e+15,2.838582e+15,4.383347e+15,6.754784e+15,1.037141e+16,1.583917e+16,2.401281e+16,3.605730e+16,5.348817e+16,7.815304e+16,1.120976e+17,1.572506e+17,2.148874e+17,2.849137e+17,3.651634e+17,4.510624e+17,5.360383e+17,6.128143e+17,6.752696e+17,7.201600e+17,7.479439e+17,7.622469e+17,7.681014e+17,7.699016e+17,7.702891e+17,7.703425e+17,7.703468e+17,7.703470e+17,7.703470e+17,7.703470e+17,7.703470e+17,7.703470e+17,7.703470e+17,7.703470e+17,7.703470e+17,7.703470e+17,7.703470e+17,7.703470e+17,7.703470e+17,7.703470e+17,7.703470e+17,7.703470e+17,7.703470e+17,7.703470e+17,7.703470e+17,7.703470e+17,7.703470e+17,7.703470e+17,7.703470e+17,7.703470e+17,7.703470e+17,7.703470e+17,7.703470e+17,7.703470e+17,7.703470e+17,7.703470e+17
Ge-73,3.889576e+17,4.827104e+17,5.960669e+17,7.316313e+17,8.915289e+17,1.076871e+18,1.287041e+18,1.518867e+18,1.765826e+18,2.017620e+18,2.260556e+18,2.479226e+18,2.659601e+18,2.792936e+18,2.878827e+18,2.925390e+18,2.945731e+18,2.952516e+18,2.954132e+18,2.954385e+18,2.954408e+18,2.954409e+18,2.954409e+18,2.954409e+18,2.954409e+18,2.954409e+18,2.954409e+18,2.954409e+18,2.954409e+18,2.954409e+18,2.954409e+18,2.954409e+18,2.954409e+18,2.954409e+18,2.954409e+18,2.954409e+18,2.954409e+18,2.954409e+18,2.954409e+18,2.954409e+18,2.954409e+18,2.954409e+18,2.954409e+18,2.954409e+18,2.954409e+18,2.954409e+18,2.954409e+18,2.954409e+18,2.954409e+18,2.954409e+18,2.954409e+18,2.954409e+18,2.954409e+18,2.954409e+18,2.954409e+18,2.954409e+18,2.954409e+18,2.954409e+18,2.954409e+18,2.954409e+18
Ge-73m,7.208815e+13,6.945373e+13,6.626846e+13,6.245916e+13,5.796610e+13,5.275807e+13,4.685236e+13,4.033815e+13,3.339870e+13,2.632341e+13,1.949699e+13,1.335245e+13,8.283994e+12,4.537340e+12,2.123829e+12,8.154193e+11,2.438496e+11,5.321277e+10,7.804427e+09,6.935088e+08,3.276007e+07,6.975707e+05,5.438171e+03,1.194073e+01,5.304940e-03,3.142433e-07,1.466794e-12,2.779378e-19,9.265920e-28,3.293702e-33,3.287032e-34,2.942460e-33,2.978056e-33,2.175071e-33,2.306262e-33,1.246890e-33,-1.924251e-33,5.685775e-34,-1.093049e-33,-5.771984e-35,-2.355930e-33,8.329270e-34,-1.938419e-33,-2.607287e-33,8.964318e-35,1.088674e-34,-2.156889e-33,-3.266473e-33,-2.333515e-33,-6.924864e-34,3.146599e-34,2.810130e-34,-5.005186e-34,-1.540070e-33,-2.459345e-33,-3.072725e-33,-3.348274e-33,-3.339408e-33,-3.129730e-33,-2.800588e-33
Ge-74,9.855756e+18,9.909433e+18,9.925011e+18,9.928130e+18,9.928524e+18,9.928552e+18,9.928553e+18,9.928553e+18,9.928553e+18,9.928553e+18,9.928553e+18,9.928553e+18,9.928553e+18,9.928553e+18,9.928553e+18,9.928553e+18,9.928553e+18,9.928553e+18,9.928553e+18,9.928553e+18,9.928553e+18,9.928553e+18,9.928553e+18,9.928553e+18,9.928553e+18,9.928553e+18,9.928553e+18,9.928553e+18,9.928553e+18,9.928553e+18,9.928553e+18,9.928553e+18,9.928553e+18,9.928553e+18,9.928553e+18,9.928553e+18,9.928553e+18,9.928553e+18,9.928553e+18,9.928553e+18,9.928553e+18,9.928553e+18,9.928553e+18,9.928553e+18,9.928553e+18,9.928553e+18,9.928553e+18,9.928553e+18,9.928553e+18,9.928553e+18,9.928553e+18,9.928553e+18,9.928553e+18,9.928553e+18,9.928553e+18,9.928553e+18,9.928553e+18,9.928553e+18,9.928553e+18,9.928553e+18
Ge-75,1.925026e+19,1.688427e+19,1.431072e+19,1.161697e+19,8.930655e+18,6.410053e+18,4.219353e+18,2.490136e+18,1.280614e+18,5.536392e+17,1.922961e+17,5.067973e+16,9.430316e+15,1.131321e+15,7.802830e+13,2.677784e+12,3.810890e+10,1.787394e+08,2.067881e+05,4.095107e+01,8.756741e-04,1.130914e-09,4.239679e-17,1.774549e-26,-1.087185e-27,1.136544e-27,1.210829e-28,-5.192289e-28,-1.188589e-27,-1.390493e-27,-2.943040e-28,1.551088e-29,-4.616173e-28,1.126843e-27,2.081464e-28,9.323855e-28,1.254653e-27,-4.170159e-30,4.630604e-28,1.095541e-27,4.250720e-28,-5.128782e-28,-6.964435e-28,-2.525334e-28,2.222826e-28,3.577723e-28,1.354407e-28,-2.811035e-28,-7.158205e-28,-1.057087e-27,-1.263601e-27,-1.341491e-27,-1.319266e-27,-1.230460e-27,-1.104577e-27,-9.638700e-28,-8.232955e-28,-6.918282e-28,-5.740751e-28,-4.717242e-28
Ge-75m,1.855251e+09,1.055164e+07,1.556695e+04,4.188712e+00,1.318402e-04,2.772357e-10,1.921900e-17,1.802227e-26,8.997731e-30,2.713061e-29,-3.902640e-30,-2.225542e-29,3.179241e-30,-1.589666e-29,2.702032e-29,-9.089767e-30,-1.778693e-29,2.605741e-29,-2.698282e-30,-1.725520e-29,1.172028e-29,-5.476923e-31,6.572618e-30,1.488884e-29,-5.894871e-30,-3.001752e-29,-3.034698e-29,-1.007214e-29,1.321003e-29,2.703854e-29,2.896953e-29,2.260685e-29,1.283428e-29,3.295069e-30,-4.139686e-30,-8.963469e-30,-1.143740e-29,-1.212474e-29,-1.161698e-29,-1.040948e-29,-8.867129e-30,-7.233871e-30,-5.658294e-30,-4.220783e-30,-2.956483e-30,-1.872572e-30,-9.602966e-31,-2.028917e-31,4.195025e-31,9.269594e-31,1.338217e-30,1.669958e-30,1.936585e-30,2.150271e-30,2.321145e-30,2.457545e-30,2.566277e-30,2.652858e-30,2.721741e-30,2.776507e-30
Ge-76,9.001644e+19,9.001644e+19,9.001644e+19,9.001644e+19,9.001644e+19,9.001644e+19,9.001644e+19,9.001644e+19,9.001644e+19,9.001644e+19,9.001644e+19,9.001644e+19,9.001644e+19,9.001644e+19,9.001644e+19,9.001644e+19,9.001644e+19,9.001644e+19,9.001644e+19,9.001644e+19,9.001644e+19,9.001644e+19,9.001644e+19,9.001644e+19,9.001644e+19,9.001644e+19,9.001644e+19,9.001644e+19,9.001644e+19,9.001644e+19,9.001644e+19,9.001644e+19,9.001644e+19,9.001644e+19,9.001644e+19,9.001644e+19,9.001644e+19,9.001644e+19,9.001644e+19,9.001644e+19,9.001644e+19,9.001644e+19,9.001644e+19,9.001644e+19,9.001644e+19,9.001644e+19,9.001644e+19,9.001644e+19,9.001644e+19,9.001644e+19,9.001644e+19,9.001644e+19,9.001644e+19,9.001644e+19,9.001644e+19,9.001644e+19,9.001644e+19,9.001644e+19,9.001644e+19,9.001644e+19
Ge-77,2.150890e+20,2.116725e+20,2.074415e+20,2.022263e+20,1.958363e+20,1.880655e+20,1.787042e+20,1.675608e+20,1.544938e+20,1.394586e+20,1.225667e+20,1.041510e+20,8.481971e+19,6.547193e+19,4.723488e+19,3.129381e+19,1.862004e+19,9.674900e+18,4.237332e+18,1.496047e+18,4.025074e+17,7.687242e+16,9.529844e+15,6.850606e+14,2.476976e+13,3.764951e+11,1.918677e+09,2.464710e+06,5.569678e+02,1.406680e-02,2.240989e-08,1.094701e-15,6.576181e-25,-5.826510e-27,3.462865e-27,-4.506211e-27,-7.848325e-27,-8.250560e-27,-6.486326e-27,2.147942e-28,-2.939184e-27,-7.621508e-27,-2.959979e-28,-7.302679e-27,-4.342549e-27,-5.799104e-28,-9.255731e-27,-5.730732e-27,4.121984e-28,-2.775577e-27,-8.651245e-27,-9.431372e-27,-5.577270e-27,-1.353047e-27,4.096740e-28,-5.508062e-28,-3.088170e-27,-5.904749e-27,-8.149343e-27,-9.484286e-27
Ge-77m,8.443306e-03,3.793649e-08,6.851017e-15,2.149064e-23,3.469686e-29,-5.754659e-29,4.207446e-29,4.880581e-29,3.597486e-29,5.440520e-29,3.653546e-29,-5.461453e-29,2.729657e-29,-1.285710e-29,2.032426e-29,-4.331989e-29,5.830122e-29,-2.642053e-29,-4.254563e-29,4.312017e-29,4.370778e-29,-2.568431e-29,-5.832092e-29,-2.790369e-29,2.369352e-29,5.508332e-29,5.402452e-29,2.982478e-29,-2.269026e-30,-3.055684e-29,-4.933298e-29,-5.764562e-29,-5.717147e-29,-5.050905e-29,-4.017877e-29,-2.819024e-29,-1.595180e-29,-4.343259e-30,6.157829e-30,1.535146e-29,2.321348e-29,2.982116e-29,3.530269e-29,3.980507e-29,4.347506e-29,4.644891e-29,4.884759e-29,5.077539e-29,5.232039e-29,5.355584e-29,5.454205e-29,5.532821e-29,5.595422e-29,5.645228e-29,5.684826e-29,5.716292e-29,5.741285e-29,5.761131e-29,5.776884e-29,5.789387e-29
Ge-78,3.770773e+20,3.333148e+20,2.852948e+20,2.344756e+20,1.830892e+20,1.340245e+20,9.043606e+19,5.506859e+19,2.945985e+19,1.338574e+19,4.950262e+18,1.412035e+18,2.903072e+17,3.949534e+16,3.192276e+15,1.338116e+14,2.450703e+12,1.579883e+10,2.729793e+07,8.964788e+03,3.627677e-01,1.047213e-06,1.082533e-13,1.680388e-22,1.741001e-26,9.014625e-28,1.527021e-26,1.207362e-28,-4.092829e-27,3.166128e-27,1.007590e-26,-1.201890e-26,-6.142610e-27,-2.552553e-27,-7.630831e-27,-1.320416e-26,5.560671e-27,-1.733840e-26,-1.529302e-26,3.629865e-27,-3.466783e-28,-1.677547e-26,-2.208056e-26,-1.350386e-26,-1.741169e-27,4.413335e-27,3.087458e-27,-3.114098e-27,-1.065613e-26,-1.700996e-26,-2.104051e-26,-2.265113e-26,-2.228937e-26,-2.057221e-26,-1.807562e-26,-1.524877e-26,-1.240102e-26,-9.722139e-27,-7.312372e-27,-5.211017e-27
Ge-79,2.267566e-09,1.265367e-16,8.646795e-26,-2.806969e-26,-2.520270e-26,-3.996079e-27,7.822132e-27,-4.482292e-27,-1.795435e-26,3.263073e-26,-3.769651e-27,2.710031e-27,2.286297e-27,-3.514028e-26,-1.284393e-26,1.817282e-26,1.014168e-26,-7.100357e-27,-4.921214e-27,1.222205e-26,2.772788e-26,3.190469e-26,2.482736e-26,1.152518e-26,-2.680220e-27,-1.432601e-26,-2.201511e-26,-2.579139e-26,-2.641949e-26,-2.486444e-26,-2.200647e-26,-1.852875e-26,-1.490454e-26,-1.142926e-26,-8.265288e-27,-5.483959e-27,-3.099001e-27,-1.090757e-27,5.774715e-28,1.949061e-27,3.067896e-27,3.975008e-27,4.706986e-27,5.295463e-27,5.767203e-27,6.144504e-27,6.445731e-27,6.685885e-27,6.877134e-27,7.029303e-27,7.150294e-27,7.246442e-27,7.322814e-27,7.383458e-27,7.431599e-27,7.469806e-27,7.500124e-27,7.524179e-27,7.543263e-27,7.558401e-27
Ge-79m,5.979541e-08,3.336757e-15,2.374533e-24,-6.610469e-27,7.392879e-27,-8.425736e-28,-7.824734e-27,-8.460915e-27,-3.608462e-27,7.712276e-27,1.035604e-27,-4.926011e-27,5.161152e-27,-4.793433e-27,-1.047325e-27,6.511030e-27,-7.073104e-27,-1.778098e-27,8.636684e-27,4.056301e-27,-5.498416e-27,-7.157463e-27,-1.235455e-27,5.490605e-27,8.353833e-27,6.824317e-27,2.704228e-27,-1.911615e-27,-5.629596e-27,-7.884709e-27,-8.692412e-27,-8.354506e-27,-7.248367e-27,-5.713714e-27,-4.009801e-27,-2.312127e-27,-7.263853e-28,6.931189e-28,1.926619e-27,2.975670e-27,3.853721e-27,4.579843e-27,5.174823e-27,5.658901e-27,6.050587e-27,6.366161e-27,6.619559e-27,6.822498e-27,6.984689e-27,7.114102e-27,7.217229e-27,7.299326e-27,7.364628e-27,7.416538e-27,7.457782e-27,7.490539e-27,7.516546e-27,7.537190e-27,7.553572e-27,7.566572e-27
Ge-80,6.151206e-16,2.264144e-25,-1.207120e-26,1.748458e-26,-7.965816e-26,-4.860976e-26,-4.713661e-26,-6.683189e-26,1.312345e-26,5.371237e-26,-8.162542e-26,6.603837e-26,-7.077680e-26,3.100345e-26,4.116239e-26,-6.771727e-26,1.338185e-26,8.427734e-26,1.925825e-26,-6.019873e-26,-5.839080e-26,1.741631e-27,5.766249e-26,7.465259e-26,5.393849e-26,1.375285e-26,-2.767416e-26,-5.924362e-26,-7.711142e-26,-8.215997e-26,-7.741768e-26,-6.632471e-26,-5.185424e-26,-3.621615e-26,-2.087268e-26,-6.681398e-27,5.936414e-27,1.684774e-26,2.609432e-26,3.381289e-26,4.018288e-26,4.539422e-26,4.962902e-26,5.305232e-26,5.580836e-26,5.802011e-26,5.979063e-26,6.120513e-26,6.233346e-26,6.323240e-26,6.394789e-26,6.451694e-26,6.496924e-26,6.532857e-26,6.561394e-26,6.584050e-26,6.602032e-26,6.616302e-26,6.627625e-26,6.636609e-26
Ge-81,-8.916278e-26,-5.414023e-26,6.266057e-26,1.989339e-26,-6.366056e-26,7.041120e-26,-5.019594e-26,5.409926e-27,6.147586e-26,-8.233508e-26,-1.858095e-26,8.407719e-26,3.075561e-26,-6.490755e-26,-7.515235e-26,-9.672155e-27,6.035347e-26,8.857218e-26,7.136207e-26,2.815230e-26,-1.940511e-26,-5.721604e-26,-7.975094e-26,-8.737061e-26,-8.328683e-26,-7.142000e-26,-5.526414e-26,-3.746838e-26,-1.981577e-26,-3.372932e-27,1.131830e-26,2.406727e-26,3.489915e-26,4.395870e-26,5.144647e-26,5.757928e-26,6.256730e-26,6.660226e-26,6.985248e-26,7.246193e-26,7.455150e-26,7.622134e-26,7.755361e-26,7.861521e-26,7.946028e-26,8.013245e-26,8.066676e-26,8.109127e-26,8.142842e-26,8.169610e-26,8.190856e-26,8.207718e-26,8.221097e-26,8.231711e-26,8.240132e-26,8.246811e-26,8.252110e-26,8.256312e-26,8.259645e-26,8.262288e-26
Ge-81m,1.872317e-23,-4.119239e-26,2.821219e-27,-1.815224e-27,-3.156437e-27,3.958876e-27,8.944908e-28,8.016633e-28,3.622451e-28,-5.063561e-27,-2.737369e-27,1.625333e-27,1.386537e-27,-4.080854e-28,-2.164585e-29,2.245021e-27,4.295276e-27,4.821069e-27,3.816480e-27,1.959186e-27,-3.073201e-29,-1.687068e-27,-2.822755e-27,-3.442494e-27,-3.645277e-27,-3.555628e-27,-3.286766e-27,-2.926522e-27,-2.535973e-27,-2.153660e-27,-1.801311e-27,-1.489144e-27,-1.220051e-27,-9.926270e-28,-8.032076e-28,-6.471674e-28,-5.196976e-28,-4.162363e-28,-3.326803e-28,-2.654618e-28,-2.115507e-28,-1.684155e-28,-1.339670e-28,-1.064965e-28,-8.461589e-29,-6.720383e-29,-5.335777e-29,-4.235374e-29,-3.361235e-29,-2.667086e-29,-2.116024e-29,-1.678653e-29,-1.331579e-29,-1.056199e-29,-8.377277e-30,-6.644204e-30,-5.269501e-30,-4.179124e-30,-3.314305e-30,-2.628409e-30
Ge-82,-1.654816e-26,7.541901e-26,-8.404107e-26,9.109881e-26,-8.117213e-26,4.368209e-26,2.843724e-26,-9.061243e-26,1.249608e-26,8.751559e-26,9.400624e-27,-7.539820e-26,-6.508313e-26,7.862429e-27,7.178433e-26,8.945961e-26,6.426889e-26,1.777640e-26,-2.928296e-26,-6.460020e-26,-8.412198e-26,-8.906566e-26,-8.298259e-26,-6.981909e-26,-5.295054e-26,-3.486776e-26,-1.720782e-26,-9.227538e-28,1.352700e-26,2.600413e-26,3.656618e-26,4.537569e-26,5.264151e-26,5.858292e-26,6.340921e-26,6.730955e-26,7.044893e-26,7.296789e-26,7.498405e-26,7.659463e-26,7.787924e-26,7.890264e-26,7.971714e-26,8.036491e-26,8.087976e-26,8.128877e-26,8.161359e-26,8.187146e-26,8.207614e-26,8.223856e-26,8.236744e-26,8.246968e-26,8.255079e-26,8.261513e-26,8.266616e-26,8.270664e-26,8.273874e-26,8.276420e-26,8.278439e-26,8.280040e-26
Ge-83,-2.565697e-26,9.439958e-27,2.011867e-26,-3.067569e-26,-1.217657e-28,3.354868e-26,8.310970e-27,-2.680570e-26,-2.769947e-26,-1.947982e-27,2.340012e-26,3.233741e-26,2.464385e-26,7.976255e-27,-9.683263e-27,-2.334244e-26,-3.117743e-26,-3.347304e-26,-3.149669e-26,-2.672739e-26,-2.045822e-26,-1.365713e-26,-6.968222e-27,-7.715137e-28,4.744591e-27,9.518818e-27,1.356729e-26,1.694844e-26,1.973992e-26,2.202434e-26,2.388112e-26,2.538237e-26,2.659118e-26,2.756137e-26,2.833808e-26,2.895865e-26,2.945370e-26,2.984812e-26,3.016207e-26,3.041176e-26,3.061023e-26,3.076791e-26,3.089314e-26,3.099255e-26,3.107147e-26,3.113409e-26,3.118378e-26,3.122320e-26,3.125447e-26,3.127928e-26,3.129895e-26,3.131456e-26,3.132694e-26,3.133675e-26,3.134454e-26,3.135071e-26,3.135561e-26,3.135949e-26,3.136257e-26,3.136501e-26
Ge-84,-1.753073e-26,-2.522258e-27,2.369311e-26,1.429478e-26,-7.515605e-27,-1.174349e-26,1.145441e-27,1.568589e-26,2.122740e-26,1.663551e-26,6.131963e-27,-5.411031e-27,-1.476106e-26,-2.061366e-26,-2.301355e-26,-2.267083e-26,-2.047130e-26,-1.721326e-26,-1.350774e-26,-9.770628e-27,-6.254903e-27,-3.093290e-27,-3.373983e-28,2.011552e-27,3.980753e-27,5.611151e-27,6.948279e-27,8.036909e-27,8.918221e-27,9.628561e-27,1.019913e-26,1.065619e-26,1.102155e-26,1.131311e-26,1.154548e-26,1.173048e-26,1.187765e-26,1.199464e-26,1.208760e-26,1.216143e-26,1.222005e-26,1.226658e-26,1.230351e-26,1.233281e-26,1.235606e-26,1.237450e-26,1.238913e-26,1.240074e-26,1.240994e-26,1.241724e-26,1.242303e-26,1.242762e-26,1.243127e-26,1.243415e-26,1.243644e-26,1.243826e-26,1.243970e-26,1.244084e-26,1.244175e-26,1.244247e-26
Ge-85,1.282753e-27,-2.902990e-28,-1.381322e-27,-8.893790e-28,3.518711e-28,1.247417e-27,1.363195e-27,8.547473e-28,8.708964e-29,-6.314882e-28,-1.135873e-27,-1.384921e-27,-1.410693e-27,-1.274161e-27,-1.037829e-27,-7.530535e-28,-4.566540e-28,-1.721643e-28,8.722463e-29,3.155822e-28,5.116549e-28,6.769416e-28,8.143706e-28,9.274472e-28,1.019742e-27,1.094608e-27,1.155044e-27,1.203646e-27,1.242617e-27,1.273792e-27,1.298686e-27,1.318534e-27,1.334343e-27,1.346922e-27,1.356924e-27,1.364873e-27,1.371187e-27,1.376201e-27,1.380182e-27,1.383341e-27,1.385848e-27,1.387837e-27,1.389415e-27,1.390667e-27,1.391659e-27,1.392447e-27,1.393072e-27,1.393567e-27,1.393960e-27,1.394271e-27,1.394519e-27,1.394715e-27,1.394870e-27,1.394993e-27,1.395091e-27,1.395168e-27,1.395230e-27,1.395279e-27,1.395317e-27,1.395348e-27
Ge-86,1.529794e-25,-7.274747e-26,-2.571959e-25,-3.701636e-25,-4.111574e-25,-3.946525e-25,-3.393308e-25,-2.622107e-25,-1.763680e-25,-9.069800e-26,-1.058265e-26,6.119605e-26,1.236100e-25,1.767174e-25,2.211853e-25,2.579700e-25,2.881181e-25,3.126513e-25,3.325049e-25,3.485024e-25,3.613492e-25,3.716384e-25,3.798622e-25,3.864243e-25,3.916537e-25,3.958168e-25,3.991283e-25,4.017608e-25,4.038524e-25,4.055135e-25,4.068325e-25,4.078794e-25,4.087102e-25,4.093695e-25,4.098925e-25,4.103074e-25,4.106366e-25,4.108977e-25,4.111047e-25,4.112690e-25,4.113992e-25,4.115025e-25,4.115844e-25,4.116494e-25,4.117009e-25,4.117418e-25,4.117742e-25,4.117999e-25,4.118203e-25,4.118364e-25,4.118492e-25,4.118594e-25,4.118675e-25,4.118738e-25,4.118789e-25,4.118829e-25,4.118861e-25,4.118886e-25,4.118906e-25,4.118922e-25
Ge-87,1.431591e-27,1.025616e-27,2.720040e-28,-4.892149e-28,-1.056988e-27,-1.365751e-27,-1.436156e-27,-1.326840e-27,-1.102677e-27,-8.190202e-28,-5.166237e-28,-2.221983e-28,4.879158e-29,2.889376e-28,4.961171e-28,6.713855e-28,8.175032e-28,9.379744e-28,1.036460e-27,1.116444e-27,1.181073e-27,1.233086e-27,1.274816e-27,1.308214e-27,1.334892e-27,1.356169e-27,1.373120e-27,1.386610e-27,1.397338e-27,1.405865e-27,1.412639e-27,1.418018e-27,1.422289e-27,1.425678e-27,1.428368e-27,1.430502e-27,1.432196e-27,1.433539e-27,1.434604e-27,1.435449e-27,1.436120e-27,1.436651e-27,1.437073e-27,1.437407e-27,1.437673e-27,1.437883e-27,1.438050e-27,1.438182e-27,1.438287e-27,1.438370e-27,1.438436e-27,1.438488e-27,1.438530e-27,1.438563e-27,1.438589e-27,1.438609e-27,1.438626e-27,1.438639e-27,1.438649e-27,1.438657e-27
Ge-88,-1.536789e-29,-2.736952e-29,-3.321754e-29,-3.371101e-29,-3.032714e-29,-2.456987e-29,-1.767037e-29,-1.050885e-29,-3.646344e-30,2.603939e-30,8.102351e-30,1.282084e-29,1.679687e-29,2.010177e-29,2.282041e-29,2.503902e-29,2.683842e-29,2.829082e-29,2.945875e-29,3.039517e-29,3.114423e-29,3.174233e-29,3.221922e-29,3.259901e-29,3.290122e-29,3.314152e-29,3.333249e-29,3.348418e-29,3.360463e-29,3.370025e-29,3.377615e-29,3.383637e-29,3.388415e-29,3.392206e-29,3.395213e-29,3.397598e-29,3.399490e-29,3.400991e-29,3.402181e-29,3.403125e-29,3.403873e-29,3.404467e-29,3.404938e-29,3.405311e-29,3.405607e-29,3.405842e-29,3.406028e-29,3.406176e-29,3.406293e-29,3.406386e-29,3.406459e-29,3.406518e-29,3.406564e-29,3.406601e-29,3.406630e-29,3.406653e-29,3.406671e-29,3.406686e-29,3.406697e-29,3.406706e-29
Ge-89,-2.629748e-33,-2.575203e-33,-2.251718e-33,-1.771933e-33,-1.224370e-33,-6.703688e-34,-1.477953e-34,3.231557e-34,7.343765e-34,1.085354e-33,1.379908e-33,1.623993e-33,1.824309e-33,1.987484e-33,2.119641e-33,2.226196e-33,2.311807e-33,2.380401e-33,2.435242e-33,2.479013e-33,2.513900e-33,2.541678e-33,2.563777e-33,2.581346e-33,2.595306e-33,2.606394e-33,2.615197e-33,2.622186e-33,2.627732e-33,2.632133e-33,2.635625e-33,2.638395e-33,2.640592e-33,2.642335e-33,2.643718e-33,2.644814e-33,2.645684e-33,2.646373e-33,2.646920e-33,2.647354e-33,2.647698e-33,2.647971e-33,2.648187e-33,2.648358e-33,2.648495e-33,2.648602e-33,2.648688e-33,2.648756e-33,2.648810e-33,2.648852e-33,2.648886e-33,2.648913e-33,2.648934e-33,2.648951e-33,2.648964e-33,2.648975e-33,2.648983e-33,2.648990e-33,2.648995e-33,2.649000e-33
As-74,1.445450e+11,1.444837e+11,1.444064e+11,1.443090e+11,1.441863e+11,1.440317e+11,1.438370e+11,1.435918e+11,1.432832e+11,1.428950e+11,1.424070e+11,1.417940e+11,1.410248e+11,1.400607e+11,1.388543e+11,1.373478e+11,1.354713e+11,1.331416e+11,1.302607e+11,1.267166e+11,1.223844e+11,1.171320e+11,1.108286e+11,1.033612e+11,9.465761e+10,8.471914e+10,7.366017e+10,6.174853e+10,4.943381e+10,3.734266e+10,2.621731e+10,1.678310e+10,9.562926e+09,4.704836e+09,1.923485e+09,6.226364e+08,1.501459e+08,2.497749e+07,2.601661e+06,1.501562e+05,4.116196e+03,4.412732e+01,1.447921e-01,1.067562e-04,1.197853e-08,1.251260e-13,6.547665e-20,7.856462e-28,-1.103088e-36,3.269142e-36,-3.210181e-36,-2.194716e-37,1.717805e-36,8.589588e-37,-2.319612e-36,-1.968716e-36,3.265613e-36,-3.069650e-36,3.088914e-36,-3.265782e-36
As-75,1.169679e+19,1.406278e+19,1.663633e+19,1.933008e+19,2.201639e+19,2.453700e+19,2.672770e+19,2.845691e+19,2.966644e+19,3.039341e+19,3.075475e+19,3.089637e+19,3.093762e+19,3.094592e+19,3.094697e+19,3.094705e+19,3.094705e+19,3.094705e+19,3.094705e+19,3.094705e+19,3.094705e+19,3.094705e+19,3.094705e+19,3.094705e+19,3.094705e+19,3.094705e+19,3.094705e+19,3.094705e+19,3.094705e+19,3.094705e+19,3.094705e+19,3.094705e+19,3.094705e+19,3.094705e+19,3.094705e+19,3.094705e+19,3.094705e+19,3.094705e+19,3.094705e+19,3.094705e+19,3.094705e+19,3.094705e+19,3.094705e+19,3.094705e+19,3.094705e+19,3.094705e+19,3.094705e+19,3.094705e+19,3.094705e+19,3.094705e+19,3.094705e+19,3.094705e+19,3.094705e+19,3.094705e+19,3.094705e+19,3.094705e+19,3.094705e+19,3.094705e+19,3.094705e+19,3.094705e+19
As-76,4.662501e+15,4.630462e+15,4.590374e+15,4.540317e+15,4.477969e+15,4.400567e+15,4.304865e+15,4.187143e+15,4.043270e+15,3.868869e+15,3.659628e+15,3.411824e+15,3.123115e+15,2.793612e+15,2.427194e+15,2.032845e+15,1.625565e+15,1.226193e+15,8.593121e+14,5.488303e+14,3.118167e+14,1.528508e+14,6.220319e+13,2.001876e+13,4.792222e+12,7.898836e+11,8.132227e+10,4.625161e+09,1.244630e+08,1.303508e+06,4.153046e+03,2.950488e+00,3.159182e-04,3.110877e-09,-1.526442e-06,1.563136e-02,3.410301e-02,1.011768e-02,1.691251e-01,3.032497e-02,6.456409e-02,-9.919386e-03,-6.368728e-02,1.574138e-02,5.697875e-03,-4.838525e-04,9.332352e-04,-2.793089e-02,5.925505e-02,-1.260555e-02,2.472970e-02,-1.529822e-02,1.648437e-03,-1.410403e-03,-1.178190e-02,6.130895e-03,-6.060016e-03,-1.835749e-05,2.290892e-03,4.761314e-04
As-77,1.559278e+19,1.892885e+19,2.303657e+19,2.806230e+19,3.416135e+19,4.148617e+19,5.016576e+19,6.027313e+19,7.177748e+19,8.448002e+19,9.793647e+19,1.113791e+20,1.236652e+20,1.332966e+20,1.385675e+20,1.378829e+20,1.302342e+20,1.157024e+20,9.574611e+19,7.302406e+19,5.070788e+19,3.156333e+19,1.723762e+19,8.017387e+18,3.051384e+18,9.023901e+17,1.941665e+17,2.797626e+16,2.430963e+15,1.116377e+14,2.294002e+12,1.709867e+10,3.547767e+07,1.467581e+04,7.944971e-01,3.310511e-06,5.436311e-13,1.512640e-21,1.011178e-26,-1.287229e-26,4.829168e-27,1.021897e-26,-2.058932e-27,1.052896e-26,5.092672e-27,-1.211225e-26,9.381958e-27,5.407630e-28,-5.129402e-27,-7.815669e-27,1.287827e-26,2.969286e-27,-3.942757e-27,8.043725e-28,-1.997567e-27,-9.399805e-27,-9.705792e-27,-1.765345e-27,7.862429e-27,1.358037e-26
As-78,1.815865e+20,2.022969e+20,2.184407e+20,2.267136e+20,2.237962e+20,2.073549e+20,1.773503e+20,1.371195e+20,9.333441e+19,5.410034e+19,2.560640e+19,9.386742e+18,2.493122e+18,4.411016e+17,4.676328e+16,2.599452e+15,6.403856e+13,5.657076e+11,1.372390e+09,6.534747e+05,4.001624e+01,1.851158e-04,3.312218e-11,9.871912e-20,4.161341e-27,-3.179713e-25,-2.726802e-26,3.757078e-25,3.509546e-25,2.299821e-25,-1.284030e-25,-1.580094e-25,2.092222e-25,-1.875288e-25,1.652796e-25,-1.200005e-25,1.855277e-26,9.314107e-26,-8.118314e-26,-5.213795e-26,6.098928e-26,6.136538e-26,-8.864404e-27,-5.258292e-26,-4.498728e-26,-1.209334e-26,1.760265e-26,3.196026e-26,3.198084e-26,2.367051e-26,1.273775e-26,2.759738e-27,-4.717028e-27,-9.464103e-27,-1.189828e-26,-1.263799e-26,-1.227219e-26,-1.126992e-26,-9.965825e-27,-8.578700e-27
As-79,1.346279e+19,4.035190e+18,8.830866e+17,1.299868e+17,1.160355e+16,5.512915e+14,1.182427e+13,9.302738e+10,2.066318e+08,9.314573e+04,5.619699e+00,2.684477e-05,5.237254e-12,1.810926e-20,1.641733e-26,-5.743866e-26,1.938197e-26,4.679787e-26,3.027289e-26,2.595581e-26,6.254103e-27,-4.460135e-26,-1.888668e-28,-2.166782e-26,8.522980e-27,-1.654018e-26,4.813780e-26,1.182405e-26,4.447263e-27,4.909371e-26,4.750868e-26,6.250281e-27,-1.736719e-26,-7.745709e-27,1.385485e-26,2.563211e-26,2.092607e-26,4.506817e-27,-1.562815e-26,-3.331265e-26,-4.554661e-26,-5.185656e-26,-5.317156e-26,-5.091452e-26,-4.646724e-26,-4.093753e-26,-3.510946e-26,-2.948129e-26,-2.433264e-26,-1.979115e-26,-1.588708e-26,-1.259349e-26,-9.853624e-27,-7.598490e-27,-5.757371e-27,-4.263677e-27,-3.057747e-27,-2.087844e-27,-1.310098e-27,-6.878961e-28
As-80,6.538345e-16,2.937429e-25,5.665267e-26,8.328129e-26,-2.850944e-26,-9.282741e-26,-7.541551e-26,-2.662120e-26,-4.977218e-26,1.063588e-25,-8.375910e-26,2.770772e-26,-3.001237e-27,4.512799e-26,-3.223888e-26,-1.041256e-25,6.110271e-26,1.446906e-25,2.179268e-26,-1.193132e-25,-1.388522e-25,-5.865821e-26,3.839907e-26,9.735300e-26,1.078233e-25,8.465530e-26,4.758586e-26,1.112888e-26,-1.733690e-26,-3.582098e-26,-4.532303e-26,-4.800484e-26,-4.613033e-26,-4.159044e-26,-3.577484e-26,-2.961106e-26,-2.366319e-26,-1.823609e-26,-1.346297e-26,-9.371035e-27,-5.927239e-27,-3.068221e-27,-7.189465e-28,1.196409e-27,2.748613e-27,4.000664e-27,5.006940e-27,5.813393e-27,6.458265e-27,6.973028e-27,7.383367e-27,7.710110e-27,7.970064e-27,8.176740e-27,8.340971e-27,8.471417e-27,8.574995e-27,8.657215e-27,8.722469e-27,8.774248e-27
As-81,1.950319e-11,6.240236e-20,3.408438e-27,-1.795231e-25,1.908469e-25,3.904097e-26,1.674609e-25,1.378425e-25,9.799937e-27,-3.799326e-26,9.681979e-26,-1.488723e-25,1.548881e-26,-2.626192e-26,2.573616e-25,-5.220206e-26,-1.905072e-25,-2.581717e-27,2.258400e-26,-1.034296e-25,-1.275317e-25,2.017615e-27,1.677137e-25,2.605657e-25,2.522275e-25,1.723356e-25,6.578287e-26,-3.296230e-26,-1.064055e-25,-1.505759e-25,-1.691619e-25,-1.687681e-25,-1.560880e-25,-1.366287e-25,-1.143843e-25,-9.197419e-26,-7.094514e-26,-5.208534e-26,-3.568624e-26,-2.173816e-26,-1.006558e-26,-4.151657e-28,7.490140e-27,1.392024e-26,1.912188e-26,2.331189e-26,2.667581e-26,2.936949e-26,3.152207e-26,3.323947e-26,3.460793e-26,3.569726e-26,3.656370e-26,3.725243e-26,3.779963e-26,3.823421e-26,3.857924e-26,3.885311e-26,3.907045e-26,3.924291e-26
As-82,-1.803998e-25,8.806471e-26,-2.680040e-26,-3.112606e-25,-8.950310e-26,-2.093566e-25,8.117249e-26,1.858668e-25,-1.733839e-25,5.341710e-26,-1.408518e-25,1.278393e-25,2.285557e-25,-1.920736e-25,-1.192190e-25,8.183876e-26,-2.054823e-26,-1.808922e-25,-1.391991e-25,5.895021e-26,2.438112e-25,3.127099e-25,2.638164e-25,1.474388e-25,1.737569e-26,-9.133283e-26,-1.643264e-25,-2.014683e-25,-2.096441e-25,-1.976849e-25,-1.736479e-25,-1.437713e-25,-1.123676e-25,-8.212697e-26,-5.453195e-26,-3.024203e-26,-9.397084e-27,8.164016e-27,2.275647e-26,3.475662e-26,4.454674e-26,5.248496e-26,5.889099e-26,6.404137e-26,6.817020e-26,7.147254e-26,7.410910e-26,7.621112e-26,7.788510e-26,7.921703e-26,8.027607e-26,8.111765e-26,8.178614e-26,8.231696e-26,8.273834e-26,8.307278e-26,8.333816e-26,8.354871e-26,8.371576e-26,8.384826e-26
As-82m,-6.627850e-27,1.602070e-26,1.775686e-26,1.632082e-26,-4.364805e-29,-1.727188e-26,1.504640e-26,-1.122877e-26,1.229024e-26,-1.653930e-26,1.655425e-26,-3.270767e-27,-1.557142e-26,1.012642e-26,1.536572e-26,-4.878385e-27,-1.764140e-26,-1.058733e-26,5.130937e-27,1.600286e-26,1.701985e-26,1.038087e-26,7.013355e-28,-8.218646e-27,-1.439022e-26,-1.735618e-26,-1.754881e-26,-1.574201e-26,-1.271733e-26,-9.111866e-27,-5.379642e-27,-1.809149e-27,1.439235e-27,4.294653e-27,6.743668e-27,8.806465e-27,1.052053e-26,1.193020e-26,1.308038e-26,1.401310e-26,1.476586e-26,1.537114e-26,1.585640e-26,1.624455e-26,1.655446e-26,1.680155e-26,1.699833e-26,1.715491e-26,1.727941e-26,1.737835e-26,1.745694e-26,1.751935e-26,1.756889e-26,1.760821e-26,1.763941e-26,1.766416e-26,1.768380e-26,1.769938e-26,1.771174e-26,1.772154e-26
As-83,6.588929e-26,2.203339e-25,1.862186e-25,2.657082e-25,7.127029e-26,-2.659830e-25,1.529282e-25,-7.532288e-26,1.568899e-25,-1.973550e-25,1.964142e-25,-1.081320e-25,-2.157337e-25,1.416615e-25,2.007366e-25,-5.232270e-26,-1.930007e-25,-8.618866e-26,1.151182e-25,2.425347e-25,2.401661e-25,1.414784e-25,7.288128e-27,-1.140679e-25,-1.980685e-25,-2.397123e-25,-2.450952e-25,-2.244296e-25,-1.878616e-25,-1.436025e-25,-9.748568e-26,-5.321616e-26,-1.286034e-26,2.265750e-26,5.314498e-26,7.883873e-26,1.001971e-25,1.177675e-25,1.321064e-25,1.437361e-25,1.531231e-25,1.606716e-25,1.667238e-25,1.715651e-25,1.754307e-25,1.785128e-25,1.809674e-25,1.829206e-25,1.844737e-25,1.857079e-25,1.866883e-25,1.874668e-25,1.880848e-25,1.885753e-25,1.889645e-25,1.892733e-25,1.895183e-25,1.897127e-25,1.898668e-25,1.899891e-25
As-84,-6.670631e-26,6.588838e-26,-6.100084e-26,3.734970e-26,-5.815435e-26,1.044069e-25,-2.295234e-26,-8.471969e-26,3.405234e-26,5.199827e-26,-3.801272e-26,-8.161014e-26,-3.233949e-26,5.017613e-26,1.022089e-25,1.031225e-25,6.610806e-26,1.461419e-26,-3.271208e-26,-6.630057e-26,-8.402972e-26,-8.803875e-26,-8.208096e-26,-6.993122e-26,-5.466767e-26,-3.849276e-26,-2.281877e-26,-8.446136e-27,4.253300e-27,1.518414e-26,2.441456e-26,3.209876e-26,3.842706e-26,4.359583e-26,4.779067e-26,5.117827e-26,5.390341e-26,5.608902e-26,5.783774e-26,5.923430e-26,6.034796e-26,6.123501e-26,6.194090e-26,6.250222e-26,6.294833e-26,6.330271e-26,6.358412e-26,6.380753e-26,6.398484e-26,6.412555e-26,6.423719e-26,6.432576e-26,6.439602e-26,6.445175e-26,6.449595e-26,6.453101e-26,6.455882e-26,6.458087e-26,6.459836e-26,6.461223e-26
As-85,4.412462e-27,-5.807263e-26,1.190153e-25,-3.897272e-26,-4.360986e-26,1.043227e-25,8.676683e-26,-4.108862e-26,-9.355473e-26,-3.696945e-26,5.041877e-26,9.836965e-26,8.907693e-26,4.091103e-26,-1.902283e-26,-7.067672e-26,-1.046769e-25,-1.198457e-25,-1.194174e-25,-1.080902e-25,-9.033277e-26,-6.967371e-26,-4.857084e-26,-2.855313e-26,-1.044766e-26,5.400458e-27,1.895048e-26,3.033667e-26,3.978088e-26,4.753709e-26,5.385870e-26,5.898076e-26,6.311188e-26,6.643186e-26,6.909246e-26,7.121994e-26,7.291816e-26,7.427187e-26,7.534979e-26,7.620738e-26,7.688920e-26,7.743100e-26,7.786134e-26,7.820304e-26,7.847428e-26,7.868956e-26,7.886038e-26,7.899591e-26,7.910343e-26,7.918871e-26,7.925637e-26,7.931003e-26,7.935258e-26,7.938634e-26,7.941311e-26,7.943434e-26,7.945117e-26,7.946452e-26,7.947511e-26,7.948351e-26
As-86,-5.699989e-25,-1.675474e-26,7.093358e-25,5.507966e-25,8.827843e-26,7.869818e-27,2.858460e-25,5.706242e-25,6.320954e-25,4.580756e-25,1.538959e-25,-1.652223e-25,-4.247201e-25,-5.956206e-25,-6.802782e-25,-6.962650e-25,-6.649978e-25,-6.056869e-25,-5.330748e-25,-4.572876e-25,-3.846023e-25,-3.184478e-25,-2.603195e-25,-2.104980e-25,-1.685637e-25,-1.337420e-25,-1.051211e-25,-8.178043e-26,-6.286062e-26,-4.759622e-26,-3.532604e-26,-2.549101e-26,-1.762559e-26,-1.134647e-26,-6.340739e-27,-2.354547e-27,8.169953e-28,3.338638e-27,5.342464e-27,6.934121e-27,8.197955e-27,9.201215e-27,9.997455e-27,1.062929e-26,1.113059e-26,1.152828e-26,1.184376e-26,1.209399e-26,1.229247e-26,1.244989e-26,1.257474e-26,1.267376e-26,1.275229e-26,1.281456e-26,1.286395e-26,1.290312e-26,1.293418e-26,1.295881e-26,1.297834e-26,1.299383e-26
As-87,3.258917e-26,-1.400961e-28,-3.263822e-26,-2.642909e-26,3.923305e-27,2.970042e-26,3.655279e-26,2.625294e-26,7.573066e-27,-1.121514e-26,-2.525876e-26,-3.299327e-26,-3.493331e-26,-3.250428e-26,-2.727717e-26,-2.059059e-26,-1.342984e-26,-6.441220e-27,2.227458e-31,5.713672e-27,1.064581e-26,1.482005e-26,1.830110e-26,2.117180e-26,2.351900e-26,2.542552e-26,2.696616e-26,2.820617e-26,2.920108e-26,2.999738e-26,3.063347e-26,3.114082e-26,3.154499e-26,3.186667e-26,3.212248e-26,3.232581e-26,3.248734e-26,3.261562e-26,3.271745e-26,3.279828e-26,3.286243e-26,3.291332e-26,3.295370e-26,3.298573e-26,3.301114e-26,3.303129e-26,3.304728e-26,3.305996e-26,3.307001e-26,3.307798e-26,3.308431e-26,3.308932e-26,3.309330e-26,3.309645e-26,3.309895e-26,3.310094e-26,3.310251e-26,3.310376e-26,3.310475e-26,3.310553e-26
As-88,5.951847e-26,1.720094e-26,-2.616342e-26,-5.885681e-26,-7.691563e-26,-8.137597e-26,-7.551516e-26,-6.301485e-26,-4.703858e-26,-2.992686e-26,-1.322049e-26,2.183571e-27,1.585125e-26,2.765320e-26,3.764393e-26,4.597713e-26,5.285028e-26,5.847072e-26,6.303639e-26,6.672616e-26,6.969610e-26,7.207913e-26,7.398650e-26,7.551020e-26,7.672552e-26,7.769371e-26,7.846429e-26,7.907712e-26,7.956421e-26,7.995117e-26,8.025847e-26,8.050243e-26,8.069607e-26,8.084974e-26,8.097167e-26,8.106840e-26,8.114513e-26,8.120600e-26,8.125428e-26,8.129258e-26,8.132295e-26,8.134703e-26,8.136614e-26,8.138128e-26,8.139330e-26,8.140283e-26,8.141038e-26,8.141637e-26,8.142113e-26,8.142489e-26,8.142788e-26,8.143025e-26,8.143213e-26,8.143362e-26,8.143480e-26,8.143574e-26,8.143648e-26,8.143707e-26,8.143754e-26,8.143791e-26
As-89,-6.495597e-29,-9.163392e-29,-1.008091e-28,-9.613804e-29,-8.220187e-29,-6.312528e-29,-4.205454e-29,-2.111695e-29,-1.590734e-30,1.587071e-29,3.103359e-29,4.392281e-29,5.470719e-29,6.362321e-29,7.092749e-29,7.686937e-29,8.167663e-29,8.554939e-29,8.865891e-29,9.114909e-29,9.313919e-29,9.472705e-29,9.599235e-29,9.699959e-29,9.780078e-29,9.843765e-29,9.894366e-29,9.934553e-29,9.966460e-29,9.991787e-29,1.001189e-28,1.002783e-28,1.004049e-28,1.005052e-28,1.005849e-28,1.006480e-28,1.006981e-28,1.007378e-28,1.007693e-28,1.007943e-28,1.008141e-28,1.008299e-28,1.008423e-28,1.008522e-28,1.008601e-28,1.008663e-28,1.008712e-28,1.008751e-28,1.008782e-28,1.008807e-28,1.008826e-28,1.008842e-28,1.008854e-28,1.008864e-28,1.008871e-28,1.008877e-28,1.008882e-28,1.008886e-28,1.008889e-28,1.008892e-28
As-90,-2.061785e-30,-2.138865e-30,-1.956444e-30,-1.610761e-30,-1.182634e-30,-7.309130e-31,-2.937755e-31,1.069604e-31,4.610976e-31,7.660061e-31,1.023567e-30,1.238049e-30,1.414733e-30,1.559078e-30,1.676247e-30,1.770883e-30,1.847024e-30,1.908095e-30,1.956964e-30,1.995993e-30,2.027119e-30,2.051911e-30,2.071642e-30,2.087332e-30,2.099801e-30,2.109707e-30,2.117573e-30,2.123818e-30,2.128775e-30,2.132708e-30,2.135829e-30,2.138305e-30,2.140269e-30,2.141827e-30,2.143063e-30,2.144043e-30,2.144820e-30,2.145436e-30,2.145925e-30,2.146313e-30,2.146621e-30,2.146864e-30,2.147058e-30,2.147211e-30,2.147333e-30,2.147429e-30,2.147506e-30,2.147566e-30,2.147614e-30,2.147653e-30,2.147683e-30,2.147707e-30,2.147726e-30,2.147741e-30,2.147753e-30,2.147762e-30,2.147770e-30,2.147776e-30,2.147781e-30,2.147784e-30
As-91,-1.452010e-31,-1.529093e-31,-1.414202e-31,-1.176437e-31,-8.748534e-32,-5.529849e-32,-2.393944e-32,4.935921e-33,3.053234e-32,5.261972e-32,7.130804e-32,8.688998e-32,9.973815e-32,1.102423e-31,1.187736e-31,1.256674e-31,1.312157e-31,1.356672e-31,1.392299e-31,1.420759e-31,1.443457e-31,1.461540e-31,1.475931e-31,1.487376e-31,1.496473e-31,1.503699e-31,1.509438e-31,1.513994e-31,1.517610e-31,1.520480e-31,1.522757e-31,1.524563e-31,1.525996e-31,1.527133e-31,1.528035e-31,1.528750e-31,1.529317e-31,1.529767e-31,1.530123e-31,1.530406e-31,1.530631e-31,1.530809e-31,1.530950e-31,1.531062e-31,1.531150e-31,1.531221e-31,1.531276e-31,1.531321e-31,1.531356e-31,1.531384e-31,1.531406e-31,1.531423e-31,1.531437e-31,1.531448e-31,1.531457e-31,1.531464e-31,1.531469e-31,1.531474e-31,1.531477e-31,1.531480e-31
As-92,-2.115340e-34,-1.740398e-34,-1.276725e-34,-7.878540e-35,-3.149704e-35,1.184118e-35,5.013230e-35,8.309584e-35,1.109377e-34,1.341209e-34,1.532175e-34,1.688179e-34,1.814808e-34,1.917083e-34,1.999366e-34,2.065364e-34,2.118174e-34,2.160350e-34,2.193985e-34,2.220777e-34,2.242098e-34,2.259052e-34,2.272527e-34,2.283232e-34,2.291732e-34,2.298480e-34,2.303836e-34,2.308086e-34,2.311459e-34,2.314134e-34,2.316257e-34,2.317940e-34,2.319275e-34,2.320334e-34,2.321174e-34,2.321841e-34,2.322369e-34,2.322788e-34,2.323120e-34,2.323384e-34,2.323593e-34,2.323758e-34,2.323890e-34,2.323994e-34,2.324077e-34,2.324142e-34,2.324194e-34,2.324235e-34,2.324268e-34,2.324294e-34,2.324314e-34,2.324331e-34,2.324344e-34,2.324354e-34,2.324362e-34,2.324369e-34,2.324374e-34,2.324378e-34,2.324381e-34,2.324383e-34
Se-74,7.993955e+07,1.007848e+08,1.270587e+08,1.601708e+08,2.018944e+08,2.544585e+08,3.206630e+08,4.040214e+08,5.089362e+08,6.409156e+08,8.068361e+08,1.015259e+09,1.276808e+09,1.604608e+09,2.014780e+09,2.526987e+09,3.164980e+09,3.957097e+09,4.936589e+09,6.141602e+09,7.614530e+09,9.400363e+09,1.154350e+10,1.408242e+10,1.704164e+10,2.042072e+10,2.418077e+10,2.823073e+10,3.241774e+10,3.652873e+10,4.031135e+10,4.351898e+10,4.597384e+10,4.762559e+10,4.857125e+10,4.901354e+10,4.917418e+10,4.921674e+10,4.922435e+10,4.922518e+10,4.922523e+10,4.922523e+10,4.922523e+10,4.922523e+10,4.922523e+10,4.922523e+10,4.922523e+10,4.922523e+10,4.922523e+10,4.922523e+10,4.922523e+10,4.922523e+10,4.922523e+10,4.922523e+10,4.922523e+10,4.922523e+10,4.922523e+10,4.922523e+10,4.922523e+10,4.922523e+10
Se-76,1.256863e+14,1.577249e+14,1.978130e+14,2.478709e+14,3.102179e+14,3.876203e+14,4.833226e+14,6.010445e+14,7.449170e+14,9.193182e+14,1.128560e+15,1.376363e+15,1.665072e+15,1.994576e+15,2.360993e+15,2.755343e+15,3.162622e+15,3.561995e+15,3.928875e+15,4.239357e+15,4.476371e+15,4.635337e+15,4.725984e+15,4.768169e+15,4.783395e+15,4.787398e+15,4.788106e+15,4.788183e+15,4.788187e+15,4.788187e+15,4.788187e+15,4.788187e+15,4.788187e+15,4.788187e+15,4.788187e+15,4.788187e+15,4.788187e+15,4.788187e+15,4.788187e+15,4.788187e+15,4.788187e+15,4.788187e+15,4.788187e+15,4.788187e+15,4.788187e+15,4.788187e+15,4.788187e+15,4.788187e+15,4.788187e+15,4.788187e+15,4.788187e+15,4.788187e+15,4.788187e+15,4.788187e+15,4.788187e+15,4.788187e+15,4.788187e+15,4.788187e+15,4.788187e+15,4.788187e+15
Se-77,1.591938e+17,2.396482e+17,3.629924e+17,5.524084e+17,8.433137e+17,1.289376e+18,1.971031e+18,3.007092e+18,4.569756e+18,6.902406e+18,1.033779e+19,1.531091e+19,2.235610e+19,3.207244e+19,4.503863e+19,6.166430e+19,8.198675e+19,1.054636e+20,1.308575e+20,1.563209e+20,1.797306e+20,1.992008e+20,2.135939e+20,2.228229e+20,2.277896e+20,2.299386e+20,2.306469e+20,2.308130e+20,2.308386e+20,2.308409e+20,2.308410e+20,2.308410e+20,2.308410e+20,2.308410e+20,2.308410e+20,2.308410e+20,2.308410e+20,2.308410e+20,2.308410e+20,2.308410e+20,2.308410e+20,2.308410e+20,2.308410e+20,2.308410e+20,2.308410e+20,2.308410e+20,2.308410e+20,2.308410e+20,2.308410e+20,2.308410e+20,2.308410e+20,2.308410e+20,2.308410e+20,2.308410e+20,2.308410e+20,2.308410e+20,2.308410e+20,2.308410e+20,2.308410e+20,2.308410e+20
Se-77m,6.408578e+12,7.788413e+12,9.487422e+12,1.156614e+13,1.408880e+13,1.711848e+13,2.070855e+13,2.488921e+13,2.964778e+13,3.490206e+13,4.046836e+13,4.602921e+13,5.111206e+13,5.509742e+13,5.727977e+13,5.699955e+13,5.383958e+13,4.783328e+13,3.958368e+13,3.019016e+13,2.096415e+13,1.304925e+13,7.126568e+12,3.314638e+12,1.261537e+12,3.730762e+11,8.027450e+10,1.156626e+10,1.005036e+09,4.615451e+07,9.484121e+05,7.069124e+03,1.466757e+01,6.067438e-03,3.284698e-07,1.368668e-12,2.247541e-19,6.255399e-28,4.990339e-33,-4.434194e-33,2.947921e-33,5.228054e-33,1.916791e-34,5.429988e-33,3.208198e-33,-3.884551e-33,5.020066e-33,1.377525e-33,-9.571949e-34,-2.058801e-33,6.504443e-33,2.413211e-33,-4.409049e-34,1.524309e-33,3.682463e-34,-2.689791e-33,-2.814175e-33,4.704778e-34,4.452349e-33,6.817395e-33
Se-78,4.958977e+19,7.264191e+19,1.045181e+20,1.470643e+20,2.013682e+20,2.668742e+20,3.404672e+20,4.160655e+20,4.854593e+20,5.407675e+20,5.776969e+20,5.974548e+20,6.054702e+20,6.077730e+20,6.082036e+20,6.082509e+20,6.082535e+20,6.082536e+20,6.082536e+20,6.082536e+20,6.082536e+20,6.082536e+20,6.082536e+20,6.082536e+20,6.082536e+20,6.082536e+20,6.082536e+20,6.082536e+20,6.082536e+20,6.082536e+20,6.082536e+20,6.082536e+20,6.082536e+20,6.082536e+20,6.082536e+20,6.082536e+20,6.082536e+20,6.082536e+20,6.082536e+20,6.082536e+20,6.082536e+20,6.082536e+20,6.082536e+20,6.082536e+20,6.082536e+20,6.082536e+20,6.082536e+20,6.082536e+20,6.082536e+20,6.082536e+20,6.082536e+20,6.082536e+20,6.082536e+20,6.082536e+20,6.082536e+20,6.082536e+20,6.082536e+20,6.082536e+20,6.082536e+20,6.082536e+20
Se-79,1.273714e+21,1.290196e+21,1.295713e+21,1.297032e+21,1.297239e+21,1.297259e+21,1.297260e+21,1.297260e+21,1.297260e+21,1.297260e+21,1.297260e+21,1.297260e+21,1.297260e+21,1.297260e+21,1.297260e+21,1.297260e+21,1.297260e+21,1.297260e+21,1.297260e+21,1.297259e+21,1.297259e+21,1.297259e+21,1.297259e+21,1.297259e+21,1.297259e+21,1.297259e+21,1.297259e+21,1.297259e+21,1.297259e+21,1.297259e+21,1.297259e+21,1.297259e+21,1.297259e+21,1.297259e+21,1.297259e+21,1.297258e+21,1.297258e+21,1.297258e+21,1.297257e+21,1.297257e+21,1.297256e+21,1.297255e+21,1.297254e+21,1.297252e+21,1.297250e+21,1.297248e+21,1.297245e+21,1.297241e+21,1.297236e+21,1.297230e+21,1.297222e+21,1.297212e+21,1.297199e+21,1.297184e+21,1.297164e+21,1.297139e+21,1.297108e+21,1.297068e+21,1.297018e+21,1.296955e+21
Se-79m,1.009563e+19,3.032350e+18,6.639377e+17,9.773588e+16,8.724656e+15,4.145138e+14,8.890620e+12,6.994691e+10,1.553656e+08,7.003589e+04,4.225428e+00,2.018447e-05,3.937870e-12,1.361628e-20,1.549012e-26,-9.314167e-27,3.751307e-26,2.254171e-26,-4.744809e-27,4.722210e-26,-1.209631e-26,7.901948e-28,2.736016e-28,-1.562768e-26,3.459754e-26,-2.134126e-26,-2.034877e-27,-1.276383e-26,3.612781e-27,3.495602e-26,1.562110e-26,-2.990271e-26,-4.849868e-26,-2.978971e-26,3.835268e-27,2.991054e-26,3.983183e-26,3.599874e-26,2.477917e-26,1.185348e-26,6.464456e-28,-7.475370e-27,-1.245301e-26,-1.484593e-26,-1.538302e-26,-1.473270e-26,-1.341731e-26,-1.180457e-26,-1.013189e-26,-8.539146e-27,-7.098930e-27,-5.840429e-27,-4.766680e-27,-3.866256e-27,-3.120785e-27,-2.509526e-27,-2.011989e-27,-1.609304e-27,-1.284814e-27,-1.024227e-27
Se-80,3.737810e+21,3.737810e+21,3.737810e+21,3.737810e+21,3.737810e+21,3.737810e+21,3.737810e+21,3.737810e+21,3.737810e+21,3.737810e+21,3.737810e+21,3.737810e+21,3.737810e+21,3.737810e+21,3.737811e+21,3.737811e+21,3.737811e+21,3.737811e+21,3.737811e+21,3.737811e+21,3.737811e+21,3.737811e+21,3.737811e+21,3.737811e+21,3.737811e+21,3.737811e+21,3.737811e+21,3.737811e+21,3.737811e+21,3.737811e+21,3.737811e+21,3.737811e+21,3.737811e+21,3.737811e+21,3.737811e+21,3.737811e+21,3.737811e+21,3.737811e+21,3.737811e+21,3.737811e+21,3.737811e+21,3.737811e+21,3.737811e+21,3.737811e+21,3.737811e+21,3.737811e+21,3.737811e+21,3.737811e+21,3.737811e+21,3.737811e+21,3.737811e+21,3.737811e+21,3.737811e+21,3.737811e+21,3.737811e+21,3.737811e+21,3.737811e+21,3.737811e+21,3.737811e+21,3.737811e+21
Se-81,6.693808e+20,3.970629e+20,2.131146e+20,1.047479e+20,4.913495e+19,2.320395e+19,1.104859e+19,4.919399e+18,1.861860e+18,5.533184e+17,1.200089e+17,1.746845e+16,1.537541e+15,7.176298e+13,1.505090e+12,1.151139e+10,2.467403e+07,1.063389e+04,6.062271e-01,2.696198e-06,4.806905e-13,1.483783e-21,3.829314e-26,-1.558206e-25,-2.860325e-25,1.118459e-27,-7.562987e-26,1.508247e-25,1.546960e-26,2.652662e-25,1.256958e-25,3.447647e-26,1.938065e-25,1.891403e-25,2.378582e-26,-9.601590e-26,-7.047071e-26,2.281466e-26,7.704701e-26,6.030611e-26,-3.368324e-27,-8.011735e-26,-1.472804e-25,-1.947947e-25,-2.209435e-25,-2.284311e-25,-2.217692e-25,-2.057020e-25,-1.843627e-25,-1.609335e-25,-1.376208e-25,-1.157954e-25,-9.618909e-26,-7.908829e-26,-6.449371e-26,-5.224030e-26,-4.208028e-26,-3.373680e-26,-2.693611e-26,-2.142520e-26
Se-81m,1.966259e+20,1.626790e+20,1.280964e+20,9.476525e+19,6.480307e+19,4.012897e+19,2.192756e+19,1.023318e+19,3.914132e+18,1.164964e+18,2.526992e+17,3.678298e+16,3.237570e+15,1.511099e+14,3.169240e+12,2.423932e+10,5.195563e+07,2.239159e+04,1.276521e+00,5.677332e-06,1.012181e-12,3.124001e-21,2.624416e-27,-1.530036e-26,7.291047e-28,3.915906e-27,5.117439e-27,1.101570e-26,1.038617e-26,-3.032965e-27,9.810664e-27,3.211377e-27,7.371388e-27,-3.538092e-27,1.129802e-26,-3.124618e-27,-6.512707e-27,6.114401e-27,5.426040e-27,-6.092706e-27,-1.168748e-26,-7.291758e-27,4.811236e-28,5.125420e-27,4.721866e-27,7.316584e-28,-4.456390e-27,-9.012814e-27,-1.204935e-26,-1.342293e-26,-1.340174e-26,-1.239744e-26,-1.080841e-26,-8.952171e-27,-7.051316e-27,-5.245120e-27,-3.609441e-27,-2.176371e-27,-9.502459e-28,8.063260e-29
Se-82,9.437254e+21,9.437254e+21,9.437254e+21,9.437254e+21,9.437254e+21,9.437254e+21,9.437254e+21,9.437254e+21,9.437254e+21,9.437254e+21,9.437254e+21,9.437254e+21,9.437254e+21,9.437254e+21,9.437254e+21,9.437254e+21,9.437254e+21,9.437254e+21,9.437254e+21,9.437254e+21,9.437254e+21,9.437254e+21,9.437254e+21,9.437254e+21,9.437254e+21,9.437254e+21,9.437254e+21,9.437254e+21,9.437254e+21,9.437254e+21,9.437254e+21,9.437254e+21,9.437254e+21,9.437254e+21,9.437254e+21,9.437254e+21,9.437254e+21,9.437254e+21,9.437254e+21,9.437254e+21,9.437254e+21,9.437254e+21,9.437254e+21,9.437254e+21,9.437254e+21,9.437254e+21,9.437254e+21,9.437254e+21,9.437254e+21,9.437254e+21,9.437254e+21,9.437254e+21,9.437254e+21,9.437254e+21,9.437254e+21,9.437254e+21,9.437254e+21,9.437254e+21,9.437254e+21,9.437254e+21
Se-83,2.201789e+21,1.353179e+21,7.323993e+20,3.377131e+20,1.272301e+20,3.715058e+19,7.866627e+18,1.110788e+18,9.409288e+16,4.184455e+15,8.257142e+13,5.848091e+11,1.137711e+09,4.339122e+05,2.120345e+01,7.764465e-05,3.768709e-05,1.099192e-02,7.190842e-05,5.054223e-06,1.669098e-08,-1.830488e-12,3.348935e-16,-6.602032e-19,1.285083e-21,1.019733e-24,3.046887e-25,2.083088e-25,2.168692e-25,-7.659750e-26,3.905665e-25,-1.584386e-25,-2.219523e-25,2.055744e-25,1.330293e-25,-2.777007e-25,-4.527847e-25,-2.859995e-25,-1.914898e-26,1.290870e-25,1.020134e-25,-4.464643e-26,-2.276100e-25,-3.850910e-25,-4.881673e-25,-5.332125e-25,-5.302312e-25,-4.937485e-25,-4.375771e-25,-3.726168e-25,-3.064527e-25,-2.437948e-25,-1.871817e-25,-1.376616e-25,-9.534307e-26,-5.979504e-26,-3.031763e-26,-6.113526e-27,1.361080e-26,2.959055e-26
Se-83m,3.377106e+05,3.112871e+01,2.537587e-04,8.794908e-02,-3.129396e+03,-9.630240e+02,5.273242e+02,-9.896466e+02,8.861188e+02,5.271591e+01,6.090447e+01,-6.682830e+01,1.435645e+02,-6.087823e+01,-6.745464e+00,-7.459964e-01,-2.364204e-03,-4.799150e-03,-1.193866e-04,-2.508886e-08,-3.106577e-09,1.071183e-12,6.713744e-16,-4.973834e-18,2.206550e-21,-5.223118e-25,1.923779e-26,2.133406e-26,1.360836e-26,1.723358e-27,-9.482397e-27,-1.739160e-26,-2.133046e-26,-2.178116e-26,-1.968773e-26,-1.602448e-26,-1.159473e-26,-6.975780e-27,-2.537489e-27,1.512238e-27,5.079375e-27,8.143381e-27,1.072704e-26,1.287572e-26,1.464396e-26,1.608741e-26,1.725839e-26,1.820374e-26,1.896405e-26,1.957371e-26,2.006143e-26,2.045089e-26,2.076144e-26,2.100877e-26,2.120559e-26,2.136208e-26,2.148646e-26,2.158525e-26,2.166371e-26,2.172598e-26
Se-84,7.118169e+16,2.547707e+15,3.823175e+13,1.917130e+11,2.413066e+08,5.314692e+04,1.299499e+00,1.987381e-06,9.220767e-14,5.188910e-23,-5.404041e-25,5.844203e-25,-3.046285e-25,-6.210522e-25,-6.379410e-25,-4.097912e-25,4.047026e-25,1.944260e-25,-2.959119e-25,5.657673e-25,-2.061483e-25,1.449711e-25,5.092957e-25,-4.441957e-25,-6.952667e-26,5.602507e-25,1.820966e-25,-4.693175e-25,-5.626044e-25,-1.576946e-25,2.838563e-25,4.596292e-25,3.440955e-25,6.177046e-26,-2.478014e-25,-4.936697e-25,-6.401960e-25,-6.898309e-25,-6.634640e-25,-5.865566e-25,-4.817930e-25,-3.663700e-25,-2.518625e-25,-1.451952e-25,-4.988659e-26,3.282428e-26,1.030993e-25,1.618767e-25,2.104573e-25,2.502472e-25,2.826099e-25,3.087893e-25,3.298772e-25,3.468078e-25,3.603653e-25,3.711996e-25,3.798437e-25,3.867316e-25,3.922146e-25,3.965758e-25
Se-85,1.398962e-12,1.667423e-21,-8.693130e-26,5.106986e-26,4.353282e-25,-1.189639e-25,-2.899380e-25,-4.556142e-26,3.586818e-25,-2.909151e-25,-1.972248e-25,1.999196e-25,-3.655203e-26,-1.843723e-26,6.214504e-25,-1.819111e-25,-3.227844e-26,6.006593e-25,3.824279e-25,-2.304881e-25,-4.222735e-25,-1.341816e-25,2.473119e-25,4.231892e-25,3.394663e-25,9.331307e-26,-1.908319e-25,-4.263290e-25,-5.757868e-25,-6.376967e-25,-6.289466e-25,-5.718337e-25,-4.868808e-25,-3.899860e-25,-2.920606e-25,-1.997900e-25,-1.167118e-25,-4.422615e-26,1.760177e-26,6.946411e-26,1.124230e-25,1.476672e-25,1.763696e-25,1.996110e-25,2.183470e-25,2.333984e-25,2.454569e-25,2.550968e-25,2.627903e-25,2.689222e-25,2.738042e-25,2.776880e-25,2.807755e-25,2.832288e-25,2.851774e-25,2.867245e-25,2.879526e-25,2.889273e-25,2.897007e-25,2.903143e-25
Se-86,-3.909377e-25,-3.199224e-25,-1.337159e-25,-1.549737e-25,-5.227144e-25,-9.691933e-26,8.283887e-25,-1.061536e-24,5.067947e-25,-1.079679e-24,4.577709e-25,2.988916e-25,-6.111017e-25,5.253037e-25,1.157729e-24,3.148830e-25,-5.146145e-25,-4.214857e-25,2.330144e-25,7.689944e-25,8.570964e-25,5.486997e-25,5.568534e-26,-4.262652e-25,-7.845814e-25,-9.850585e-25,-1.042399e-24,-9.922852e-25,-8.732888e-25,-7.180331e-25,-5.504585e-25,-3.862617e-25,-2.345747e-25,-9.983920e-26,1.658068e-26,1.151747e-25,1.974335e-25,2.652921e-25,3.207896e-25,3.658759e-25,4.023150e-25,4.316466e-25,4.551825e-25,4.740211e-25,4.890705e-25,5.010744e-25,5.106374e-25,5.182485e-25,5.243017e-25,5.291128e-25,5.329349e-25,5.359703e-25,5.383800e-25,5.402927e-25,5.418106e-25,5.430149e-25,5.439704e-25,5.447283e-25,5.453296e-25,5.458064e-25
Se-87,-2.889551e-25,-4.369620e-25,5.578697e-25,-4.087132e-25,4.934043e-25,-5.170289e-25,4.533773e-25,1.438490e-26,-4.920976e-25,2.553597e-25,5.188371e-25,-6.248813e-26,-5.059709e-25,-3.491869e-25,1.129120e-25,4.582795e-25,5.093932e-25,3.182969e-25,2.288223e-26,-2.575091e-25,-4.575996e-25,-5.600156e-25,-5.761212e-25,-5.289194e-25,-4.423426e-25,-3.362149e-25,-2.248403e-25,-1.174250e-25,-1.918180e-26,6.749338e-26,1.420283e-25,2.049308e-25,2.572756e-25,3.003723e-25,3.355658e-25,3.641241e-25,3.871844e-25,4.057339e-25,4.206101e-25,4.325122e-25,4.420171e-25,4.495964e-25,4.556334e-25,4.604374e-25,4.642574e-25,4.672934e-25,4.697051e-25,4.716202e-25,4.731405e-25,4.743472e-25,4.753047e-25,4.760645e-25,4.766672e-25,4.771454e-25,4.775246e-25,4.778254e-25,4.780640e-25,4.782533e-25,4.784033e-25,4.785224e-25
Se-88,-7.294900e-26,1.826257e-25,-1.753284e-25,-3.843855e-26,2.652716e-25,1.550264e-25,-1.134200e-25,-1.743368e-25,-2.277463e-26,1.573222e-25,2.340312e-25,1.894911e-25,7.217112e-26,-5.990467e-26,-1.675535e-25,-2.345449e-25,-2.609408e-25,-2.549507e-25,-2.270243e-25,-1.866440e-25,-1.410906e-25,-9.532478e-26,-5.236083e-26,-1.377358e-26,1.983422e-26,4.846353e-26,7.245510e-26,9.231338e-26,1.085963e-25,1.218511e-25,1.325805e-25,1.412277e-25,1.481728e-25,1.537361e-25,1.581830e-25,1.617316e-25,1.645597e-25,1.668112e-25,1.686023e-25,1.700261e-25,1.711574e-25,1.720559e-25,1.727693e-25,1.733356e-25,1.737850e-25,1.741416e-25,1.744245e-25,1.746489e-25,1.748270e-25,1.749682e-25,1.750802e-25,1.751691e-25,1.752395e-25,1.752954e-25,1.753397e-25,1.753748e-25,1.754027e-25,1.754248e-25,1.754423e-25,1.754562e-25
Se-89,-1.238269e-26,-3.180798e-26,-1.642158e-26,1.176176e-26,2.963134e-26,2.980028e-26,1.700291e-26,-4.532582e-28,-1.605329e-26,-2.654638e-26,-3.132164e-26,-3.125085e-26,-2.774185e-26,-2.217699e-26,-1.566604e-26,-8.990823e-27,-2.642423e-27,3.110543e-27,8.153539e-27,1.247005e-26,1.610036e-26,1.911352e-26,2.158941e-26,2.360819e-26,2.524442e-26,2.656443e-26,2.762548e-26,2.847592e-26,2.915604e-26,2.969899e-26,3.013182e-26,3.047650e-26,3.075073e-26,3.096877e-26,3.114204e-26,3.127967e-26,3.138895e-26,3.147569e-26,3.154454e-26,3.159918e-26,3.164252e-26,3.167691e-26,3.170419e-26,3.172582e-26,3.174299e-26,3.175660e-26,3.176739e-26,3.177596e-26,3.178275e-26,3.178813e-26,3.179240e-26,3.179579e-26,3.179847e-26,3.180060e-26,3.180229e-26,3.180363e-26,3.180469e-26,3.180554e-26,3.180620e-26,3.180673e-26
Se-90,7.822620e-27,7.735853e-27,4.318808e-27,-2.545223e-28,-4.303940e-27,-7.003771e-27,-8.210393e-27,-8.159262e-27,-7.220156e-27,-5.753179e-27,-4.046102e-27,-2.300951e-27,-6.441633e-28,8.554550e-28,2.168909e-27,3.292464e-27,4.236978e-27,5.020653e-27,5.664425e-27,6.189233e-27,6.614525e-27,6.957584e-27,7.233312e-27,7.454296e-27,7.631011e-27,7.772078e-27,7.884533e-27,7.974080e-27,8.045325e-27,8.101969e-27,8.146981e-27,8.182734e-27,8.211122e-27,8.233658e-27,8.251543e-27,8.265735e-27,8.276996e-27,8.285929e-27,8.293015e-27,8.298636e-27,8.303094e-27,8.306630e-27,8.309434e-27,8.311658e-27,8.313422e-27,8.314821e-27,8.315930e-27,8.316810e-27,8.317507e-27,8.318061e-27,8.318499e-27,8.318847e-27,8.319123e-27,8.319342e-27,8.319516e-27,8.319653e-27,8.319762e-27,8.319849e-27,8.319917e-27,8.319972e-27
Se-91,-2.937408e-28,8.835694e-29,3.768223e-28,4.257615e-28,2.766812e-28,4.156606e-29,-1.823566e-28,-3.417559e-28,-4.223008e-28,-4.330963e-28,-3.927635e-28,-3.207093e-28,-2.330154e-28,-1.412812e-28,-5.296391e-29,2.772493e-29,9.886231e-29,1.600059e-28,2.115890e-28,2.545033e-28,2.898291e-28,3.186725e-28,3.420754e-28,3.609713e-28,3.761700e-28,3.883582e-28,3.981094e-28,4.058963e-28,4.121056e-28,4.170512e-28,4.209867e-28,4.241161e-28,4.266032e-28,4.285788e-28,4.301476e-28,4.313930e-28,4.323815e-28,4.331659e-28,4.337882e-28,4.342820e-28,4.346737e-28,4.349843e-28,4.352308e-28,4.354262e-28,4.355812e-28,4.357042e-28,4.358017e-28,4.358790e-28,4.359403e-28,4.359889e-28,4.360275e-28,4.360581e-28,4.360823e-28,4.361016e-28,4.361168e-28,4.361289e-28,4.361385e-28,4.361461e-28,4.361521e-28,4.361569e-28
Se-92,8.763476e-30,-6.110582e-30,-1.795516e-29,-2.498937e-29,-2.730997e-29,-2.592712e-29,-2.208161e-29,-1.688174e-29,-1.116863e-29,-5.508542e-30,-2.400675e-31,4.465139e-30,8.547144e-30,1.201467e-29,1.491443e-29,1.731088e-29,1.927354e-29,2.086974e-29,2.216091e-29,2.320094e-29,2.403590e-29,2.470451e-29,2.523880e-29,2.566508e-29,2.600475e-29,2.627514e-29,2.649021e-29,2.666116e-29,2.679699e-29,2.690486e-29,2.699050e-29,2.705848e-29,2.711243e-29,2.715524e-29,2.718920e-29,2.721614e-29,2.723751e-29,2.725446e-29,2.726791e-29,2.727857e-29,2.728703e-29,2.729374e-29,2.729906e-29,2.730327e-29,2.730662e-29,2.730927e-29,2.731138e-29,2.731304e-29,2.731437e-29,2.731542e-29,2.731625e-29,2.731691e-29,2.731743e-29,2.731785e-29,2.731818e-29,2.731844e-29,2.731864e-29,2.731881e-29,2.731894e-29,2.731904e-29
Se-93,-9.072722e-31,-1.395902e-30,-1.598238e-30,-1.564844e-30,-1.368100e-30,-1.076445e-30,-7.436557e-31,-4.069905e-31,-8.944534e-32,1.967179e-31,4.465792e-31,6.598310e-31,8.387972e-31,9.870970e-31,1.108803e-30,1.207942e-30,1.288235e-30,1.352974e-30,1.404987e-30,1.446662e-30,1.479980e-30,1.506573e-30,1.527769e-30,1.544646e-30,1.558071e-30,1.568745e-30,1.577227e-30,1.583963e-30,1.589312e-30,1.593558e-30,1.596927e-30,1.599601e-30,1.601722e-30,1.603405e-30,1.604740e-30,1.605799e-30,1.606639e-30,1.607305e-30,1.607834e-30,1.608253e-30,1.608585e-30,1.608848e-30,1.609057e-30,1.609223e-30,1.609355e-30,1.609459e-30,1.609541e-30,1.609607e-30,1.609659e-30,1.609700e-30,1.609733e-30,1.609759e-30,1.609779e-30,1.609796e-30,1.609809e-30,1.609819e-30,1.609827e-30,1.609833e-30,1.609838e-30,1.609843e-30
Se-94,-7.213072e-33,-1.017525e-32,-1.119394e-32,-1.067517e-32,-9.127625e-33,-7.009309e-33,-4.669580e-33,-2.344648e-33,-1.764435e-34,1.762483e-33,3.446173e-33,4.877394e-33,6.074893e-33,7.064927e-33,7.875993e-33,8.535780e-33,9.069578e-33,9.499608e-33,9.844889e-33,1.012140e-32,1.034238e-32,1.051869e-32,1.065919e-32,1.077104e-32,1.086000e-32,1.093072e-32,1.098690e-32,1.103153e-32,1.106696e-32,1.109508e-32,1.111740e-32,1.113511e-32,1.114916e-32,1.116030e-32,1.116914e-32,1.117616e-32,1.118172e-32,1.118613e-32,1.118963e-32,1.119240e-32,1.119460e-32,1.119635e-32,1.119773e-32,1.119883e-32,1.119970e-32,1.120039e-32,1.120094e-32,1.120137e-32,1.120172e-32,1.120199e-32,1.120221e-32,1.120238e-32,1.120251e-32,1.120262e-32,1.120271e-32,1.120277e-32,1.120283e-32,1.120287e-32,1.120291e-32,1.120293e-32
Br-78,2.270157e+08,4.217925e+07,5.050565e+06,3.475156e+05,1.189039e+04,1.685800e+02,7.869194e-01,9.049526e-04,1.778585e-07,3.767054e-12,4.806793e-18,-5.054281e+02,-3.879726e+01,6.670336e+01,-2.725611e+01,1.342172e+01,-7.865270e+02,2.983981e+01,9.239077e+02,-4.377636e+00,-4.052364e+02,3.385665e+02,1.159189e+01,-2.085671e+02,1.351194e+02,-3.073018e+01,-1.061857e+02,1.574089e+01,7.951182e-01,9.474630e+00,-3.788738e+00,-3.647036e+01,-3.321110e+01,-2.762052e+00,-4.600248e+00,-1.707621e+01,-2.491087e+01,4.391672e-01,-1.128336e+00,-6.251750e-01,-4.680243e+00,-4.709990e+00,2.769027e+00,8.118831e-02,-2.136338e+00,1.382070e+00,1.510612e-01,-7.622722e-02,1.036584e-01,5.471834e-01,3.685351e-01,-3.483766e-01,1.020612e-01,3.482013e-02,2.142721e-01,3.065883e-02,-4.069894e-03,-8.665434e-02,-5.945271e-03,5.914507e-02
Br-79,6.964975e+17,7.056074e+17,7.086572e+17,7.093862e+17,7.095009e+17,7.095118e+17,7.095126e+17,7.095130e+17,7.095135e+17,7.095141e+17,7.095148e+17,7.095157e+17,7.095169e+17,7.095183e+17,7.095202e+17,7.095225e+17,7.095255e+17,7.095292e+17,7.095339e+17,7.095398e+17,7.095472e+17,7.095566e+17,7.095684e+17,7.095834e+17,7.096022e+17,7.096259e+17,7.096558e+17,7.096936e+17,7.097412e+17,7.098012e+17,7.098768e+17,7.099723e+17,7.100926e+17,7.102444e+17,7.104357e+17,7.106770e+17,7.109813e+17,7.113651e+17,7.118490e+17,7.124592e+17,7.132287e+17,7.141991e+17,7.154227e+17,7.169658e+17,7.189117e+17,7.213655e+17,7.244597e+17,7.283617e+17,7.332822e+17,7.394871e+17,7.473115e+17,7.571784e+17,7.696206e+17,7.853105e+17,8.050957e+17,8.300449e+17,8.615060e+17,9.011783e+17,9.512045e+17,1.014286e+18
Br-79m,-3.532962e-01,-3.881443e-01,-2.704356e-01,3.001209e-02,2.525866e-01,1.748982e-01,-1.345496e-02,1.005899e-01,-7.886388e-02,-1.485404e-01,-2.664214e-03,5.468358e-02,3.662207e-02,-3.184580e-02,2.574661e-03,1.551763e-03,-1.611116e-02,-3.723151e-03,9.672684e-03,-2.729014e-04,-7.132317e-03,-4.633965e-03,6.967306e-03,-6.116003e-03,5.264452e-03,3.308951e-04,-1.662746e-03,-1.129338e-03,7.521190e-04,1.877113e-04,-1.151010e-03,3.991258e-04,-5.800841e-05,-3.602023e-05,3.614422e-05,5.334140e-06,-4.145229e-06,1.308407e-04,-1.537372e-05,-1.675511e-05,-4.765412e-05,-8.907500e-07,-7.744955e-05,2.637658e-06,1.942827e-06,1.854117e-06,-1.394835e-05,4.124631e-07,1.938298e-06,2.769760e-07,-7.624181e-07,-7.098260e-07,3.768800e-06,-2.355360e-06,-2.466649e-06,1.586611e-06,1.518296e-06,3.373219e-07,-9.185439e-07,-5.419023e-07
Br-80,2.771658e+14,2.323281e+14,1.993431e+14,1.755230e+14,1.569295e+14,1.399749e+14,1.225032e+14,1.038621e+14,8.439124e+13,6.495755e+13,4.669740e+13,3.079928e+13,1.822245e+13,9.401025e+12,4.080520e+12,1.424436e+12,3.777987e+11,7.086389e+10,8.587437e+09,5.998630e+08,2.091890e+07,3.037883e+05,1.461633e+03,1.746254e+00,3.601273e-04,8.104732e-09,1.116419e-14,4.539851e-22,2.071651e-31,1.384432e-32,-6.054473e-33,-1.595653e-32,1.033789e-32,7.840788e-33,-1.383538e-32,-1.579572e-32,-6.033606e-33,4.720058e-33,2.275876e-32,1.382816e-32,9.710110e-33,2.109252e-33,-1.545673e-32,-1.719380e-32,-1.380651e-32,-1.701836e-32,-2.048682e-32,-1.752830e-32,-9.578557e-33,-1.392885e-33,4.028403e-33,6.373164e-33,6.765246e-33,6.492376e-33,6.412380e-33,6.886788e-33,7.934256e-33,9.406449e-33,1.111181e-32,1.288081e-32
Br-80m,2.753162e+15,2.642750e+15,2.509806e+15,2.351653e+15,2.166345e+15,1.953339e+15,1.714329e+15,1.454168e+15,1.181617e+15,9.095158e+14,6.538428e+14,4.312422e+14,2.551452e+14,1.316303e+14,5.713420e+13,1.994452e+13,5.289823e+12,9.922147e+11,1.202387e+11,8.399099e+09,2.929002e+08,4.253552e+06,2.046534e+04,2.445052e+01,5.042393e-03,1.134800e-07,1.563176e-13,6.356560e-21,3.046465e-30,-7.216572e-32,6.870088e-32,-5.279789e-32,-7.174069e-32,-7.208644e-32,-5.531564e-32,4.448792e-32,2.677868e-32,-5.746286e-32,6.164404e-32,-4.877792e-32,9.408195e-33,5.032418e-32,-6.852865e-32,-1.028204e-32,7.200859e-32,2.240801e-32,-5.827434e-32,-6.502960e-32,-8.945340e-33,4.966165e-32,7.266228e-32,5.776548e-32,2.155180e-32,-1.788112e-32,-4.889987e-32,-6.704038e-32,-7.271753e-32,-6.867884e-32,-5.822642e-32,-4.428332e-32
Br-81,5.025129e+21,5.331394e+21,5.549925e+21,5.691623e+21,5.777198e+21,5.827803e+21,5.858160e+21,5.875984e+21,5.885360e+21,5.889418e+21,5.890763e+21,5.891082e+21,5.891131e+21,5.891136e+21,5.891136e+21,5.891136e+21,5.891136e+21,5.891136e+21,5.891136e+21,5.891136e+21,5.891136e+21,5.891136e+21,5.891136e+21,5.891136e+21,5.891136e+21,5.891136e+21,5.891136e+21,5.891136e+21,5.891136e+21,5.891136e+21,5.891136e+21,5.891136e+21,5.891136e+21,5.891136e+21,5.891136e+21,5.891136e+21,5.891136e+21,5.891136e+21,5.891136e+21,5.891136e+21,5.891136e+21,5.891136e+21,5.891136e+21,5.891136e+21,5.891136e+21,5.891136e+21,5.891136e+21,5.891136e+21,5.891136e+21,5.891136e+21,5.891136e+21,5.891136e+21,5.891136e+21,5.891136e+21,5.891136e+21,5.891136e+21,5.891136e+21,5.891136e+21,5.891136e+21,5.891136e+21
Br-82,1.543008e+18,1.535547e+18,1.525728e+18,1.513345e+18,1.497863e+18,1.478565e+18,1.454583e+18,1.424895e+18,1.388319e+18,1.343532e+18,1.289108e+18,1.223609e+18,1.145736e+18,1.054562e+18,9.498599e+17,8.325162e+17,7.049810e+17,5.716258e+17,4.388089e+17,3.143860e+17,2.064670e+17,1.214984e+17,6.225593e+16,2.679108e+16,9.251520e+15,2.420461e+15,4.462534e+14,5.291590e+13,3.596484e+12,1.211611e+11,1.684526e+09,7.671654e+06,8.552149e+03,1.616175e+00,3.257866e-05,3.905681e-11,1.333029e-18,5.347050e-28,-2.191606e-29,3.651766e-29,-2.206822e-29,-2.228721e-29,-2.498107e-29,-2.564547e-29,1.949126e-29,2.007000e-29,-3.150884e-29,3.019840e-29,-3.046927e-29,3.331452e-30,1.611535e-29,-4.121893e-29,-9.994297e-30,2.730716e-29,3.713128e-31,-3.851835e-29,-4.029826e-29,-1.244486e-29,1.549346e-29,2.568355e-29
Br-82m,5.349761e+14,9.103737e+13,9.757598e+12,5.838471e+11,1.674959e+10,1.901619e+08,6.707657e+05,5.417863e+02,6.820030e-02,8.235999e-07,5.174663e-13,7.819563e-21,3.766186e-30,9.156457e-30,-8.419139e-30,-4.887964e-30,2.115250e-30,-4.490036e-31,-9.304640e-30,-4.260322e-30,1.033561e-29,-1.052802e-29,1.052120e-29,-1.048943e-29,6.902629e-30,2.704498e-30,-1.061449e-29,2.732795e-30,1.043091e-29,-3.526681e-32,-9.995231e-30,-8.066962e-30,1.060804e-30,8.686520e-30,1.057999e-29,7.363244e-30,1.712152e-30,-3.890931e-30,-8.011114e-30,-1.020448e-29,-1.064668e-29,-9.779945e-30,-8.084191e-30,-5.965125e-30,-3.719562e-30,-1.540901e-30,4.597128e-31,2.229770e-30,3.755069e-30,5.044322e-30,6.118451e-30,7.003612e-30,7.726955e-30,8.314244e-30,8.788673e-30,9.170426e-30,9.476661e-30,9.721724e-30,9.917460e-30,1.007356e-29
Br-83,1.107683e+22,1.108739e+22,1.067122e+22,9.834736e+21,8.647879e+21,7.227347e+21,5.708223e+21,4.221016e+21,2.880798e+21,1.778971e+21,9.686378e+20,4.500270e+20,1.711642e+20,5.058247e+19,1.087413e+19,1.565034e+18,1.357999e+17,6.225288e+15,1.276345e+14,9.486534e+11,1.961330e+09,8.076878e+05,4.347799e+01,1.798725e-04,2.927220e-11,8.052687e-20,2.271341e-25,-4.352779e-25,2.815295e-25,5.215544e-25,-1.756990e-25,5.913818e-25,5.633619e-25,-6.502977e-25,-8.385374e-26,1.598496e-25,5.018522e-25,-1.185551e-25,2.415703e-25,-5.715111e-25,-6.332981e-25,1.307509e-25,3.182701e-25,4.481145e-27,-9.688040e-26,1.755598e-25,5.315233e-25,7.004102e-25,6.177490e-25,3.647178e-25,5.783606e-26,-2.159162e-25,-4.144523e-25,-5.306066e-25,-5.764732e-25,-5.710158e-25,-5.328202e-25,-4.769282e-25,-4.141282e-25,-3.514253e-25
Br-84,7.547923e+21,5.362717e+21,3.484891e+21,2.023622e+21,1.019649e+21,4.296050e+20,1.444448e+20,3.654024e+19,6.456901e+18,7.257500e+17,4.610739e+16,1.426582e+15,1.781578e+13,7.086704e+10,6.660662e+07,1.015013e+04,1.559775e-01,1.328029e-07,2.944004e-15,7.748837e-25,4.329274e-25,-9.672155e-26,-1.044857e-24,3.214135e-25,-2.181976e-25,-1.241313e-24,-2.223926e-25,1.001760e-24,-5.865000e-26,7.247628e-25,-9.835790e-25,-3.234098e-25,-2.269234e-25,-8.240646e-25,2.122802e-25,1.042231e-24,6.450619e-25,5.976006e-26,7.784882e-26,5.135056e-25,8.699059e-25,8.850069e-25,5.881079e-25,1.406615e-25,-3.023676e-25,-6.486722e-25,-8.676186e-25,-9.682345e-25,-9.773615e-25,-9.251156e-25,-8.375588e-25,-7.342414e-25,-6.283425e-25,-5.278709e-25,-4.370765e-25,-3.576940e-25,-2.899003e-25,-2.329914e-25,-1.858303e-25,-1.471269e-25
Br-84m,4.739142e+17,7.761057e+16,7.925563e+15,4.461563e+14,1.185156e+13,1.221114e+11,3.811226e+08,2.638228e+05,2.733819e+01,2.583102e-04,8.276739e-03,-8.390700e+03,1.794134e+03,-1.274072e+04,4.221464e+02,4.127465e+03,1.914422e+04,4.582459e+02,-1.507903e+04,-1.684712e+03,1.256334e+04,8.453966e+03,-6.779758e+03,6.091178e+03,5.634322e+02,1.739984e+02,-2.981039e+03,2.488402e+03,-5.454863e+02,1.459554e+02,3.261388e+02,-4.230508e+01,8.572202e+02,-6.268441e+02,-4.779278e+01,3.871710e+01,8.964377e+01,-3.478398e+02,-3.131415e+01,-1.365559e+01,1.214287e+01,5.114204e+00,2.774791e-02,8.631998e+01,-5.223095e+00,-8.384364e+01,-5.698873e+00,5.953030e+01,-9.492514e+00,1.749025e+01,1.580395e+01,6.546759e-07,4.311170e-07,5.310632e-07,-6.462155e-07,-2.910649e-07,3.450160e+00,1.973399e+00,-2.673061e-02,-2.609910e-01
Br-85,1.936409e+16,4.584033e+14,4.084406e+12,1.061371e+10,5.831425e+06,4.515438e+02,2.954682e-03,8.572200e-10,4.888897e-18,-3.335347e-25,6.401173e-26,-4.679009e-25,8.193058e-25,9.221445e-25,1.437182e-25,4.808215e-25,-4.698762e-25,6.473735e-26,-7.707904e-25,8.789444e-25,-1.116417e-25,8.690990e-25,-4.821795e-25,-1.224038e-24,-7.833799e-26,4.015469e-25,-1.182227e-25,-3.711548e-25,9.791453e-26,8.171418e-25,1.246447e-24,1.207800e-24,8.194378e-25,2.928568e-25,-2.012425e-25,-5.727739e-25,-7.990124e-25,-8.966008e-25,-8.978387e-25,-8.361579e-25,-7.393778e-25,-6.278362e-25,-5.149611e-25,-4.087411e-25,-3.132917e-25,-2.301788e-25,-1.594140e-25,-1.001469e-25,-5.111771e-26,-1.093580e-26,2.175965e-26,4.821617e-26,6.953208e-26,8.664841e-26,1.003563e-25,1.113118e-25,1.200531e-25,1.270189e-25,1.325641e-25,1.369750e-25
Br-86,1.111782e+03,7.993550e-03,2.611615e-09,1.730141e-17,-2.170938e-25,7.061405e-25,-1.811191e-24,2.165952e-24,1.579465e-25,2.224126e-24,-8.851417e-25,-1.488212e-24,2.250345e-24,-1.190819e-24,-1.924723e-25,-1.224309e-24,2.203838e-24,6.733095e-25,-1.261473e-24,-2.478210e-25,-7.739333e-27,-1.090918e-24,-1.430311e-24,-3.552225e-25,1.207443e-24,2.235205e-24,2.372904e-24,1.816439e-24,9.461413e-25,7.971261e-26,-6.058845e-25,-1.055186e-24,-1.286189e-24,-1.348341e-24,-1.296135e-24,-1.176333e-24,-1.023921e-24,-8.625619e-25,-7.067974e-25,-5.645615e-25,-4.393620e-25,-3.319487e-25,-2.414895e-25,-1.663494e-25,-1.045781e-25,-5.419751e-26,-1.335682e-26,1.959437e-26,4.608244e-26,6.731388e-26,8.429349e-26,9.784865e-26,1.086549e-25,1.172601e-25,1.241068e-25,1.295504e-25,1.338762e-25,1.373122e-25,1.400405e-25,1.422063e-25
Br-87,2.121091e+03,1.751272e-02,6.812061e-09,5.623166e-17,-1.905026e-24,1.511363e-24,-1.701730e-24,7.752028e-25,1.840228e-24,7.118694e-25,-1.059878e-24,-1.124589e-24,1.945544e-24,-7.467239e-25,1.062078e-24,-1.915671e-24,6.439520e-25,-4.222098e-25,-1.383498e-24,9.191174e-25,1.769918e-24,3.162745e-25,-8.058173e-25,-3.964099e-25,7.584079e-25,1.564200e-24,1.579116e-24,9.597216e-25,7.909183e-26,-7.455976e-25,-1.343224e-24,-1.670180e-24,-1.758736e-24,-1.671565e-24,-1.473428e-24,-1.217938e-24,-9.438977e-25,-6.764652e-25,-4.301090e-25,-2.117386e-25,-2.334744e-26,1.360078e-25,2.688389e-25,3.783387e-25,4.678422e-25,5.405234e-25,5.992448e-25,6.464998e-25,6.844096e-25,7.147483e-25,7.389814e-25,7.583084e-25,7.737042e-25,7.859569e-25,7.957009e-25,8.034453e-25,8.095975e-25,8.144832e-25,8.183618e-25,8.214403e-25
Br-88,-9.307905e-25,9.392617e-25,6.999953e-25,2.908745e-25,5.718435e-25,8.802726e-25,-7.257610e-25,4.660687e-25,8.901016e-26,4.629637e-27,-9.371866e-25,9.416566e-25,-7.629093e-25,-6.783814e-25,1.103212e-24,1.006660e-24,-3.545635e-25,-9.067085e-25,-2.674854e-25,6.999818e-25,1.220829e-24,1.101881e-24,5.505628e-25,-1.300534e-25,-7.163987e-25,-1.104194e-24,-1.280581e-24,-1.281857e-24,-1.160592e-24,-9.667696e-25,-7.398620e-25,-5.073876e-25,-2.864935e-25,-8.648815e-26,8.870554e-26,2.385692e-25,3.645458e-25,4.690638e-25,5.549179e-25,6.249026e-25,6.816140e-25,7.273578e-25,7.641223e-25,7.935867e-25,8.171480e-25,8.359560e-25,8.509489e-25,8.628876e-25,8.723861e-25,8.799380e-25,8.859389e-25,8.907055e-25,8.944902e-25,8.974946e-25,8.998791e-25,9.017711e-25,9.032723e-25,9.044632e-25,9.054079e-25,9.061573e-25
Br-89,-4.826170e-25,7.443462e-25,-6.272106e-25,6.403967e-25,-7.431542e-25,5.260860e-25,4.409222e-26,-6.886901e-25,2.894482e-25,7.007123e-25,-4.587178e-26,-6.565378e-25,-4.696388e-25,1.460816e-25,6.223952e-25,7.088943e-25,4.666757e-25,7.809492e-26,-2.956965e-25,-5.649930e-25,-7.046472e-25,-7.287446e-25,-6.675778e-25,-5.530685e-25,-4.118261e-25,-2.631337e-25,-1.194513e-25,1.213182e-26,1.283273e-25,2.283146e-25,3.127393e-25,3.830206e-25,4.409018e-25,4.881791e-25,5.265498e-25,5.575377e-25,5.824668e-25,6.024608e-25,6.184587e-25,6.312350e-25,6.414236e-25,6.495390e-25,6.559971e-25,6.611326e-25,6.652141e-25,6.684564e-25,6.710310e-25,6.730750e-25,6.746973e-25,6.759846e-25,6.770061e-25,6.778164e-25,6.784592e-25,6.789691e-25,6.793736e-25,6.796944e-25,6.799488e-25,6.801505e-25,6.803106e-25,6.804375e-25
Br-90,-1.768587e-25,-4.697137e-26,3.017483e-25,-3.207445e-25,-1.068910e-25,3.636174e-25,1.677307e-25,-2.610995e-25,-3.391850e-25,-7.264475e-26,2.350421e-25,3.712019e-25,3.092648e-25,1.290649e-25,-7.520663e-26,-2.403973e-25,-3.405840e-25,-3.760894e-25,-3.602692e-25,-3.099892e-25,-2.404870e-25,-1.634121e-25,-8.665862e-26,-1.498319e-26,4.917037e-26,1.049139e-25,1.523204e-25,1.919986e-25,2.248110e-25,2.516972e-25,2.735718e-25,2.912714e-25,3.055316e-25,3.169823e-25,3.261527e-25,3.334819e-25,3.393298e-25,3.439900e-25,3.476998e-25,3.506507e-25,3.529964e-25,3.548602e-25,3.563404e-25,3.575156e-25,3.584485e-25,3.591888e-25,3.597762e-25,3.602423e-25,3.606120e-25,3.609053e-25,3.611379e-25,3.613224e-25,3.614687e-25,3.615848e-25,3.616768e-25,3.617498e-25,3.618077e-25,3.618536e-25,3.618900e-25,3.619189e-25
Br-91,2.039993e-13,8.548397e-17,7.425014e-19,-5.056401e-23,3.722146e-26,1.274864e-25,1.441929e-25,9.395081e-26,1.460366e-26,-6.101009e-26,-1.148791e-25,-1.421575e-25,-1.459092e-25,-1.324101e-25,-1.082031e-25,-7.871071e-26,-4.784462e-26,-1.812025e-26,9.041130e-27,3.298993e-26,5.357582e-26,7.094383e-26,8.539362e-26,9.728861e-26,1.070011e-25,1.148817e-25,1.212447e-25,1.263627e-25,1.304671e-25,1.337508e-25,1.363730e-25,1.384640e-25,1.401295e-25,1.414548e-25,1.425086e-25,1.433461e-25,1.440114e-25,1.445397e-25,1.449591e-25,1.452920e-25,1.455561e-25,1.457657e-25,1.459320e-25,1.460639e-25,1.461685e-25,1.462515e-25,1.463173e-25,1.463695e-25,1.464109e-25,1.464438e-25,1.464698e-25,1.464904e-25,1.465068e-25,1.465198e-25,1.465301e-25,1.465383e-25,1.465448e-25,1.465499e-25,1.465540e-25,1.465572e-25
Br-92,-1.698208e-26,-1.223657e-26,3.096396e-27,1.499192e-26,1.727661e-26,1.145466e-26,2.016029e-27,-7.072244e-27,-1.360218e-26,-1.695462e-26,-1.747562e-26,-1.590972e-26,-1.304131e-26,-9.523905e-27,-5.830764e-27,-2.267299e-27,9.931197e-28,3.870513e-27,6.345492e-27,8.434620e-27,1.017337e-26,1.160511e-26,1.277440e-26,1.372332e-26,1.448960e-26,1.510602e-26,1.560039e-26,1.599594e-26,1.631183e-26,1.656372e-26,1.676436e-26,1.692403e-26,1.705099e-26,1.715190e-26,1.723205e-26,1.729570e-26,1.734624e-26,1.738634e-26,1.741817e-26,1.744342e-26,1.746345e-26,1.747934e-26,1.749195e-26,1.750195e-26,1.750988e-26,1.751617e-26,1.752116e-26,1.752511e-26,1.752825e-26,1.753074e-26,1.753271e-26,1.753428e-26,1.753552e-26,1.753650e-26,1.753728e-26,1.753790e-26,1.753839e-26,1.753878e-26,1.753909e-26,1.753933e-26
Br-93,1.084985e-27,-2.456034e-29,-1.017045e-27,-1.685240e-27,-1.989939e-27,-1.986381e-27,-1.764013e-27,-1.410731e-27,-9.971283e-28,-5.729555e-28,-1.694718e-28,1.962149e-28,5.168012e-28,7.912221e-28,1.022029e-27,1.213606e-27,1.371028e-27,1.499388e-27,1.603426e-27,1.687359e-27,1.754826e-27,1.808903e-27,1.852149e-27,1.886673e-27,1.914196e-27,1.936113e-27,1.953551e-27,1.967416e-27,1.978433e-27,1.987185e-27,1.994133e-27,1.999650e-27,2.004028e-27,2.007501e-27,2.010258e-27,2.012444e-27,2.014179e-27,2.015555e-27,2.016646e-27,2.017512e-27,2.018198e-27,2.018743e-27,2.019174e-27,2.019517e-27,2.019788e-27,2.020004e-27,2.020174e-27,2.020310e-27,2.020417e-27,2.020502e-27,2.020570e-27,2.020623e-27,2.020666e-27,2.020700e-27,2.020726e-27,2.020747e-27,2.020764e-27,2.020778e-27,2.020788e-27,2.020797e-27
Br-94,-3.637472e-29,-7.951156e-29,-1.030808e-28,-1.085906e-28,-1.004567e-28,-8.358669e-29,-6.217662e-29,-3.932044e-29,-1.704863e-29,3.461270e-30,2.164344e-29,3.733379e-29,5.061002e-29,6.167979e-29,7.080762e-29,7.827026e-29,8.433145e-29,8.922923e-29,9.317114e-29,9.633381e-29,9.886507e-29,1.008870e-28,1.024998e-28,1.037845e-28,1.048070e-28,1.056201e-28,1.062664e-28,1.067799e-28,1.071876e-28,1.075113e-28,1.077682e-28,1.079721e-28,1.081339e-28,1.082622e-28,1.083640e-28,1.084448e-28,1.085089e-28,1.085597e-28,1.086000e-28,1.086319e-28,1.086573e-28,1.086774e-28,1.086933e-28,1.087059e-28,1.087160e-28,1.087239e-28,1.087302e-28,1.087352e-28,1.087392e-28,1.087423e-28,1.087448e-28,1.087468e-28,1.087484e-28,1.087496e-28,1.087506e-28,1.087514e-28,1.087520e-28,1.087525e-28,1.087529e-28,1.087532e-28
Br-95,-7.458388e-31,-1.328305e-30,-1.612123e-30,-1.636072e-30,-1.471846e-30,-1.192432e-30,-8.575836e-31,-5.100187e-31,-1.769654e-31,1.263751e-31,3.932257e-31,6.222248e-31,8.151905e-31,9.755847e-31,1.107527e-30,1.215201e-30,1.302530e-30,1.373018e-30,1.429701e-30,1.475147e-30,1.511501e-30,1.540528e-30,1.563672e-30,1.582105e-30,1.596772e-30,1.608434e-30,1.617702e-30,1.625064e-30,1.630910e-30,1.635550e-30,1.639234e-30,1.642156e-30,1.644475e-30,1.646315e-30,1.647775e-30,1.648932e-30,1.649850e-30,1.650579e-30,1.651156e-30,1.651614e-30,1.651978e-30,1.652266e-30,1.652494e-30,1.652675e-30,1.652819e-30,1.652933e-30,1.653023e-30,1.653095e-30,1.653152e-30,1.653197e-30,1.653233e-30,1.653261e-30,1.653283e-30,1.653301e-30,1.653315e-30,1.653327e-30,1.653335e-30,1.653342e-30,1.653348e-30,1.653353e-30
Br-96,-1.214306e-30,-1.241269e-30,-1.122870e-30,-9.146559e-31,-6.624829e-31,-3.993344e-31,-1.463591e-31,8.454064e-32,2.879694e-31,4.627330e-31,6.101164e-31,7.326973e-31,8.335808e-31,9.159387e-31,9.827535e-31,1.036696e-30,1.080080e-30,1.114869e-30,1.142700e-30,1.164925e-30,1.182646e-30,1.196760e-30,1.207992e-30,1.216922e-30,1.224020e-30,1.229658e-30,1.234135e-30,1.237689e-30,1.240510e-30,1.242748e-30,1.244524e-30,1.245933e-30,1.247051e-30,1.247937e-30,1.248641e-30,1.249198e-30,1.249641e-30,1.249991e-30,1.250270e-30,1.250490e-30,1.250665e-30,1.250804e-30,1.250914e-30,1.251001e-30,1.251071e-30,1.251126e-30,1.251169e-30,1.251204e-30,1.251231e-30,1.251253e-30,1.251270e-30,1.251283e-30,1.251294e-30,1.251303e-30,1.251310e-30,1.251315e-30,1.251319e-30,1.251323e-30,1.251325e-30,1.251328e-30
Br-97,-2.222187e-34,-2.207057e-34,-1.952097e-34,-1.554684e-34,-1.092588e-34,-6.203797e-35,-1.721942e-35,2.334059e-35,5.886118e-35,8.924358e-35,1.147828e-34,1.359720e-34,1.533778e-34,1.675667e-34,1.790649e-34,1.883396e-34,1.957939e-34,2.017681e-34,2.065455e-34,2.103592e-34,2.133993e-34,2.158201e-34,2.177461e-34,2.192774e-34,2.204943e-34,2.214608e-34,2.222283e-34,2.228375e-34,2.233210e-34,2.237046e-34,2.240091e-34,2.242505e-34,2.244421e-34,2.245941e-34,2.247146e-34,2.248102e-34,2.248860e-34,2.249461e-34,2.249938e-34,2.250316e-34,2.250616e-34,2.250854e-34,2.251042e-34,2.251192e-34,2.251311e-34,2.251405e-34,2.251479e-34,2.251538e-34,2.251585e-34,2.251622e-34,2.251652e-34,2.251675e-34,2.251694e-34,2.251709e-34,2.251720e-34,2.251729e-34,2.251737e-34,2.251743e-34,2.251747e-34,2.251751e-34
Kr-80,1.161696e+15,1.304060e+15,1.456217e+15,1.623086e+15,1.810064e+15,2.020938e+15,2.256132e+15,2.511793e+15,2.779577e+15,3.046915e+15,3.298111e+15,3.516815e+15,3.689829e+15,3.811181e+15,3.884373e+15,3.920911e+15,3.935309e+15,3.939532e+15,3.940389e+15,3.940498e+15,3.940506e+15,3.940507e+15,3.940507e+15,3.940507e+15,3.940507e+15,3.940507e+15,3.940507e+15,3.940507e+15,3.940507e+15,3.940507e+15,3.940507e+15,3.940507e+15,3.940507e+15,3.940507e+15,3.940507e+15,3.940507e+15,3.940507e+15,3.940507e+15,3.940507e+15,3.940507e+15,3.940507e+15,3.940507e+15,3.940507e+15,3.940507e+15,3.940507e+15,3.940507e+15,3.940507e+15,3.940507e+15,3.940507e+15,3.940507e+15,3.940507e+15,3.940507e+15,3.940507e+15,3.940507e+15,3.940507e+15,3.940507e+15,3.940507e+15,3.940507e+15,3.940507e+15,3.940507e+15
Kr-81,3.145110e+13,3.145110e+13,3.145110e+13,3.145110e+13,3.145110e+13,3.145110e+13,3.145110e+13,3.145110e+13,3.145110e+13,3.145110e+13,3.145110e+13,3.145110e+13,3.145110e+13,3.145110e+13,3.145110e+13,3.145110e+13,3.145110e+13,3.145110e+13,3.145110e+13,3.145110e+13,3.145110e+13,3.145110e+13,3.145109e+13,3.145109e+13,3.145109e+13,3.145109e+13,3.145109e+13,3.145109e+13,3.145109e+13,3.145109e+13,3.145109e+13,3.145108e+13,3.145108e+13,3.145107e+13,3.145107e+13,3.145106e+13,3.145105e+13,3.145104e+13,3.145102e+13,3.145100e+13,3.145098e+13,3.145095e+13,3.145091e+13,3.145086e+13,3.145080e+13,3.145073e+13,3.145063e+13,3.145051e+13,3.145035e+13,3.145016e+13,3.144992e+13,3.144961e+13,3.144922e+13,3.144873e+13,3.144811e+13,3.144733e+13,3.144635e+13,3.144511e+13,3.144355e+13,3.144158e+13
Kr-81m,7.534431e-35,7.008702e-35,4.846067e-35,8.243212e-35,6.373844e-35,-8.374848e-35,3.773119e-35,-1.508084e-35,2.767614e-35,-6.566895e-35,9.237163e-35,-4.472746e-35,-6.528709e-35,6.996569e-35,6.761094e-35,-4.248372e-35,-9.219637e-35,-4.271954e-35,3.881507e-35,8.758741e-35,8.505175e-35,4.631576e-35,-4.499964e-36,-4.904446e-35,-7.845228e-35,-9.132262e-35,-9.035613e-35,-7.967361e-35,-6.325282e-35,-4.425678e-35,-2.489750e-35,-6.553821e-36,1.002820e-35,2.453842e-35,3.694246e-35,4.736470e-35,5.600889e-35,6.310786e-35,6.889369e-35,7.358160e-35,7.736255e-35,8.040110e-35,8.283616e-35,8.478330e-35,8.633756e-35,8.757652e-35,8.856307e-35,8.934796e-35,8.997199e-35,9.046786e-35,9.086172e-35,9.117446e-35,9.142271e-35,9.161973e-35,9.177608e-35,9.190012e-35,9.199852e-35,9.207658e-35,9.213850e-35,9.218761e-35
Kr-82,4.159434e+16,4.949897e+16,5.939928e+16,7.179097e+16,8.727367e+16,1.065722e+17,1.305541e+17,1.602423e+17,1.968177e+17,2.416050e+17,2.960291e+17,3.615278e+17,4.394004e+17,5.305744e+17,6.352770e+17,7.526207e+17,8.801559e+17,1.013511e+18,1.146328e+18,1.270751e+18,1.378670e+18,1.463638e+18,1.522881e+18,1.558346e+18,1.575885e+18,1.582716e+18,1.584691e+18,1.585084e+18,1.585133e+18,1.585137e+18,1.585137e+18,1.585137e+18,1.585137e+18,1.585137e+18,1.585137e+18,1.585137e+18,1.585137e+18,1.585137e+18,1.585137e+18,1.585137e+18,1.585137e+18,1.585137e+18,1.585137e+18,1.585137e+18,1.585137e+18,1.585137e+18,1.585137e+18,1.585137e+18,1.585137e+18,1.585137e+18,1.585137e+18,1.585137e+18,1.585137e+18,1.585137e+18,1.585137e+18,1.585137e+18,1.585137e+18,1.585137e+18,1.585137e+18,1.585137e+18
Kr-83,3.310548e+20,5.635321e+20,9.364901e+20,1.511615e+21,2.357895e+21,3.536726e+21,5.077094e+21,6.944577e+21,9.016120e+21,1.108112e+22,1.288868e+22,1.423798e+22,1.506613e+22,1.546568e+22,1.560911e+22,1.564494e+22,1.565068e+22,1.565121e+22,1.565124e+22,1.565124e+22,1.565124e+22,1.565124e+22,1.565124e+22,1.565124e+22,1.565124e+22,1.565124e+22,1.565124e+22,1.565124e+22,1.565124e+22,1.565124e+22,1.565124e+22,1.565124e+22,1.565124e+22,1.565124e+22,1.565124e+22,1.565124e+22,1.565124e+22,1.565124e+22,1.565124e+22,1.565124e+22,1.565124e+22,1.565124e+22,1.565124e+22,1.565124e+22,1.565124e+22,1.565124e+22,1.565124e+22,1.565124e+22,1.565124e+22,1.565124e+22,1.565124e+22,1.565124e+22,1.565124e+22,1.565124e+22,1.565124e+22,1.565124e+22,1.565124e+22,1.565124e+22,1.565124e+22,1.565124e+22
Kr-83m,2.041567e+21,2.647140e+21,3.311130e+21,3.967172e+21,4.518232e+21,4.850013e+21,4.858053e+21,4.484534e+21,3.754225e+21,2.791141e+21,1.793914e+21,9.632343e+20,4.139471e+20,1.349756e+20,3.125649e+19,4.736417e+18,4.242560e+17,1.977757e+16,4.084328e+14,3.047201e+12,1.053301e+10,4.202673e+09,4.152458e+09,4.093173e+09,4.019618e+09,3.928745e+09,3.817074e+09,3.680767e+09,3.515797e+09,3.318265e+09,3.084914e+09,2.813902e+09,2.505824e+09,2.164947e+09,1.800395e+09,1.426872e+09,1.064248e+09,7.352929e+08,4.612763e+08,2.562144e+08,1.220646e+08,4.792045e+07,1.473858e+07,3.332162e+06,5.110245e+05,4.804017e+04,2.436307e+03,5.673601e+01,4.951725e-01,1.253622e-03,6.664823e-07,4.951075e-11,3.074637e-16,8.356615e-23,-9.795712e-26,-1.940364e-25,-2.417595e-25,-2.551114e-25,-2.465564e-25,-2.256744e-25
Kr-84,1.807992e+22,2.026559e+22,2.214349e+22,2.360476e+22,2.460874e+22,2.519878e+22,2.548394e+22,2.559185e+22,2.562193e+22,2.562766e+22,2.562834e+22,2.562838e+22,2.562839e+22,2.562839e+22,2.562839e+22,2.562839e+22,2.562839e+22,2.562839e+22,2.562839e+22,2.562839e+22,2.562839e+22,2.562839e+22,2.562839e+22,2.562839e+22,2.562839e+22,2.562839e+22,2.562839e+22,2.562839e+22,2.562839e+22,2.562839e+22,2.562839e+22,2.562839e+22,2.562839e+22,2.562839e+22,2.562839e+22,2.562839e+22,2.562839e+22,2.562839e+22,2.562839e+22,2.562839e+22,2.562839e+22,2.562839e+22,2.562839e+22,2.562839e+22,2.562839e+22,2.562839e+22,2.562839e+22,2.562839e+22,2.562839e+22,2.562839e+22,2.562839e+22,2.562839e+22,2.562839e+22,2.562839e+22,2.562839e+22,2.562839e+22,2.562839e+22,2.562839e+22,2.562839e+22,2.562839e+22
Kr-85,1.584409e+21,1.790762e+21,2.039375e+21,2.335360e+21,2.682501e+21,3.082018e+21,3.530996e+21,4.020653e+21,4.534879e+21,5.049827e+21,5.535542e+21,5.960458e+21,6.298613e+21,6.537537e+21,6.682901e+21,6.756151e+21,6.785166e+21,6.793430e+21,6.794586e+21,6.793979e+21,6.792928e+21,6.791581e+21,6.789882e+21,6.787740e+21,6.785040e+21,6.781637e+21,6.777347e+21,6.771942e+21,6.765132e+21,6.756554e+21,6.745753e+21,6.732157e+21,6.715050e+21,6.693541e+21,6.666515e+21,6.632590e+21,6.590055e+21,6.536807e+21,6.470271e+21,6.387333e+21,6.284259e+21,6.156648e+21,5.999415e+21,5.806850e+21,5.572807e+21,5.291071e+21,4.956010e+21,4.563568e+21,4.112678e+21,3.607046e+21,3.057080e+21,2.481467e+21,1.907485e+21,1.368963e+21,9.009820e+20,5.316399e+20,2.733489e+20,1.181423e+20,4.102016e+19,1.080612e+19
Kr-85m,2.436161e+22,2.339734e+22,2.223558e+22,2.085244e+22,1.923024e+22,1.736328e+22,1.526515e+22,1.297690e+22,1.057378e+22,8.167202e+21,5.897122e+21,3.911007e+21,2.330140e+21,1.212741e+21,5.322579e+20,1.884169e+20,5.086191e+19,9.754622e+18,1.215688e+18,8.797539e+16,3.207788e+15,4.927746e+13,2.545060e+11,3.324947e+08,7.675086e+04,1.991101e+00,3.281120e-06,1.672613e-13,1.064235e-22,-9.006570e-25,-1.478513e-25,-1.032800e-24,-1.128826e-24,-7.017512e-25,-2.304868e-26,1.112058e-24,8.414658e-25,3.493868e-25,1.182413e-24,2.389395e-25,4.433211e-25,7.974254e-25,-4.219107e-25,-1.263274e-25,5.355061e-25,5.410713e-26,-7.608792e-25,-9.337061e-25,-5.136310e-25,-3.180549e-26,1.544811e-25,8.305894e-27,-3.300026e-25,-6.998086e-25,-9.954327e-25,-1.175017e-24,-1.241025e-24,-1.217544e-24,-1.134148e-24,-1.017293e-24
Kr-86,4.721276e+22,4.721276e+22,4.721276e+22,4.721276e+22,4.721276e+22,4.721276e+22,4.721276e+22,4.721276e+22,4.721276e+22,4.721276e+22,4.721276e+22,4.721276e+22,4.721276e+22,4.721276e+22,4.721276e+22,4.721276e+22,4.721276e+22,4.721276e+22,4.721276e+22,4.721276e+22,4.721276e+22,4.721276e+22,4.721276e+22,4.721276e+22,4.721276e+22,4.721276e+22,4.721276e+22,4.721276e+22,4.721276e+22,4.721276e+22,4.721276e+22,4.721276e+22,4.721276e+22,4.721276e+22,4.721276e+22,4.721276e+22,4.721276e+22,4.721276e+22,4.721276e+22,4.721276e+22,4.721276e+22,4.721276e+22,4.721276e+22,4.721276e+22,4.721276e+22,4.721276e+22,4.721276e+22,4.721276e+22,4.721276e+22,4.721276e+22,4.721276e+22,4.721276e+22,4.721276e+22,4.721276e+22,4.721276e+22,4.721276e+22,4.721276e+22,4.721276e+22,4.721276e+22,4.721276e+22
Kr-87,4.433519e+22,3.845540e+22,3.213932e+22,2.563164e+22,1.926936e+22,1.344665e+22,8.542287e+21,4.820597e+21,2.342980e+21,9.432939e+20,2.994932e+20,7.048002e+19,1.136932e+19,1.139149e+18,6.260617e+16,1.613487e+15,1.600206e+13,4.759804e+10,3.100895e+07,2.976573e+03,2.553801e-02,1.042655e-08,9.148743e-17,-7.283170e-25,9.730876e-25,-2.757792e-24,-5.204630e-25,6.677054e-25,1.033607e-24,-5.387327e-26,-2.445707e-25,3.094742e-24,2.161502e-27,2.764788e-24,-6.599233e-25,2.209134e-24,4.475845e-25,-1.458897e-24,6.784955e-25,1.263422e-24,-8.121351e-25,-2.381132e-24,-1.981723e-24,-5.813471e-25,4.575470e-25,5.644197e-25,-9.356881e-26,-1.074966e-24,-1.998827e-24,-2.657937e-24,-2.998534e-24,-3.058625e-24,-2.913133e-24,-2.639618e-24,-2.302209e-24,-1.947149e-24,-1.604214e-24,-1.290290e-24,-1.013177e-24,-7.747881e-25
Kr-88,7.958573e+22,7.467357e+22,6.890907e+22,6.226993e+22,5.480190e+22,4.664769e+22,3.807164e+22,2.946746e+22,2.133251e+22,1.419444e+22,8.492048e+21,4.442927e+21,1.962849e+21,7.006414e+20,1.911270e+20,3.714344e+19,4.706899e+18,3.478605e+17,1.302460e+16,2.068843e+14,1.114520e+12,1.535553e+09,3.790366e+05,1.070063e+01,1.961739e-05,1.143941e-12,8.617279e-22,-4.740415e-25,2.932646e-24,4.961049e-25,-1.581479e-24,-1.864504e-24,-8.576212e-25,1.834170e-24,-3.221367e-25,-1.779364e-24,9.023839e-25,-1.797923e-24,-1.022434e-24,9.989434e-25,-2.932294e-24,-1.651750e-24,1.188736e-24,-7.844866e-26,-2.747532e-24,-3.228278e-24,-1.578902e-24,3.198762e-25,1.157256e-24,7.727251e-25,-3.392902e-25,-1.597528e-24,-2.613087e-24,-3.226886e-24,-3.441573e-24,-3.339936e-24,-3.026211e-24,-2.594450e-24,-2.116494e-24,-1.640983e-24
Kr-89,2.430611e+17,7.744508e+15,1.003651e+14,4.183124e+11,4.170092e+08,6.844576e+04,1.155051e+00,1.106688e-06,2.847215e-14,1.000241e-23,-7.957671e-25,1.160532e-24,-2.594084e-24,3.865829e+00,-1.431408e+05,3.198915e+04,-6.550473e+04,3.209017e+04,2.727276e+04,8.824225e+03,-1.095039e+04,5.983910e+03,-8.959745e+03,-1.513698e+04,1.180092e+04,1.594288e+03,-1.527243e+03,-1.315868e+04,7.773143e+01,4.018693e+03,4.136243e+02,2.094680e+03,-8.252734e+02,-7.103434e+02,-1.031855e+02,1.688833e+01,-3.401560e+00,3.010816e+01,-4.710663e+01,6.154101e-01,1.067386e+00,-2.498707e-01,-4.639211e-02,-2.183111e-03,-1.117872e-04,-1.022131e-07,-1.886701e-08,-5.456992e-11,5.163281e-14,-4.556252e-17,-2.488941e-20,6.124340e-23,1.820273e-24,1.909886e-24,1.979758e-24,2.035581e-24,2.080110e-24,2.115586e-24,2.143823e-24,2.166281e-24
Kr-90,4.144695e-11,7.328353e-20,2.666129e-24,-1.457254e-24,3.168906e-24,8.264950e-26,-4.284825e-25,1.841926e-24,3.294019e-24,-1.987379e-24,-5.952148e-26,2.525376e-25,-2.246076e-25,-1.700803e-24,3.154035e-24,-1.887851e-24,-1.527616e-24,3.005607e-24,2.268144e-24,-1.570028e-24,-2.939568e-24,-1.048839e-24,1.653832e-24,3.088548e-24,2.781562e-24,1.322950e-24,-4.629722e-25,-1.979553e-24,-2.955059e-24,-3.362470e-24,-3.304237e-24,-2.924070e-24,-2.356989e-24,-1.708752e-24,-1.052496e-24,-4.333154e-25,1.247545e-25,6.120607e-25,1.027979e-24,1.377030e-24,1.666270e-24,1.903639e-24,2.096996e-24,2.253595e-24,2.379856e-24,2.481298e-24,2.562577e-24,2.627558e-24,2.679422e-24,2.720760e-24,2.753674e-24,2.779858e-24,2.800675e-24,2.817216e-24,2.830354e-24,2.840786e-24,2.849066e-24,2.855638e-24,2.860852e-24,2.864990e-24
Kr-91,1.607623e-12,-1.811682e-16,-8.229437e-19,7.428961e-23,1.914748e-24,-1.595165e-24,1.427848e-24,-2.190900e-24,2.046322e-24,-3.032764e-25,-1.843943e-24,1.398551e-24,2.098605e-24,-4.452406e-25,-2.093421e-24,-1.259067e-24,6.776606e-25,2.018803e-24,2.127574e-24,1.275095e-24,3.989618e-26,-1.099813e-24,-1.892941e-24,-2.281187e-24,-2.318518e-24,-2.102212e-24,-1.730727e-24,-1.284452e-24,-8.207784e-25,-3.762583e-25,2.870252e-26,3.849969e-25,6.907764e-25,9.484529e-25,1.162641e-24,1.338838e-24,1.482629e-24,1.599251e-24,1.693384e-24,1.769080e-24,1.829772e-24,1.878321e-24,1.917085e-24,1.947993e-24,1.972609e-24,1.992196e-24,2.007770e-24,2.020147e-24,2.029979e-24,2.037786e-24,2.043983e-24,2.048902e-24,2.052805e-24,2.055902e-24,2.058359e-24,2.060308e-24,2.061854e-24,2.063080e-24,2.064053e-24,2.064824e-24
Kr-92,-8.915643e-25,3.753249e-25,6.059402e-25,-1.103063e-24,-1.686126e-26,1.093939e-24,2.185919e-25,-9.397816e-25,-9.259310e-25,-3.042743e-26,8.287424e-25,1.122178e-24,8.530110e-25,2.845753e-25,-3.131947e-25,-7.731155e-25,-1.035135e-24,-1.109931e-24,-1.040847e-24,-8.780058e-25,-6.650568e-25,-4.345875e-25,-2.082333e-25,1.275671e-27,1.876566e-25,3.488975e-25,4.855813e-25,5.997062e-25,6.939095e-25,7.709896e-25,8.336333e-25,8.842775e-25,9.250533e-25,9.577783e-25,9.839759e-25,1.004907e-24,1.021603e-24,1.034905e-24,1.045493e-24,1.053914e-24,1.060608e-24,1.065926e-24,1.070149e-24,1.073501e-24,1.076163e-24,1.078274e-24,1.079950e-24,1.081280e-24,1.082334e-24,1.083171e-24,1.083834e-24,1.084361e-24,1.084778e-24,1.085109e-24,1.085372e-24,1.085580e-24,1.085745e-24,1.085876e-24,1.085980e-24,1.086062e-24
Kr-93,3.194971e-25,-1.592321e-25,-2.224342e-25,2.465430e-25,2.338087e-25,-1.483395e-25,-3.180748e-25,-1.448589e-25,1.373380e-25,3.047821e-25,2.943936e-25,1.591230e-25,-1.739560e-26,-1.717670e-25,-2.734898e-25,-3.178639e-25,-3.143273e-25,-2.771863e-25,-2.202229e-25,-1.543840e-25,-8.731869e-26,-2.379157e-26,3.362229e-26,8.385492e-26,1.267913e-25,1.628645e-25,1.927817e-25,2.173496e-25,2.373723e-25,2.535950e-25,2.666788e-25,2.771933e-25,2.856194e-25,2.923571e-25,2.977352e-25,3.020223e-25,3.054360e-25,3.081519e-25,3.103111e-25,3.120269e-25,3.133898e-25,3.144719e-25,3.153309e-25,3.160126e-25,3.165536e-25,3.169828e-25,3.173233e-25,3.175934e-25,3.178076e-25,3.179775e-25,3.181123e-25,3.182192e-25,3.183040e-25,3.183712e-25,3.184245e-25,3.184668e-25,3.185003e-25,3.185269e-25,3.185480e-25,3.185647e-25
Kr-94,1.363725e-26,5.011643e-26,5.517251e-26,3.493251e-26,4.096471e-27,-2.486127e-26,-4.523115e-26,-5.531696e-26,-5.639193e-26,-5.090786e-26,-4.138545e-26,-2.989884e-26,-1.793649e-26,-6.450643e-27,4.024412e-27,1.324797e-26,2.116855e-26,2.784617e-26,3.339876e-26,3.796770e-26,4.169712e-26,4.472238e-26,4.716458e-26,4.912865e-26,5.070353e-26,5.196339e-26,5.296940e-26,5.377155e-26,5.441042e-26,5.491878e-26,5.532301e-26,5.564426e-26,5.589945e-26,5.610208e-26,5.626295e-26,5.639062e-26,5.649193e-26,5.657232e-26,5.663609e-26,5.668668e-26,5.672681e-26,5.675863e-26,5.678388e-26,5.680390e-26,5.681978e-26,5.683237e-26,5.684236e-26,5.685028e-26,5.685656e-26,5.686154e-26,5.686549e-26,5.686862e-26,5.687110e-26,5.687307e-26,5.687464e-26,5.687587e-26,5.687686e-26,5.687764e-26,5.687825e-26,5.687874e-26
Kr-95,3.592003e-27,1.191882e-27,-1.340146e-27,-3.289315e-27,-4.397480e-27,-4.708776e-27,-4.407314e-27,-3.706593e-27,-2.792711e-27,-1.804675e-27,-8.347873e-28,6.265710e-29,8.608868e-28,1.551366e-27,2.136638e-27,2.625287e-27,3.028621e-27,3.358632e-27,3.626830e-27,3.843650e-27,4.018219e-27,4.158319e-27,4.270474e-27,4.360081e-27,4.431559e-27,4.488508e-27,4.533836e-27,4.569886e-27,4.598541e-27,4.621306e-27,4.639385e-27,4.653738e-27,4.665131e-27,4.674172e-27,4.681345e-27,4.687037e-27,4.691552e-27,4.695133e-27,4.697973e-27,4.700227e-27,4.702013e-27,4.703431e-27,4.704555e-27,4.705446e-27,4.706153e-27,4.706713e-27,4.707158e-27,4.707510e-27,4.707790e-27,4.708012e-27,4.708188e-27,4.708327e-27,4.708438e-27,4.708525e-27,4.708595e-27,4.708650e-27,4.708694e-27,4.708728e-27,4.708756e-27,4.708778e-27
Kr-96,-9.690166e-28,-1.297315e-26,-2.093982e-26,-2.446583e-26,-2.426313e-26,-2.143462e-26,-1.704992e-26,-1.196178e-26,-6.767798e-27,-1.841284e-27,2.615160e-27,6.516695e-27,9.853098e-27,1.265718e-26,1.498335e-26,1.689399e-26,1.845139e-26,1.971337e-26,2.073128e-26,2.154936e-26,2.220499e-26,2.272926e-26,2.314777e-26,2.348138e-26,2.374703e-26,2.395839e-26,2.412642e-26,2.425995e-26,2.436601e-26,2.445023e-26,2.451708e-26,2.457014e-26,2.461224e-26,2.464564e-26,2.467214e-26,2.469316e-26,2.470983e-26,2.472306e-26,2.473355e-26,2.474187e-26,2.474846e-26,2.475370e-26,2.475785e-26,2.476114e-26,2.476375e-26,2.476582e-26,2.476746e-26,2.476876e-26,2.476979e-26,2.477061e-26,2.477126e-26,2.477177e-26,2.477218e-26,2.477250e-26,2.477276e-26,2.477297e-26,2.477313e-26,2.477325e-26,2.477336e-26,2.477344e-26
Kr-97,-1.042852e-29,-1.657911e-29,-1.924947e-29,-1.901510e-29,-1.674518e-29,-1.327601e-29,-9.271366e-30,-5.194791e-30,-1.334807e-30,2.152820e-30,5.203666e-30,7.811037e-30,1.000142e-29,1.181787e-29,1.330946e-29,1.452504e-29,1.550989e-29,1.630416e-29,1.694245e-29,1.745395e-29,1.786295e-29,1.818942e-29,1.844966e-29,1.865687e-29,1.882173e-29,1.895280e-29,1.905695e-29,1.913968e-29,1.920537e-29,1.925751e-29,1.929889e-29,1.933173e-29,1.935778e-29,1.937845e-29,1.939484e-29,1.940785e-29,1.941816e-29,1.942634e-29,1.943283e-29,1.943798e-29,1.944206e-29,1.944530e-29,1.944786e-29,1.944990e-29,1.945151e-29,1.945279e-29,1.945381e-29,1.945461e-29,1.945525e-29,1.945576e-29,1.945616e-29,1.945648e-29,1.945673e-29,1.945693e-29,1.945709e-29,1.945721e-29,1.945731e-29,1.945739e-29,1.945746e-29,1.945750e-29
Kr-98,-9.847709e-28,-1.069751e-27,-1.011377e-27,-8.582318e-28,-6.533995e-28,-4.294254e-28,-2.081330e-28,-2.510390e-30,1.809086e-28,3.398973e-28,4.748674e-28,5.876846e-28,6.808861e-28,7.571955e-28,8.192439e-28,8.694264e-28,9.098426e-28,9.422868e-28,9.682645e-28,9.890226e-28,1.005583e-27,1.018779e-27,1.029282e-27,1.037637e-27,1.044277e-27,1.049554e-27,1.053744e-27,1.057070e-27,1.059711e-27,1.061806e-27,1.063469e-27,1.064788e-27,1.065835e-27,1.066665e-27,1.067323e-27,1.067846e-27,1.068260e-27,1.068588e-27,1.068849e-27,1.069055e-27,1.069219e-27,1.069349e-27,1.069452e-27,1.069534e-27,1.069599e-27,1.069650e-27,1.069691e-27,1.069723e-27,1.069749e-27,1.069769e-27,1.069785e-27,1.069798e-27,1.069808e-27,1.069816e-27,1.069823e-27,1.069828e-27,1.069832e-27,1.069835e-27,1.069837e-27,1.069839e-27
Kr-99,-7.319773e-34,-6.022349e-34,-4.417888e-34,-2.726234e-34,-1.089901e-34,4.097437e-35,1.734742e-34,2.875389e-34,3.838807e-34,4.641024e-34,5.301828e-34,5.841654e-34,6.279832e-34,6.633736e-34,6.918463e-34,7.146838e-34,7.329576e-34,7.475522e-34,7.591910e-34,7.684618e-34,7.758395e-34,7.817064e-34,7.863691e-34,7.900731e-34,7.930145e-34,7.953496e-34,7.972030e-34,7.986737e-34,7.998407e-34,8.007665e-34,8.015009e-34,8.020834e-34,8.025455e-34,8.029119e-34,8.032026e-34,8.034331e-34,8.036159e-34,8.037609e-34,8.038759e-34,8.039671e-34,8.040394e-34,8.040967e-34,8.041422e-34,8.041783e-34,8.042069e-34,8.042295e-34,8.042475e-34,8.042618e-34,8.042731e-34,8.042821e-34,8.042892e-34,8.042948e-34,8.042993e-34,8.043028e-34,8.043056e-34,8.043079e-34,8.043096e-34,8.043110e-34,8.043122e-34,8.043130e-34
Kr-100,1.414818e-31,2.514145e-31,3.445470e-31,4.222728e-31,4.864084e-31,5.388722e-31,5.815013e-31,6.159593e-31,6.436993e-31,6.659602e-31,6.837796e-31,6.980156e-31,7.093711e-31,7.184180e-31,7.256186e-31,7.313453e-31,7.358971e-31,7.395133e-31,7.423851e-31,7.446651e-31,7.464747e-31,7.479108e-31,7.490503e-31,7.499543e-31,7.506715e-31,7.512403e-31,7.516915e-31,7.520494e-31,7.523332e-31,7.525583e-31,7.527369e-31,7.528785e-31,7.529907e-31,7.530798e-31,7.531504e-31,7.532064e-31,7.532508e-31,7.532860e-31,7.533139e-31,7.533361e-31,7.533536e-31,7.533676e-31,7.533786e-31,7.533874e-31,7.533943e-31,7.533998e-31,7.534042e-31,7.534077e-31,7.534104e-31,7.534126e-31,7.534143e-31,7.534157e-31,7.534168e-31,7.534176e-31,7.534183e-31,7.534189e-31,7.534193e-31,7.534196e-31,7.534199e-31,7.534201e-31
Rb-83,6.670999e+12,6.670416e+12,6.669680e+12,6.668753e+12,6.667583e+12,6.666109e+12,6.664250e+12,6.661907e+12,6.658953e+12,6.655230e+12,6.650538e+12,6.644626e+12,6.637179e+12,6.627800e+12,6.615991e+12,6.601129e+12,6.582436e+12,6.558939e+12,6.529428e+12,6.492403e+12,6.446012e+12,6.387984e+12,6.315554e+12,6.225386e+12,6.113515e+12,5.975304e+12,5.805461e+12,5.598150e+12,5.347244e+12,5.046814e+12,4.691906e+12,4.279717e+12,3.811157e+12,3.292711e+12,2.738256e+12,2.170158e+12,1.618635e+12,1.118321e+12,7.015641e+11,3.896814e+11,1.856505e+11,7.288314e+10,2.241620e+10,5.067950e+09,7.772271e+08,7.306524e+07,3.705427e+06,8.629091e+04,7.531175e+02,1.906658e+00,1.013666e-03,7.530186e-08,4.676275e-13,1.270092e-19,6.665460e-28,-8.828521e-35,-4.508993e-35,-2.170438e-35,1.463498e-34,1.478477e-34
Rb-84,6.261526e+13,6.260088e+13,6.258275e+13,6.255989e+13,6.253108e+13,6.249477e+13,6.244901e+13,6.239136e+13,6.231873e+13,6.222726e+13,6.211211e+13,6.196720e+13,6.178495e+13,6.155589e+13,6.126825e+13,6.090744e+13,6.045548e+13,5.989032e+13,5.918516e+13,5.830776e+13,5.721985e+13,5.587686e+13,5.422814e+13,5.221824e+13,4.978954e+13,4.688727e+13,4.346735e+13,3.950806e+13,3.502526e+13,3.009013e+13,2.484562e+13,1.951483e+13,1.439135e+13,9.801971e+12,6.039329e+12,3.279162e+12,1.518117e+12,5.748359e+11,1.689236e+11,3.605843e+10,5.143454e+09,4.413023e+08,1.994454e+07,4.016515e+05,2.918598e+03,5.864631e+00,2.329841e-03,1.198590e-07,4.683249e-13,-9.682750e-04,-2.352636e-04,-1.401229e+03,6.580225e+02,8.116452e+02,2.082852e+03,-1.202209e+04,-3.867397e-02,-2.116741e-02,3.057561e-01,-5.888640e-02
Rb-85,3.000133e+21,3.758061e+21,4.671212e+21,5.758367e+21,7.033424e+21,8.500875e+21,1.015002e+22,1.194862e+22,1.383751e+22,1.572914e+22,1.751350e+22,1.907470e+22,2.031742e+22,2.119589e+22,2.173101e+22,2.200160e+22,2.211014e+22,2.214298e+22,2.215037e+22,2.215210e+22,2.215324e+22,2.215459e+22,2.215629e+22,2.215843e+22,2.216113e+22,2.216453e+22,2.216882e+22,2.217423e+22,2.218104e+22,2.218961e+22,2.220041e+22,2.221401e+22,2.223112e+22,2.225263e+22,2.227965e+22,2.231358e+22,2.235611e+22,2.240936e+22,2.247590e+22,2.255883e+22,2.266191e+22,2.278952e+22,2.294675e+22,2.313932e+22,2.337336e+22,2.365510e+22,2.399016e+22,2.438260e+22,2.483349e+22,2.533912e+22,2.588909e+22,2.646470e+22,2.703868e+22,2.757720e+22,2.804519e+22,2.841453e+22,2.867282e+22,2.882803e+22,2.890515e+22,2.893536e+22
Rb-86,1.868541e+17,1.867785e+17,1.866832e+17,1.865631e+17,1.864118e+17,1.862211e+17,1.859810e+17,1.856786e+17,1.852980e+17,1.848192e+17,1.842172e+17,1.834607e+17,1.825113e+17,1.813210e+17,1.798311e+17,1.779698e+17,1.756500e+17,1.727677e+17,1.692004e+17,1.648067e+17,1.594284e+17,1.528958e+17,1.450381e+17,1.357025e+17,1.247818e+17,1.122544e+17,9.823405e+16,8.302257e+16,6.715183e+16,5.138883e+16,3.667336e+16,2.396553e+16,1.401505e+16,7.124986e+15,3.035848e+15,1.035293e+15,2.666178e+14,4.818621e+13,5.572111e+12,3.669077e+11,1.187672e+10,1.570139e+08,6.710685e+05,6.905112e+02,1.179566e-01,2.093419e-06,2.137329e-12,5.957432e-20,1.973113e-29,-3.845607e-30,-3.274400e-31,-6.209720e-30,-4.973006e-30,-5.318695e-30,-6.165379e-30,-1.060558e-30,7.930885e-31,-6.071648e-30,1.981951e-30,-5.622670e-30
Rb-86m,1.626506e-01,3.761770e-06,5.363261e-12,-1.884873e-02,-6.795879e-02,7.253441e-02,-1.050097e-01,-1.055803e-01,9.786594e-02,-1.147723e-01,4.289263e-02,7.966245e-03,-1.745978e-03,8.071620e-02,1.401449e-02,-5.865156e-02,-2.013661e-03,1.491694e-03,-6.316402e-03,-3.011156e-05,-1.144890e-03,-1.699691e-03,1.021951e-03,-1.038108e-02,-9.842537e-04,-3.542001e-03,4.957550e-04,1.635099e-03,-1.393910e-04,-1.869926e-05,2.317692e-05,1.820231e-04,-1.255072e-04,-6.991252e-06,-2.352647e-05,4.572839e-07,-1.818885e-08,-9.250102e-09,2.199344e-09,8.160215e-11,4.386565e-11,-5.026085e-14,-3.067151e-15,-7.077161e-18,-3.002417e-21,1.187681e-24,-2.384890e-27,7.278170e-31,1.861094e-30,1.912132e-30,1.953148e-30,1.985870e-30,2.011944e-30,2.032698e-30,2.049206e-30,2.062327e-30,2.072752e-30,2.081032e-30,2.087605e-30,2.092822e-30
Rb-87,3.143803e+22,3.731782e+22,4.363390e+22,5.014158e+22,5.650386e+22,6.232657e+22,6.723093e+22,7.095262e+22,7.343024e+22,7.482993e+22,7.547373e+22,7.570274e+22,7.576185e+22,7.577208e+22,7.577316e+22,7.577322e+22,7.577322e+22,7.577322e+22,7.577322e+22,7.577322e+22,7.577322e+22,7.577322e+22,7.577322e+22,7.577322e+22,7.577322e+22,7.577322e+22,7.577322e+22,7.577322e+22,7.577322e+22,7.577322e+22,7.577322e+22,7.577322e+22,7.577322e+22,7.577322e+22,7.577322e+22,7.577322e+22,7.577322e+22,7.577322e+22,7.577322e+22,7.577322e+22,7.577322e+22,7.577322e+22,7.577322e+22,7.577322e+22,7.577322e+22,7.577322e+22,7.577322e+22,7.577322e+22,7.577322e+22,7.577322e+22,7.577322e+22,7.577322e+22,7.577322e+22,7.577322e+22,7.577322e+22,7.577322e+22,7.577322e+22,7.577322e+22,7.577322e+22,7.577322e+22
Rb-88,8.182741e+21,8.106585e+21,7.751651e+21,7.147953e+21,6.351209e+21,5.425526e+21,4.432416e+21,3.431326e+21,2.484109e+21,1.652904e+21,9.888760e+20,5.173668e+20,2.285685e+20,8.158779e+19,2.225622e+19,4.325252e+18,5.481056e+17,4.050742e+16,1.516679e+15,2.409111e+13,1.297828e+11,1.788110e+08,4.413779e+04,1.246060e+00,2.284391e-06,1.332088e-13,1.007531e-22,-2.352686e-25,3.994834e-25,-2.799006e-25,-1.038556e-25,-7.582295e-26,-3.025312e-25,5.626882e-26,1.296373e-25,1.050449e-25,2.895932e-25,-2.364760e-25,-2.661933e-25,-1.170590e-26,-3.542742e-25,-5.989726e-26,3.966763e-25,3.320269e-25,5.803117e-26,5.474016e-28,1.642863e-25,3.412291e-25,3.874331e-25,2.902750e-25,1.111074e-25,-8.033807e-26,-2.379217e-25,-3.430193e-25,-3.962723e-25,-4.078718e-25,-3.905860e-25,-3.559955e-25,-3.130492e-25,-2.679287e-25
Rb-89,1.101836e+22,5.381815e+21,2.180206e+21,6.976362e+20,1.658001e+20,2.707986e+19,2.756090e+18,1.544921e+17,4.081969e+15,4.177514e+13,1.292793e+11,8.853476e+07,9.050888e+03,3.691927e+01,-9.048011e+04,3.320176e+04,4.281446e+04,1.567068e+04,-1.927367e+04,5.911416e+04,3.691716e+04,-4.940025e+04,2.716531e+04,-1.378934e+04,5.322923e+02,-2.981862e+04,-1.356727e+04,-2.741462e+04,-1.671141e+04,1.769807e+03,2.741519e+04,9.210242e+03,1.043649e+03,-5.714169e+02,1.311191e+02,5.548866e+01,-4.942339e+02,1.484482e+02,-2.204246e+02,-1.044547e-01,4.481496e+00,-1.329065e+00,-2.229466e-01,5.115852e-04,-1.076958e-03,1.299447e-05,-9.462532e-08,-3.247895e-10,2.759334e-13,-3.926383e-16,2.791764e-19,3.059526e-22,-1.785275e-24,-1.432478e-24,-1.138799e-24,-8.948461e-25,-6.942914e-25,-5.307148e-25,-3.981096e-25,-2.911187e-25
Rb-90,1.284708e+17,8.915515e+15,3.569001e+14,6.409669e+12,4.054997e+10,6.845383e+07,2.183152e+04,8.513878e-01,2.345851e-06,2.286606e-13,3.321561e-22,-3.114744e-25,-2.912071e-24,-1.240172e-24,-4.380117e-24,5.470397e-24,1.718775e-24,-4.677842e-24,-4.096221e-26,5.056496e-25,2.922146e-24,4.233093e-24,-4.738948e-24,-4.475634e-24,2.271975e-25,8.836968e-27,-2.099558e-24,-1.280195e-24,2.217995e-24,5.567640e-24,6.846893e-24,5.905924e-24,3.613254e-24,9.715849e-25,-1.329434e-24,-2.980897e-24,-3.949798e-24,-4.347633e-24,-4.332868e-24,-4.056169e-24,-3.637638e-24,-3.162664e-24,-2.686416e-24,-2.241029e-24,-1.842587e-24,-1.496792e-24,-1.203108e-24,-9.576152e-25,-7.548306e-25,-5.888307e-25,-4.538811e-25,-3.447600e-25,-2.568906e-25,-1.863639e-25,-1.299010e-25,-8.478786e-26,-4.879976e-26,-2.012664e-26,2.695978e-27,2.084776e-26
Rb-90m,2.604007e+18,2.085482e+17,8.641084e+15,1.559623e+14,9.870806e+11,1.666354e+09,5.314392e+05,2.072512e+01,5.710446e-05,5.566227e-12,8.022638e-21,5.173380e-25,-1.550779e-25,1.011312e-24,-6.336449e-25,-1.904362e-26,5.490332e-25,5.212902e-25,-7.657994e-25,1.598617e-25,7.472715e-25,6.718779e-26,-6.175658e-25,4.274016e-25,-1.087045e-24,-6.777797e-25,8.776105e-25,8.114666e-25,-1.583370e-25,-4.386602e-25,1.513342e-25,8.979940e-25,1.227714e-24,1.035233e-24,5.120827e-25,-9.392512e-26,-6.079678e-25,-9.524151e-25,-1.121379e-24,-1.146419e-24,-1.070741e-24,-9.347368e-25,-7.700856e-25,-5.988414e-25,-4.347982e-25,-2.855371e-25,-1.543773e-25,-4.193941e-26,5.271979e-26,1.313406e-25,1.959740e-25,2.486921e-25,2.914311e-25,3.259167e-25,3.536404e-25,3.758637e-25,3.936376e-25,4.078275e-25,4.191402e-25,4.281491e-25
Rb-91,4.988421e+04,7.146951e-01,5.570446e-07,1.104656e-14,3.278626e-24,3.192498e-24,-3.192753e-24,-8.836146e-25,-3.326210e-24,-1.198321e-24,-1.686162e-24,-1.979395e-24,1.268643e-24,-3.372729e-24,6.639772e-24,-2.227688e-24,1.384819e-24,-7.972527e-25,-6.563123e-24,-9.196755e-25,3.916613e-24,1.531106e-24,-1.565725e-24,-6.801596e-25,2.750913e-24,5.496820e-24,5.923926e-24,4.271285e-24,1.603572e-24,-1.073262e-24,-3.162354e-24,-4.463716e-24,-5.031161e-24,-5.032252e-24,-4.655630e-24,-4.064474e-24,-3.380935e-24,-2.687053e-24,-2.032352e-24,-1.442768e-24,-9.284967e-25,-4.900266e-25,-1.223952e-25,1.819962e-25,4.316329e-25,6.348701e-25,7.993973e-25,9.320018e-25,1.038510e-24,1.123828e-24,1.192026e-24,1.246449e-24,1.289822e-24,1.324352e-24,1.351821e-24,1.373657e-24,1.391008e-24,1.404788e-24,1.415729e-24,1.424414e-24
Rb-92,5.478964e-26,3.167106e-24,-4.910309e-24,5.720498e-24,-3.851251e-24,6.317489e-25,6.786314e-25,-2.302610e-24,2.554161e-24,3.915258e-24,-1.365973e-24,-5.547127e-24,-4.407231e-24,-9.359230e-26,3.731250e-24,5.215563e-24,4.479078e-24,2.523320e-24,3.372249e-25,-1.463651e-24,-2.640089e-24,-3.200523e-24,-3.270734e-24,-3.005848e-24,-2.544776e-24,-1.993625e-24,-1.424812e-24,-8.828282e-25,-3.916172e-25,3.874486e-26,4.068383e-25,7.161833e-25,9.727625e-25,1.183467e-24,1.355182e-24,1.494301e-24,1.606495e-24,1.696653e-24,1.768900e-24,1.826667e-24,1.872776e-24,1.909530e-24,1.938796e-24,1.962079e-24,1.980589e-24,1.995298e-24,2.006981e-24,2.016257e-24,2.023621e-24,2.029465e-24,2.034102e-24,2.037781e-24,2.040700e-24,2.043015e-24,2.044852e-24,2.046309e-24,2.047464e-24,2.048380e-24,2.049107e-24,2.049683e-24
Rb-93,-2.780517e-24,6.521122e-25,1.993773e-24,-2.616435e-24,2.052556e-24,-1.866255e-24,1.300301e-24,1.426778e-24,-2.559020e-24,-2.999169e-25,2.042736e-24,2.182894e-25,-2.074968e-24,-1.810650e-24,2.813235e-25,2.192892e-24,2.804544e-24,2.157561e-24,8.471639e-25,-5.281263e-25,-1.599708e-24,-2.234955e-24,-2.456305e-24,-2.357791e-24,-2.048528e-24,-1.623790e-24,-1.154968e-24,-6.897417e-25,-2.564672e-25,1.305279e-25,4.662439e-25,7.513858e-25,9.898053e-25,1.186814e-24,1.348141e-24,1.479333e-24,1.585445e-24,1.670910e-24,1.739521e-24,1.794458e-24,1.838358e-24,1.873382e-24,1.901289e-24,1.923504e-24,1.941173e-24,1.955218e-24,1.966377e-24,1.975239e-24,1.982275e-24,1.987859e-24,1.992291e-24,1.995808e-24,1.998598e-24,2.000811e-24,2.002567e-24,2.003960e-24,2.005064e-24,2.005940e-24,2.006635e-24,2.007186e-24
Rb-94,-7.865005e-25,7.679892e-25,-1.100954e-24,9.453175e-25,-1.355141e-25,-9.549751e-25,6.228445e-25,1.024093e-24,-1.960562e-25,-1.020539e-24,-6.312545e-25,3.168391e-25,9.870985e-25,1.055828e-24,6.487246e-25,4.783504e-26,-5.109155e-25,-9.022667e-25,-1.095937e-24,-1.117392e-24,-1.013898e-24,-8.336418e-25,-6.161152e-25,-3.895892e-25,-1.721186e-25,2.618220e-26,2.007657e-25,3.506681e-25,4.770334e-25,5.821000e-25,6.685482e-25,7.391080e-25,7.963428e-25,8.425451e-25,8.797010e-25,9.094934e-25,9.333263e-25,9.523567e-25,9.675306e-25,9.796157e-25,9.892320e-25,9.968785e-25,1.002955e-24,1.007782e-24,1.011615e-24,1.014658e-24,1.017073e-24,1.018990e-24,1.020510e-24,1.021717e-24,1.022674e-24,1.023433e-24,1.024035e-24,1.024512e-24,1.024891e-24,1.025191e-24,1.025429e-24,1.025618e-24,1.025768e-24,1.025887e-24
Rb-95,-3.788823e-25,-4.740953e-25,-1.001900e-25,3.250326e-25,5.124705e-25,4.279843e-25,1.818695e-25,-9.686405e-26,-3.220367e-25,-4.584114e-25,-5.065470e-25,-4.847284e-25,-4.159836e-25,-3.210921e-25,-2.159280e-25,-1.112411e-25,-1.350418e-26,7.396088e-26,1.499505e-25,2.145689e-25,2.686493e-25,3.133693e-25,3.500110e-25,3.798217e-25,4.039421e-25,4.233749e-25,4.389789e-25,4.514754e-25,4.614627e-25,4.694316e-25,4.757818e-25,4.808370e-25,4.848580e-25,4.880545e-25,4.905941e-25,4.926111e-25,4.942125e-25,4.954837e-25,4.964924e-25,4.972929e-25,4.979279e-25,4.984317e-25,4.988314e-25,4.991483e-25,4.993998e-25,4.995992e-25,4.997573e-25,4.998827e-25,4.999822e-25,5.000611e-25,5.001236e-25,5.001732e-25,5.002126e-25,5.002438e-25,5.002685e-25,5.002881e-25,5.003037e-25,5.003160e-25,5.003258e-25,5.003336e-25
Rb-96,6.060594e-26,1.613500e-25,1.724072e-25,1.165144e-25,3.391497e-26,-4.341830e-26,-9.893932e-26,-1.287146e-25,-1.360331e-25,-1.269551e-25,-1.076369e-25,-8.312005e-26,-5.702225e-26,-3.166966e-26,-8.386143e-27,1.220790e-26,2.994653e-26,4.493336e-26,5.741437e-26,6.769598e-26,7.609546e-26,8.291338e-26,8.841998e-26,9.285017e-26,9.640351e-26,9.924675e-26,1.015175e-25,1.033283e-25,1.047707e-25,1.059186e-25,1.068314e-25,1.075568e-25,1.081331e-25,1.085908e-25,1.089541e-25,1.092424e-25,1.094712e-25,1.096528e-25,1.097968e-25,1.099111e-25,1.100017e-25,1.100736e-25,1.101306e-25,1.101758e-25,1.102117e-25,1.102401e-25,1.102627e-25,1.102806e-25,1.102948e-25,1.103060e-25,1.103149e-25,1.103220e-25,1.103276e-25,1.103321e-25,1.103356e-25,1.103384e-25,1.103406e-25,1.103424e-25,1.103438e-25,1.103449e-25
Rb-97,2.200608e-26,2.459926e-26,1.588202e-26,2.315489e-27,-1.054287e-26,-1.966707e-26,-2.426072e-26,-2.485990e-26,-2.253731e-26,-1.840557e-26,-1.338444e-26,-8.136242e-27,-3.086187e-27,1.525965e-27,5.591068e-27,9.084378e-27,1.203102e-26,1.448218e-26,1.649972e-26,1.814692e-26,1.948334e-26,2.056235e-26,2.143020e-26,2.212614e-26,2.268292e-26,2.312753e-26,2.348205e-26,2.376443e-26,2.398912e-26,2.416780e-26,2.430979e-26,2.442259e-26,2.451216e-26,2.458327e-26,2.463970e-26,2.468448e-26,2.472002e-26,2.474821e-26,2.477057e-26,2.478831e-26,2.480238e-26,2.481354e-26,2.482239e-26,2.482940e-26,2.483497e-26,2.483939e-26,2.484289e-26,2.484566e-26,2.484786e-26,2.484961e-26,2.485099e-26,2.485209e-26,2.485296e-26,2.485365e-26,2.485420e-26,2.485464e-26,2.485498e-26,2.485525e-26,2.485547e-26,2.485564e-26
Rb-98,3.829821e-27,2.364508e-27,6.007543e-28,-9.162834e-28,-1.952122e-27,-2.488098e-27,-2.614085e-27,-2.452438e-27,-2.116855e-27,-1.696174e-27,-1.252161e-27,-8.235428e-28,-4.317941e-28,-8.658041e-29,2.099112e-28,4.598428e-28,6.676172e-28,8.385391e-28,9.780193e-28,1.091138e-27,1.182438e-27,1.255851e-27,1.314708e-27,1.361788e-27,1.399378e-27,1.429348e-27,1.453216e-27,1.472208e-27,1.487309e-27,1.499309e-27,1.508842e-27,1.516411e-27,1.522420e-27,1.527189e-27,1.530973e-27,1.533976e-27,1.536358e-27,1.538248e-27,1.539747e-27,1.540935e-27,1.541878e-27,1.542626e-27,1.543219e-27,1.543690e-27,1.544063e-27,1.544358e-27,1.544593e-27,1.544779e-27,1.544927e-27,1.545044e-27,1.545136e-27,1.545210e-27,1.545268e-27,1.545315e-27,1.545351e-27,1.545380e-27,1.545403e-27,1.545422e-27,1.545436e-27,1.545448e-27
Rb-99,-2.359422e-29,-2.962082e-29,-3.066079e-29,-2.800784e-29,-2.303820e-29,-1.690409e-29,-1.044279e-29,-4.196409e-30,1.525967e-30,6.580536e-30,1.093097e-29,1.460490e-29,1.766375e-29,2.018317e-29,2.224121e-29,2.391164e-29,2.526073e-29,2.634609e-29,2.721662e-29,2.791317e-29,2.846948e-29,2.891311e-29,2.926647e-29,2.954768e-29,2.977130e-29,2.994902e-29,3.009020e-29,3.020231e-29,3.029131e-29,3.036195e-29,3.041801e-29,3.046249e-29,3.049778e-29,3.052577e-29,3.054797e-29,3.056558e-29,3.057955e-29,3.059063e-29,3.059941e-29,3.060638e-29,3.061191e-29,3.061629e-29,3.061977e-29,3.062252e-29,3.062471e-29,3.062644e-29,3.062782e-29,3.062891e-29,3.062977e-29,3.063046e-29,3.063100e-29,3.063143e-29,3.063177e-29,3.063204e-29,3.063226e-29,3.063243e-29,3.063256e-29,3.063267e-29,3.063276e-29,3.063282e-29
Rb-100,-1.893635e-26,-2.240645e-26,-2.239488e-26,-1.990786e-26,-1.593694e-26,-1.127975e-26,-6.499064e-27,-1.948929e-27,2.176568e-27,5.794260e-27,8.891618e-27,1.149710e-26,1.365998e-26,1.543740e-26,1.688680e-26,1.806162e-26,1.900945e-26,1.977136e-26,2.038206e-26,2.087046e-26,2.126037e-26,2.157121e-26,2.181874e-26,2.201569e-26,2.217227e-26,2.229671e-26,2.239555e-26,2.247403e-26,2.253633e-26,2.258578e-26,2.262501e-26,2.265614e-26,2.268084e-26,2.270043e-26,2.271597e-26,2.272829e-26,2.273807e-26,2.274582e-26,2.275197e-26,2.275685e-26,2.276072e-26,2.276378e-26,2.276622e-26,2.276814e-26,2.276967e-26,2.277089e-26,2.277185e-26,2.277261e-26,2.277322e-26,2.277370e-26,2.277408e-26,2.277438e-26,2.277462e-26,2.277481e-26,2.277496e-26,2.277508e-26,2.277517e-26,2.277525e-26,2.277531e-26,2.277535e-26
Rb-101,-1.014111e-30,-9.005655e-31,-7.201785e-31,-5.089913e-31,-2.924053e-31,-8.638170e-32,1.003436e-31,2.640408e-31,4.041659e-31,5.220213e-31,6.198449e-31,7.002286e-31,7.657727e-31,8.188976e-31,8.617563e-31,8.962069e-31,9.238199e-31,9.459028e-31,9.635319e-31,9.775859e-31,9.887774e-31,9.976817e-31,1.004761e-30,1.010387e-30,1.014856e-30,1.018404e-30,1.021221e-30,1.023457e-30,1.025230e-30,1.026638e-30,1.027754e-30,1.028640e-30,1.029343e-30,1.029900e-30,1.030342e-30,1.030692e-30,1.030970e-30,1.031191e-30,1.031366e-30,1.031504e-30,1.031614e-30,1.031702e-30,1.031771e-30,1.031826e-30,1.031869e-30,1.031904e-30,1.031931e-30,1.031953e-30,1.031970e-30,1.031983e-30,1.031994e-30,1.032003e-30,1.032010e-30,1.032015e-30,1.032019e-30,1.032023e-30,1.032025e-30,1.032028e-30,1.032029e-30,1.032031e-30
Rb-102,-9.636933e-34,-9.177273e-34,-7.837195e-34,-6.009993e-34,-3.995179e-34,-1.994993e-34,-1.307649e-35,1.535643e-34,2.982261e-34,4.211693e-34,5.240188e-34,6.090392e-34,6.786840e-34,7.353345e-34,7.811647e-34,8.180841e-34,8.477265e-34,8.714642e-34,8.904344e-34,9.055701e-34,9.176309e-34,9.272319e-34,9.348687e-34,9.409392e-34,9.457623e-34,9.495929e-34,9.526341e-34,9.550481e-34,9.569639e-34,9.584840e-34,9.596900e-34,9.606467e-34,9.614056e-34,9.620076e-34,9.624850e-34,9.628637e-34,9.631640e-34,9.634022e-34,9.635911e-34,9.637409e-34,9.638597e-34,9.639539e-34,9.640286e-34,9.640879e-34,9.641348e-34,9.641721e-34,9.642016e-34,9.642251e-34,9.642437e-34,9.642584e-34,9.642701e-34,9.642793e-34,9.642867e-34,9.642925e-34,9.642971e-34,9.643008e-34,9.643037e-34,9.643060e-34,9.643078e-34,9.643093e-34
Sr-84,2.149867e+09,2.710735e+09,3.417824e+09,4.309192e+09,5.432770e+09,6.848897e+09,8.633505e+09,1.088209e+10,1.371465e+10,1.728191e+10,2.177286e+10,2.742424e+10,3.453201e+10,4.346532e+10,5.468330e+10,6.875481e+10,8.638133e+10,1.084226e+11,1.359237e+11,1.701423e+11,2.125708e+11,2.649476e+11,3.292475e+11,4.076337e+11,5.023528e+11,6.155416e+11,7.489182e+11,9.033306e+11,1.078160e+12,1.270630e+12,1.475166e+12,1.683067e+12,1.882883e+12,2.061868e+12,2.208611e+12,2.316258e+12,2.384938e+12,2.421726e+12,2.437557e+12,2.442739e+12,2.443944e+12,2.444128e+12,2.444144e+12,2.444145e+12,2.444145e+12,2.444145e+12,2.444145e+12,2.444145e+12,2.444145e+12,2.444145e+12,2.444145e+12,2.444145e+12,2.444145e+12,2.444145e+12,2.444145e+12,2.444145e+12,2.444145e+12,2.444145e+12,2.444145e+12,2.444145e+12
Sr-85,1.591173e+12,1.670058e+12,1.753026e+12,1.836255e+12,1.914903e+12,1.983814e+12,2.038667e+12,2.077265e+12,2.100327e+12,2.111164e+12,2.114210e+12,2.113238e+12,2.110413e+12,2.106493e+12,2.101508e+12,2.095235e+12,2.087351e+12,2.077451e+12,2.065034e+12,2.049481e+12,2.030035e+12,2.005777e+12,1.975599e+12,1.938190e+12,1.892024e+12,1.835372e+12,1.766344e+12,1.682987e+12,1.583456e+12,1.466292e+12,1.330822e+12,1.177689e+12,1.009446e+12,8.311128e+11,6.504293e+11,4.774754e+11,3.233396e+11,1.977773e+11,1.064066e+11,4.869557e+10,1.817172e+10,5.242727e+09,1.093464e+09,1.514797e+08,1.252632e+07,5.404047e+05,1.026317e+04,6.926231e+01,1.267863e-01,4.478138e-05,1.986339e-09,6.437743e-15,7.700809e-22,1.436959e-30,5.543040e-35,-2.529581e-35,4.790304e-35,5.937208e-36,-7.988448e-36,1.743426e-35
Sr-85m,6.157148e+11,5.244050e+11,4.283088e+11,3.318180e+11,2.404950e+11,1.602587e+11,9.605534e+10,5.037262e+10,2.231998e+10,7.996846e+09,2.191709e+09,4.284624e+08,5.470237e+07,4.080967e+06,1.546235e+05,2.493085e+03,1.368649e+01,1.931093e-02,4.911913e-06,1.440164e-10,2.769272e-16,1.714982e-23,1.392730e-32,-1.388945e-35,2.062513e-35,7.506942e-37,-2.172724e-35,-2.255323e-35,-7.885842e-36,2.338971e-35,-1.238188e-36,-1.314200e-35,1.618499e-35,-1.101457e-35,-3.317721e-36,2.155467e-35,-2.198764e-35,-8.160651e-36,2.455828e-35,1.132987e-35,-1.848811e-35,-2.414727e-35,-5.711927e-36,1.580942e-35,2.552951e-35,2.148247e-35,9.156337e-36,-4.911502e-36,-1.631671e-35,-2.323804e-35,-2.568252e-35,-2.456874e-35,-2.106374e-35,-1.622425e-35,-1.085912e-35,-5.516837e-36,-5.280938e-37,3.937153e-36,7.817114e-36,1.111684e-35
Sr-86,6.315855e+14,7.071749e+14,8.024518e+14,9.225296e+14,1.073841e+15,1.264475e+15,1.504591e+15,1.806944e+15,2.187519e+15,2.666325e+15,3.268349e+15,4.024724e+15,4.974111e+15,6.164314e+15,7.654138e+15,9.515410e+15,1.183509e+16,1.471722e+16,1.828435e+16,2.267779e+16,2.805578e+16,3.458810e+16,4.244533e+16,5.178048e+16,6.270062e+16,7.522733e+16,8.924698e+16,1.044577e+17,1.203276e+17,1.360898e+17,1.508045e+17,1.635116e+17,1.734616e+17,1.803513e+17,1.844402e+17,1.864407e+17,1.872093e+17,1.874277e+17,1.874703e+17,1.874756e+17,1.874759e+17,1.874759e+17,1.874759e+17,1.874759e+17,1.874759e+17,1.874759e+17,1.874759e+17,1.874759e+17,1.874759e+17,1.874759e+17,1.874759e+17,1.874759e+17,1.874759e+17,1.874759e+17,1.874759e+17,1.874759e+17,1.874759e+17,1.874759e+17,1.874759e+17,1.874759e+17
Sr-87,3.262960e+16,3.298294e+16,3.339733e+16,3.387421e+16,3.441008e+16,3.499445e+16,3.560806e+16,3.622244e+16,3.680184e+16,3.730862e+16,3.771185e+16,3.799673e+16,3.817012e+16,3.825768e+16,3.829269e+16,3.830315e+16,3.830533e+16,3.830564e+16,3.830568e+16,3.830571e+16,3.830573e+16,3.830576e+16,3.830579e+16,3.830582e+16,3.830584e+16,3.830587e+16,3.830589e+16,3.830590e+16,3.830592e+16,3.830595e+16,3.830597e+16,3.830601e+16,3.830605e+16,3.830611e+16,3.830617e+16,3.830626e+16,3.830637e+16,3.830651e+16,3.830668e+16,3.830690e+16,3.830717e+16,3.830752e+16,3.830796e+16,3.830851e+16,3.830921e+16,3.831009e+16,3.831120e+16,3.831260e+16,3.831436e+16,3.831658e+16,3.831938e+16,3.832292e+16,3.832738e+16,3.833300e+16,3.834009e+16,3.834902e+16,3.836030e+16,3.837451e+16,3.839243e+16,3.841504e+16
Sr-87m,5.693033e+15,5.338629e+15,4.922995e+15,4.444683e+15,3.907198e+15,3.321075e+15,2.705621e+15,2.089394e+15,1.508254e+15,9.999562e+14,5.955202e+14,3.097853e+14,1.358764e+14,4.806515e+13,1.296732e+13,2.490038e+12,3.162486e+11,2.907965e+10,6.842100e+09,5.216841e+09,4.321561e+09,3.418381e+09,2.543491e+09,1.751969e+09,1.094865e+09,6.052037e+08,2.865748e+08,1.116419e+08,3.400542e+07,7.594596e+06,1.146883e+06,1.057382e+05,5.232430e+03,1.181388e+02,9.916201e-01,2.389941e-03,1.194162e-06,8.203407e-11,4.615717e-16,1.106981e-22,3.480680e-31,-3.788913e-32,1.604545e-31,6.173157e-32,-1.252469e-31,-1.509794e-31,-2.842230e-32,1.067996e-31,1.639128e-31,1.340888e-31,5.367622e-32,-3.593015e-32,-1.074898e-31,-1.501356e-31,-1.643674e-31,-1.562332e-31,-1.332008e-31,-1.019561e-31,-6.757952e-32,-3.349485e-32
Sr-88,1.438821e+22,1.937653e+22,2.549596e+22,3.273880e+22,4.100357e+22,5.008347e+22,5.965263e+22,6.925790e+22,7.834007e+22,8.630933e+22,9.267576e+22,9.719639e+22,9.996526e+22,1.013745e+23,1.019433e+23,1.021152e+23,1.021514e+23,1.021563e+23,1.021567e+23,1.021567e+23,1.021567e+23,1.021567e+23,1.021567e+23,1.021567e+23,1.021567e+23,1.021567e+23,1.021567e+23,1.021567e+23,1.021567e+23,1.021567e+23,1.021567e+23,1.021567e+23,1.021567e+23,1.021567e+23,1.021567e+23,1.021567e+23,1.021567e+23,1.021567e+23,1.021567e+23,1.021567e+23,1.021567e+23,1.021567e+23,1.021567e+23,1.021567e+23,1.021567e+23,1.021567e+23,1.021567e+23,1.021567e+23,1.021567e+23,1.021567e+23,1.021567e+23,1.021567e+23,1.021567e+23,1.021567e+23,1.021567e+23,1.021567e+23,1.021567e+23,1.021567e+23,1.021567e+23,1.021567e+23
Sr-89,1.263972e+23,1.320147e+23,1.351911e+23,1.366414e+23,1.371323e+23,1.372192e+23,1.371783e+23,1.370986e+23,1.369951e+23,1.368645e+23,1.366999e+23,1.364927e+23,1.362318e+23,1.359035e+23,1.354907e+23,1.349719e+23,1.343206e+23,1.335036e+23,1.324806e+23,1.312016e+23,1.296064e+23,1.276223e+23,1.251637e+23,1.221306e+23,1.184104e+23,1.138803e+23,1.084139e+23,1.018931e+23,9.422631e+22,8.537523e+22,7.538918e+22,6.444430e+22,5.287830e+22,4.120464e+22,3.008410e+22,2.023340e+22,1.226969e+22,6.529700e+21,2.947449e+21,1.081004e+21,3.051395e+20,6.191252e+19,8.283954e+18,6.556566e+17,2.676545e+16,4.741059e+14,2.930420e+12,4.801570e+09,1.474773e+06,5.484759e+01,1.423441e-04,1.286634e-11,1.685903e-20,2.499839e-25,-1.483016e-24,4.159799e-25,-3.083640e-24,-3.718818e-24,-1.821405e-24,5.229010e-25
Sr-90,1.665098e+23,1.665122e+23,1.665123e+23,1.665121e+23,1.665119e+23,1.665116e+23,1.665112e+23,1.665107e+23,1.665101e+23,1.665093e+23,1.665084e+23,1.665072e+23,1.665056e+23,1.665037e+23,1.665013e+23,1.664982e+23,1.664943e+23,1.664895e+23,1.664833e+23,1.664755e+23,1.664658e+23,1.664534e+23,1.664379e+23,1.664182e+23,1.663935e+23,1.663623e+23,1.663230e+23,1.662734e+23,1.662109e+23,1.661322e+23,1.660329e+23,1.659078e+23,1.657502e+23,1.655516e+23,1.653016e+23,1.649868e+23,1.645907e+23,1.640926e+23,1.634666e+23,1.626806e+23,1.616948e+23,1.604602e+23,1.589168e+23,1.569916e+23,1.545971e+23,1.516296e+23,1.479686e+23,1.434776e+23,1.380082e+23,1.314074e+23,1.235317e+23,1.142696e+23,1.035733e+23,9.150041e+22,7.826159e+22,6.426241e+22,5.012142e+22,3.663665e+22,2.467630e+22,1.499140e+22
Sr-91,1.585161e+23,1.555657e+23,1.519232e+23,1.474513e+23,1.419993e+23,1.354105e+23,1.275360e+23,1.182555e+23,1.075090e+23,9.533846e+22,8.193540e+22,6.768620e+22,5.319498e+22,3.925815e+22,2.676384e+22,1.650959e+22,8.977535e+21,4.164038e+21,1.580453e+21,4.658268e+20,9.981046e+19,1.430493e+19,1.234716e+18,5.622551e+16,1.143123e+15,8.406817e+12,1.715033e+10,6.944620e+06,3.659718e+02,1.474035e-03,2.319136e-10,6.113850e-19,7.543001e-24,1.696235e-25,6.808896e-24,5.120834e-24,3.357141e-24,4.169463e-24,3.091952e-24,-3.819351e-24,2.619320e-25,-1.926445e-24,-1.003254e-24,-4.880536e-24,1.285450e-24,-4.774585e-24,-5.584964e-24,-1.184029e-25,-4.819874e-25,-5.169422e-24,-7.225167e-24,-5.164425e-24,-1.823175e-24,1.285540e-25,-4.600045e-26,-1.702471e-24,-3.838314e-24,-5.697954e-24,-6.920470e-24,-7.452929e-24
Sr-92,1.336677e+23,1.250348e+23,1.149388e+23,1.033613e+23,9.040943e+22,7.636458e+22,6.172073e+22,4.718838e+22,3.363597e+22,2.194792e+22,1.281106e+22,6.497488e+21,2.760223e+21,9.377594e+20,2.403555e+20,4.318033e+19,4.955667e+18,3.232228e+17,1.033772e+16,1.346130e+14,5.644424e+11,5.669721e+08,9.395511e+04,1.604789e+00,1.561184e-06,4.094366e-14,1.600166e-23,-9.609168e-25,6.880335e-25,-4.719265e-24,-3.712597e-24,-4.443548e-24,-5.789537e-24,-1.512057e-24,4.218311e-25,-6.288023e-24,1.120969e-24,-6.120721e-24,-1.384339e-24,-9.494498e-25,-6.847621e-24,-2.873155e-24,8.345821e-25,-2.431358e-24,-6.506040e-24,-6.393438e-24,-3.228244e-24,-2.453096e-25,7.341101e-25,-2.476790e-25,-2.256033e-24,-4.347371e-24,-5.943361e-24,-6.840703e-24,-7.081630e-24,-6.820556e-24,-6.234073e-24,-5.475172e-24,-4.657676e-24,-3.856898e-24
Sr-93,6.730532e+20,1.559213e+20,2.465869e+19,2.409717e+18,1.283278e+17,3.178454e+15,2.998259e+13,8.372325e+10,5.036700e+07,4.372668e+03,3.305213e-02,1.150203e-08,8.250996e-17,-2.202909e-24,1.472802e-24,-4.670659e-24,5.529178e-25,2.196629e-24,2.786248e-24,-5.769987e-26,-1.986429e-24,6.131065e-24,-5.452253e-25,5.504002e-24,-2.045550e-24,5.131395e-24,5.270125e-25,-3.322924e-24,2.080144e-24,3.234467e-24,-1.724895e-24,-5.175709e-24,-3.956459e-24,-5.290319e-25,1.910847e-24,2.103739e-24,5.058878e-25,-1.820963e-24,-3.983130e-24,-5.504591e-24,-6.269801e-24,-6.375455e-24,-6.001541e-24,-5.331815e-24,-4.517072e-24,-3.665432e-24,-2.846094e-24,-2.097978e-24,-1.438743e-24,-8.723460e-25,-3.946622e-25,2.644023e-27,3.296290e-25,5.965693e-25,8.131312e-25,9.879694e-25,1.128587e-24,1.241345e-24,1.331553e-24,1.403586e-24
Sr-94,7.196640e+08,1.260138e+05,2.307234e+00,2.450081e-06,7.176269e-14,2.699866e-23,-2.816742e-24,1.042900e-24,-3.712602e-24,-1.995790e-24,-2.617122e-24,-4.062986e-24,2.955534e-25,1.627422e-24,-4.311911e-24,3.768292e-24,-2.816803e-24,2.084951e-24,3.205084e-24,-2.953032e-24,8.577482e-25,4.710232e-24,1.314060e-24,-3.142606e-24,-3.339333e-24,-2.994134e-25,2.653158e-24,3.590275e-24,2.513528e-24,3.709527e-25,-1.862765e-24,-3.584039e-24,-4.577134e-24,-4.882538e-24,-4.659004e-24,-4.089699e-24,-3.334089e-24,-2.511328e-24,-1.700658e-24,-9.488659e-25,-2.792228e-25,3.005958e-25,7.924101e-25,1.203238e-24,1.542464e-24,1.820100e-24,2.045781e-24,2.228259e-24,2.375197e-24,2.493133e-24,2.587553e-24,2.662994e-24,2.723176e-24,2.771126e-24,2.809292e-24,2.839648e-24,2.863777e-24,2.882946e-24,2.898170e-24,2.910257e-24
Sr-95,7.122068e-23,-2.715087e-24,2.918678e-24,-3.307009e-24,-3.700689e-24,-3.679611e-24,-3.094547e-24,1.840942e-24,1.967037e-24,-2.496485e-24,3.574586e-24,-2.062994e-24,1.085878e-24,2.527827e-24,-3.124184e-24,-2.188577e-25,3.447178e-24,8.528366e-25,-2.997980e-24,-3.258677e-24,-5.954886e-25,2.116165e-24,3.115317e-24,2.333650e-24,5.713667e-25,-1.317441e-24,-2.791146e-24,-3.646992e-24,-3.910324e-24,-3.714164e-24,-3.215932e-24,-2.554109e-24,-1.832786e-24,-1.121486e-24,-4.614106e-25,1.268472e-25,6.364100e-25,1.068775e-24,1.430037e-24,1.728398e-24,1.972628e-24,2.171179e-24,2.331739e-24,2.461037e-24,2.564822e-24,2.647917e-24,2.714311e-24,2.767279e-24,2.809481e-24,2.843074e-24,2.869792e-24,2.891030e-24,2.907902e-24,2.921302e-24,2.931941e-24,2.940385e-24,2.947087e-24,2.952404e-24,2.956623e-24,2.959969e-24
Sr-96,-3.414916e-25,-2.425741e-24,1.129054e-24,2.120840e-24,-5.758655e-25,-2.383933e-24,-1.426935e-24,7.981704e-25,2.371488e-24,2.548803e-24,1.619644e-24,2.347085e-25,-1.060415e-24,-1.974641e-24,-2.435892e-24,-2.501044e-24,-2.277777e-24,-1.876391e-24,-1.387527e-24,-8.762294e-25,-3.841558e-25,6.524558e-26,4.613165e-25,8.016483e-25,1.088698e-24,1.327462e-24,1.523976e-24,1.684409e-24,1.814567e-24,1.919652e-24,2.004169e-24,2.071943e-24,2.126163e-24,2.169460e-24,2.203984e-24,2.231481e-24,2.253362e-24,2.270761e-24,2.284588e-24,2.295572e-24,2.304294e-24,2.311218e-24,2.316713e-24,2.321074e-24,2.324534e-24,2.327279e-24,2.329457e-24,2.331184e-24,2.332554e-24,2.333641e-24,2.334503e-24,2.335186e-24,2.335728e-24,2.336158e-24,2.336499e-24,2.336769e-24,2.336984e-24,2.337154e-24,2.337288e-24,2.337395e-24
Sr-97,-2.076498e-25,-1.160043e-24,-7.965035e-25,2.359366e-25,1.016194e-24,1.155166e-24,7.633829e-25,1.391710e-25,-4.582083e-25,-8.861253e-25,-1.105667e-24,-1.140346e-24,-1.039139e-24,-8.532873e-25,-6.253338e-25,-3.860198e-25,-1.551517e-25,5.604429e-26,2.423997e-25,4.026711e-25,5.379412e-25,6.505146e-25,7.432040e-25,8.188987e-25,8.803243e-25,9.299258e-25,9.698254e-25,1.001824e-24,1.027426e-24,1.047872e-24,1.064176e-24,1.077162e-24,1.087495e-24,1.095713e-24,1.102244e-24,1.107431e-24,1.111551e-24,1.114821e-24,1.117417e-24,1.119477e-24,1.121111e-24,1.122408e-24,1.123436e-24,1.124252e-24,1.124899e-24,1.125413e-24,1.125820e-24,1.126143e-24,1.126399e-24,1.126602e-24,1.126763e-24,1.126890e-24,1.126992e-24,1.127072e-24,1.127136e-24,1.127186e-24,1.127226e-24,1.127258e-24,1.127283e-24,1.127303e-24
Sr-98,3.599277e-25,4.215944e-25,-2.026289e-25,-5.302824e-25,-2.750069e-25,1.969776e-25,4.977506e-25,5.020563e-25,2.883705e-25,-4.225438e-27,-2.663139e-25,-4.431081e-25,-5.241341e-25,-5.238643e-25,-4.658342e-25,-3.732001e-25,-2.645742e-25,-1.530819e-25,-4.697659e-26,4.921938e-26,1.335697e-25,2.057847e-25,2.665294e-25,3.169536e-25,3.583908e-25,3.921799e-25,4.195677e-25,4.416635e-25,4.594250e-25,4.736615e-25,4.850470e-25,4.941363e-25,5.013823e-25,5.071526e-25,5.117436e-25,5.153939e-25,5.182946e-25,5.205986e-25,5.224281e-25,5.238805e-25,5.250331e-25,5.259477e-25,5.266734e-25,5.272491e-25,5.277058e-25,5.280680e-25,5.283554e-25,5.285832e-25,5.287640e-25,5.289073e-25,5.290210e-25,5.291111e-25,5.291826e-25,5.292393e-25,5.292843e-25,5.293199e-25,5.293482e-25,5.293706e-25,5.293884e-25,5.294025e-25
Sr-99,-5.733620e-26,2.833773e-26,9.197883e-26,1.017953e-25,6.733641e-26,1.362431e-26,-3.766725e-26,-7.463196e-26,-9.403128e-26,-9.784123e-26,-9.016522e-26,-7.529630e-26,-5.680205e-26,-3.726421e-26,-1.835075e-26,-1.011985e-27,1.430903e-26,2.749849e-26,3.863829e-26,4.791376e-26,5.555383e-26,6.179491e-26,6.686062e-26,7.095192e-26,7.424341e-26,7.688341e-26,7.899581e-26,8.068288e-26,8.202826e-26,8.309989e-26,8.395270e-26,8.463086e-26,8.516983e-26,8.559798e-26,8.593797e-26,8.620789e-26,8.642212e-26,8.659212e-26,8.672700e-26,8.683402e-26,8.691890e-26,8.698624e-26,8.703965e-26,8.708201e-26,8.711561e-26,8.714225e-26,8.716338e-26,8.718014e-26,8.719343e-26,8.720397e-26,8.721233e-26,8.721896e-26,8.722421e-26,8.722838e-26,8.723169e-26,8.723431e-26,8.723639e-26,8.723804e-26,8.723934e-26,8.724038e-26
Sr-100,2.779391e-26,4.478443e-26,4.421171e-26,3.116212e-26,1.330678e-26,-3.451441e-27,-1.608567e-26,-2.386405e-26,-2.736116e-26,-2.765742e-26,-2.586032e-26,-2.288676e-26,-1.940531e-26,-1.585720e-26,-1.250551e-26,-9.486796e-27,-6.854399e-27,-4.610903e-27,-2.730647e-27,-1.174433e-27,1.014158e-28,1.139829e-27,1.980259e-27,2.657492e-27,3.201362e-27,3.636968e-27,3.985131e-27,4.262946e-27,4.484340e-27,4.660590e-27,4.800787e-27,4.912236e-27,5.000785e-27,5.071113e-27,5.126951e-27,5.171273e-27,5.206447e-27,5.234357e-27,5.256501e-27,5.274067e-27,5.288002e-27,5.299054e-27,5.307821e-27,5.314774e-27,5.320288e-27,5.324661e-27,5.328129e-27,5.330880e-27,5.333061e-27,5.334791e-27,5.336163e-27,5.337251e-27,5.338113e-27,5.338797e-27,5.339340e-27,5.339770e-27,5.340111e-27,5.340382e-27,5.340596e-27,5.340767e-27
Sr-101,2.416655e-27,9.871819e-28,-6.172486e-28,-1.904482e-27,-2.675991e-27,-2.938237e-27,-2.798435e-27,-2.390100e-27,-1.833160e-27,-1.218957e-27,-6.091696e-28,-4.080609e-29,4.672614e-28,9.083271e-28,1.283179e-27,1.596770e-27,1.856001e-27,2.068353e-27,2.241085e-27,2.380826e-27,2.493397e-27,2.583780e-27,2.656159e-27,2.714002e-27,2.760153e-27,2.796928e-27,2.826202e-27,2.849488e-27,2.867998e-27,2.882704e-27,2.894384e-27,2.903657e-27,2.911018e-27,2.916859e-27,2.921494e-27,2.925171e-27,2.928089e-27,2.930403e-27,2.932238e-27,2.933694e-27,2.934849e-27,2.935764e-27,2.936491e-27,2.937067e-27,2.937523e-27,2.937885e-27,2.938173e-27,2.938401e-27,2.938581e-27,2.938724e-27,2.938838e-27,2.938928e-27,2.939000e-27,2.939056e-27,2.939101e-27,2.939137e-27,2.939165e-27,2.939187e-27,2.939205e-27,2.939219e-27
Sr-102,-4.125340e-29,-8.499865e-29,-1.082942e-28,-1.130007e-28,-1.038108e-28,-8.581815e-29,-6.332973e-29,-3.949669e-29,-1.637245e-29,4.862766e-30,2.365124e-29,3.984198e-29,5.352734e-29,6.492927e-29,7.432537e-29,8.200379e-29,8.823801e-29,9.327420e-29,9.732663e-29,1.005774e-28,1.031788e-28,1.052567e-28,1.069138e-28,1.082338e-28,1.092843e-28,1.101197e-28,1.107836e-28,1.113111e-28,1.117300e-28,1.120625e-28,1.123264e-28,1.125359e-28,1.127020e-28,1.128339e-28,1.129385e-28,1.130214e-28,1.130872e-28,1.131394e-28,1.131808e-28,1.132136e-28,1.132397e-28,1.132603e-28,1.132767e-28,1.132897e-28,1.133000e-28,1.133081e-28,1.133146e-28,1.133198e-28,1.133238e-28,1.133271e-28,1.133296e-28,1.133316e-28,1.133333e-28,1.133345e-28,1.133355e-28,1.133363e-28,1.133370e-28,1.133375e-28,1.133379e-28,1.133382e-28
Sr-103,-5.300849e-31,-1.035652e-30,-1.297604e-30,-1.341369e-30,-1.223736e-30,-1.004990e-30,-7.355470e-31,-4.520111e-31,-1.780641e-31,7.280846e-32,2.943473e-31,4.849895e-31,6.459646e-31,7.799762e-31,8.903466e-31,9.804991e-31,1.053669e-30,1.112762e-30,1.160301e-30,1.198430e-30,1.228938e-30,1.253303e-30,1.272733e-30,1.288209e-30,1.300525e-30,1.310319e-30,1.318103e-30,1.324286e-30,1.329196e-30,1.333094e-30,1.336188e-30,1.338643e-30,1.340591e-30,1.342136e-30,1.343362e-30,1.344335e-30,1.345106e-30,1.345718e-30,1.346203e-30,1.346588e-30,1.346893e-30,1.347135e-30,1.347327e-30,1.347479e-30,1.347600e-30,1.347695e-30,1.347771e-30,1.347831e-30,1.347879e-30,1.347917e-30,1.347947e-30,1.347971e-30,1.347990e-30,1.348005e-30,1.348017e-30,1.348026e-30,1.348033e-30,1.348039e-30,1.348044e-30,1.348048e-30
Sr-104,-8.238751e-32,-8.546757e-32,-7.817815e-32,-6.436489e-32,-4.725724e-32,-2.920678e-32,-1.173907e-32,4.274065e-33,1.842514e-32,3.060907e-32,4.090101e-32,4.947156e-32,5.653176e-32,6.229966e-32,6.698166e-32,7.076327e-32,7.380578e-32,7.624617e-32,7.819891e-32,7.975851e-32,8.100226e-32,8.199296e-32,8.278136e-32,8.340832e-32,8.390660e-32,8.430243e-32,8.461677e-32,8.486631e-32,8.506437e-32,8.522154e-32,8.534624e-32,8.544518e-32,8.552366e-32,8.558591e-32,8.563529e-32,8.567446e-32,8.570552e-32,8.573015e-32,8.574969e-32,8.576518e-32,8.577747e-32,8.578721e-32,8.579494e-32,8.580107e-32,8.580593e-32,8.580978e-32,8.581284e-32,8.581526e-32,8.581718e-32,8.581871e-32,8.581992e-32,8.582087e-32,8.582163e-32,8.582224e-32,8.582271e-32,8.582309e-32,8.582339e-32,8.582363e-32,8.582382e-32,8.582397e-32
Y-87,2.876310e+11,2.869795e+11,2.861602e+11,2.851303e+11,2.838369e+11,2.822142e+11,2.801811e+11,2.776382e+11,2.744644e+11,2.705139e+11,2.656131e+11,2.595594e+11,2.521218e+11,2.430459e+11,2.320651e+11,2.189225e+11,2.034051e+11,1.853954e+11,1.649401e+11,1.423313e+11,1.181849e+11,9.348634e+10,6.955974e+10,4.791308e+10,2.994252e+10,1.655119e+10,7.837285e+09,3.053198e+09,9.299849e+08,2.076980e+08,3.136512e+07,2.891742e+06,1.430972e+05,3.230877e+03,2.711896e+01,6.536043e-02,3.265810e-05,2.243479e-09,1.262312e-14,3.027385e-21,1.358074e-29,-1.528888e-36,-3.932444e-36,9.745775e-37,6.550865e-36,5.995951e-36,6.540538e-36,1.944513e-36,-6.548168e-36,4.589825e-36,-3.011255e-36,3.598361e-36,-5.637165e-36,6.383375e-36,-2.014126e-36,-5.352637e-36,4.256212e-36,5.353348e-36,-2.293185e-36,-6.544949e-36
Y-88,4.931050e+13,4.930701e+13,4.930262e+13,4.929707e+13,4.929009e+13,4.928127e+13,4.927016e+13,4.925616e+13,4.923850e+13,4.921625e+13,4.918819e+13,4.915284e+13,4.910830e+13,4.905219e+13,4.898152e+13,4.889255e+13,4.878059e+13,4.863977e+13,4.846277e+13,4.824049e+13,4.796163e+13,4.761228e+13,4.717537e+13,4.663012e+13,4.595152e+13,4.510985e+13,4.407041e+13,4.279373e+13,4.123639e+13,3.935307e+13,3.710028e+13,3.444237e+13,3.136041e+13,2.786401e+13,2.400516e+13,1.989147e+13,1.569347e+13,1.163855e+13,7.983472e+12,4.963091e+12,2.725371e+12,1.279811e+12,4.933731e+11,1.483017e+11,3.257254e+10,4.816398e+09,4.324186e+08,2.069357e+07,4.479078e+05,3.564667e+03,8.033465e+00,3.688162e-03,2.277059e-07,1.119823e-12,-7.853762e-01,3.582039e+04,3.115850e+04,6.243706e+02,-7.068021e+03,-9.200557e+03
Y-89,4.664332e+19,6.597006e+19,9.115086e+19,1.234297e+20,1.644019e+20,2.161623e+20,2.814372e+20,3.637125e+20,4.673943e+20,5.980285e+20,7.625847e+20,9.698128e+20,1.230686e+21,1.558944e+21,1.971760e+21,2.490547e+21,3.141921e+21,3.958844e+21,4.981929e+21,6.260901e+21,7.856135e+21,9.840151e+21,1.229882e+22,1.533185e+22,1.905205e+22,2.358220e+22,2.904861e+22,3.556942e+22,4.323618e+22,5.208726e+22,6.207331e+22,7.301819e+22,8.458419e+22,9.625785e+22,1.073784e+23,1.172291e+23,1.251928e+23,1.309328e+23,1.345150e+23,1.363815e+23,1.371573e+23,1.374006e+23,1.374542e+23,1.374618e+23,1.374625e+23,1.374625e+23,1.374625e+23,1.374625e+23,1.374625e+23,1.374625e+23,1.374625e+23,1.374625e+23,1.374625e+23,1.374625e+23,1.374625e+23,1.374625e+23,1.374625e+23,1.374625e+23,1.374625e+23,1.374625e+23
Y-89m,4.364795e+13,4.562494e+13,4.674293e+13,4.725350e+13,4.742650e+13,4.745741e+13,4.744340e+13,4.741586e+13,4.738005e+13,4.733487e+13,4.727796e+13,4.720629e+13,4.711607e+13,4.700254e+13,4.685976e+13,4.668034e+13,4.645506e+13,4.617253e+13,4.581869e+13,4.537635e+13,4.482464e+13,4.413846e+13,4.328813e+13,4.223915e+13,4.095251e+13,3.938574e+13,3.749517e+13,3.523994e+13,3.258837e+13,2.952721e+13,2.607351e+13,2.228820e+13,1.828807e+13,1.425071e+13,1.040465e+13,6.997765e+12,4.243498e+12,2.258311e+12,1.019381e+12,3.738675e+11,1.055332e+11,2.141258e+10,2.865023e+09,2.267603e+08,9.256890e+06,1.639706e+05,1.013492e+03,1.660633e+00,5.100534e-04,1.896916e-08,4.923003e-14,4.449851e-21,5.871943e-30,1.220548e-31,1.217028e-31,1.225558e-31,1.215011e-31,1.214048e-31,1.221589e-31,1.230474e-31
Y-90,5.712191e+17,6.945795e+17,8.491942e+17,1.042717e+18,1.284551e+18,1.586194e+18,1.961632e+18,2.427781e+18,3.004964e+18,3.717379e+18,4.593473e+18,5.666027e+18,6.971637e+18,8.549140e+18,1.043648e+19,1.266551e+19,1.525454e+19,1.819836e+19,2.145671e+19,2.494283e+19,2.851655e+19,3.198807e+19,3.513934e+19,3.776597e+19,3.973222e+19,4.101731e+19,4.172376e+19,4.203282e+19,4.212796e+19,4.213557e+19,4.211494e+19,4.208366e+19,4.204370e+19,4.199334e+19,4.192991e+19,4.185007e+19,4.174960e+19,4.162325e+19,4.146446e+19,4.126508e+19,4.101503e+19,4.070187e+19,4.031037e+19,3.982204e+19,3.921466e+19,3.846193e+19,3.753328e+19,3.639412e+19,3.500676e+19,3.333241e+19,3.133469e+19,2.898529e+19,2.627209e+19,2.320973e+19,1.985161e+19,1.630062e+19,1.271365e+19,9.293146e+18,6.259318e+18,3.802674e+18
Y-90m,1.047137e+17,9.893977e+16,9.211036e+16,8.416623e+16,7.511774e+16,6.508089e+16,5.431317e+16,4.323678e+16,3.242994e+16,2.256494e+16,1.428259e+16,8.022915e+15,3.876822e+15,1.549428e+15,4.874137e+14,1.133745e+14,1.802193e+13,1.772551e+12,9.516690e+10,2.381417e+09,2.275653e+07,6.459020e+04,3.966425e+01,3.533979e-03,2.760080e-08,-2.196084e-05,4.570803e+00,-2.184867e+00,3.766974e+01,-2.282555e-03,-4.197744e+00,-1.293603e+01,1.729066e+01,-1.961881e+01,-3.076248e+01,-1.616361e+01,2.836088e+01,-1.464885e+01,1.139854e+01,1.101366e+01,-1.004007e+01,-1.046778e+01,-1.229578e+01,2.100306e+00,1.083705e+01,-2.679885e+00,1.219939e-03,1.782604e+01,-6.043593e+00,2.401386e-03,-7.645785e+00,5.449160e+00,-4.324925e+00,3.834183e+00,-6.077210e+00,2.162183e+00,-2.962418e-03,2.754724e-03,-1.080670e+00,-2.542263e-04
Y-91,6.922456e+21,9.218693e+21,1.225573e+22,1.622708e+22,2.133965e+22,2.779369e+22,3.575675e+22,4.533598e+22,5.655180e+22,6.931013e+22,8.336665e+22,9.828397e+22,1.134022e+23,1.278588e+23,1.406912e+23,1.510287e+23,1.583299e+23,1.625630e+23,1.642028e+23,1.640033e+23,1.626636e+23,1.606003e+23,1.579384e+23,1.546289e+23,1.505526e+23,1.455652e+23,1.395107e+23,1.322335e+23,1.235955e+23,1.135024e+23,1.019413e+23,8.902605e+22,7.504584e+22,6.050208e+22,4.610976e+22,3.273556e+22,2.125262e+22,1.232634e+22,6.201569e+21,2.607926e+21,8.747579e+20,2.206205e+20,3.883690e+19,4.344321e+18,2.743313e+17,8.423355e+15,1.041864e+14,4.094270e+11,3.789650e+08,5.664567e+04,8.495351e-01,7.014402e-07,1.495906e-14,2.825630e-24,-3.027530e-24,-2.703099e-24,-3.159119e-24,9.809302e-25,1.693075e-24,3.238727e-25
Y-91m,4.616824e+21,5.270009e+21,5.873688e+21,6.371335e+21,6.705953e+21,6.832633e+21,6.731038e+21,6.411302e+21,5.908603e+21,5.268894e+21,4.535937e+21,3.748495e+21,2.946117e+21,2.174257e+21,1.482278e+21,9.143608e+20,4.972083e+20,2.306195e+20,8.753119e+19,2.579917e+19,5.527863e+18,7.922588e+17,6.838302e+16,3.113972e+15,6.331030e+13,4.655998e+11,9.498469e+08,3.846181e+05,2.026884e+01,8.163737e-05,1.284421e-11,3.386619e-20,3.909338e-25,-3.436146e-25,1.228362e-25,3.546861e-25,4.009617e-26,-3.532675e-26,1.547206e-25,1.650774e-26,2.415320e-25,-3.630900e-26,-1.193973e-25,-3.566373e-25,6.378133e-26,-1.449628e-25,-6.535471e-26,3.302232e-25,3.621748e-25,1.175869e-25,-9.144118e-27,7.419036e-26,2.189857e-25,2.835882e-25,2.312795e-25,1.001286e-25,-5.317882e-26,-1.864363e-25,-2.797783e-25,-3.306583e-25
Y-92,3.687860e+22,4.345465e+22,5.051535e+22,5.768356e+22,6.436055e+22,6.970855e+22,7.269861e+22,7.226862e+22,6.762057e+22,5.862368e+22,4.617377e+22,3.224057e+22,1.935766e+22,9.622923e+21,3.779319e+21,1.106707e+21,2.249791e+20,2.906659e+19,2.138546e+18,7.807363e+16,1.187869e+15,6.030457e+12,7.696300e+09,1.724268e+06,4.307519e+01,6.768441e-05,3.249374e-12,1.915496e-21,-2.015722e-23,3.321975e-23,2.650095e-24,-4.574791e-24,-1.281259e-25,-1.293554e-23,5.257957e-25,1.945610e-23,-2.773999e-23,2.711895e-23,-1.601606e-23,-7.978579e-24,2.903879e-23,-1.587742e-23,-2.013570e-23,1.352297e-23,2.049528e-23,1.081731e-24,-1.485024e-23,-1.509532e-23,-5.658683e-24,4.175998e-24,9.608274e-24,1.032400e-23,8.041818e-24,4.634652e-24,1.366190e-24,-1.165968e-24,-2.825986e-24,-3.718767e-24,-4.035138e-24,-3.967027e-24
Y-93,1.735266e+23,1.709815e+23,1.673215e+23,1.626805e+23,1.569868e+23,1.500875e+23,1.418178e+23,1.320359e+23,1.206566e+23,1.076944e+23,9.331501e+22,7.788662e+22,6.201350e+22,4.652365e+22,3.238035e+22,2.050242e+22,1.152180e+22,5.570625e+21,2.227932e+21,7.014707e+20,1.633458e+20,2.600162e+19,2.561902e+18,1.378523e+17,3.459231e+15,3.317291e+13,9.457532e+10,5.840485e+07,5.240692e+03,4.129751e-02,1.514611e-08,1.160880e-16,-1.588524e-24,1.083547e-24,-6.927485e-24,-1.320315e-24,1.420182e-24,2.886423e-24,6.813943e-25,-4.042900e-25,8.023938e-24,9.016688e-25,7.103440e-24,-1.083855e-24,5.868981e-24,1.011182e-24,-3.423268e-24,1.764490e-24,2.819548e-24,-2.423329e-24,-6.195102e-24,-5.158777e-24,-1.783596e-24,6.422330e-25,7.945909e-25,-8.819151e-25,-3.307236e-24,-5.564902e-24,-7.163945e-24,-7.983396e-24
Y-93m,4.231467e+17,9.802730e+16,1.550285e+16,1.514983e+15,8.067935e+13,1.998285e+12,1.884997e+10,5.263658e+07,3.166560e+04,2.749084e+00,2.077978e-05,7.231295e-12,5.187704e-20,-3.553440e-26,-3.325306e-26,-3.343607e-26,-2.410558e-26,-1.587625e-26,-8.073089e-27,-2.786682e-27,2.388855e-27,1.305780e-26,1.358915e-26,2.133886e-26,1.984404e-26,2.700998e-26,2.626621e-26,2.558024e-26,3.037034e-26,3.221190e-26,2.998566e-26,2.852752e-26,2.986083e-26,3.246676e-26,3.435947e-26,3.476589e-26,3.398786e-26,3.270487e-26,3.148834e-26,3.064515e-26,3.025402e-26,3.025896e-26,3.055067e-26,3.101664e-26,3.156450e-26,3.212818e-26,3.266571e-26,3.315382e-26,3.358238e-26,3.394966e-26,3.425884e-26,3.451566e-26,3.472681e-26,3.489906e-26,3.503872e-26,3.515142e-26,3.524203e-26,3.531467e-26,3.537277e-26,3.541916e-26
Y-94,2.162180e+22,1.209958e+22,5.818853e+21,2.311609e+21,7.216699e+20,1.662617e+20,2.611121e+19,2.529314e+18,1.332109e+17,3.253567e+15,3.015449e+13,8.235087e+10,4.817100e+07,4.036673e+03,2.918125e-02,9.599522e-09,6.414683e-17,-5.663075e-24,-1.405628e-24,1.616916e-24,3.614601e-24,1.422667e-25,2.952397e-24,3.078024e-24,-5.870301e-25,4.246342e-24,-6.274034e-24,-9.167511e-25,-7.553359e-24,3.047538e-24,6.617735e-25,-1.022688e-24,6.457365e-24,8.310565e-24,2.952825e-24,-1.057190e-24,-2.088883e-25,2.878228e-24,4.817122e-24,4.322529e-24,1.944937e-24,-1.137844e-24,-3.951554e-24,-5.986463e-24,-7.128419e-24,-7.494238e-24,-7.290119e-24,-6.724810e-24,-5.969723e-24,-5.148549e-24,-4.341548e-24,-3.595124e-24,-2.931803e-24,-2.358574e-24,-1.873122e-24,-1.468132e-24,-1.134072e-24,-8.608909e-25,-6.389784e-25,-4.596415e-25
Y-95,3.371070e+21,1.174986e+21,3.110388e+20,5.820033e+19,7.031295e+18,4.892696e+17,1.697939e+16,2.450698e+14,1.170030e+12,1.384296e+09,2.819905e+05,6.248551e+00,8.440561e-06,3.348661e-13,1.593744e-22,-3.913236e-24,4.087934e-25,-4.243211e-24,-1.263107e-24,-1.085362e-24,-3.023976e-24,2.614288e-26,-1.906463e-24,-6.275776e-24,2.701727e-24,-2.002100e-24,3.086040e-24,6.287349e-24,-4.774449e-25,2.828748e-24,7.148998e-24,3.472697e-24,-2.054923e-24,-3.167429e-24,-5.158605e-25,2.339891e-24,3.157873e-24,1.811292e-24,-7.189704e-25,-3.368942e-24,-5.460196e-24,-6.738927e-24,-7.239081e-24,-7.131217e-24,-6.617293e-24,-5.875587e-24,-5.040877e-24,-4.204014e-24,-3.419705e-24,-2.716237e-24,-2.104197e-24,-1.583258e-24,-1.146996e-24,-7.860829e-25,-4.902720e-25,-2.495513e-25,-5.474584e-26,1.022220e-25,2.282745e-25,3.292323e-25
Y-96,8.168798e-25,-3.544000e-25,9.376478e-25,-4.540479e-24,2.733593e-24,1.522330e-25,5.007958e-24,-1.620567e-24,-5.541385e-24,-1.067548e-24,8.206483e-25,-1.209845e-24,-1.839407e-24,6.442037e-25,4.053939e-24,6.036501e-24,5.866406e-24,4.107755e-24,1.715079e-24,-5.484996e-25,-2.279479e-24,-3.372505e-24,-3.896446e-24,-3.990131e-24,-3.798540e-24,-3.443040e-24,-3.012947e-24,-2.567780e-24,-2.143491e-24,-1.759166e-24,-1.422718e-24,-1.135181e-24,-8.937112e-25,-6.935541e-25,-5.292696e-25,-3.954415e-25,-2.870560e-25,-1.996714e-25,-1.294662e-25,-7.321830e-26,-2.825023e-26,7.638906e-27,3.624373e-26,5.901861e-26,7.713658e-26,9.154036e-26,1.029854e-25,1.120756e-25,1.192933e-25,1.250225e-25,1.295694e-25,1.331774e-25,1.360399e-25,1.383108e-25,1.401121e-25,1.415410e-25,1.426743e-25,1.435731e-25,1.442860e-25,1.448514e-25
Y-96m,-1.318589e-24,-1.318613e-24,-8.283975e-25,9.699466e-25,3.049315e-25,-9.340563e-25,1.035749e-24,-7.856689e-25,5.507089e-26,9.873998e-25,-1.213209e-24,-2.673295e-25,1.298130e-24,4.684351e-25,-1.025082e-24,-1.205122e-24,-2.076126e-25,8.737301e-25,1.320159e-24,1.070136e-24,4.191965e-25,-3.007547e-25,-8.729255e-25,-1.211886e-24,-1.322793e-24,-1.254751e-24,-1.067855e-24,-8.157030e-25,-5.389351e-25,-2.648886e-25,-9.893682e-27,2.177833e-25,4.152700e-25,5.830066e-25,7.232652e-25,8.391703e-25,9.340893e-25,1.011283e-24,1.073722e-24,1.124015e-24,1.164391e-24,1.196722e-24,1.222558e-24,1.243171e-24,1.259595e-24,1.272670e-24,1.283069e-24,1.291335e-24,1.297903e-24,1.303119e-24,1.307260e-24,1.310547e-24,1.313155e-24,1.315225e-24,1.316867e-24,1.318170e-24,1.319203e-24,1.320023e-24,1.320673e-24,1.321189e-24
Y-97,1.090662e-24,-6.604658e-25,2.615803e-24,-1.724623e-24,-6.103294e-25,3.270901e-25,-2.747262e-24,-3.609701e-25,2.575250e-24,1.479578e-24,-6.595366e-25,-7.877115e-25,7.717869e-25,2.297574e-24,2.730111e-24,2.045607e-24,7.535750e-25,-6.063208e-25,-1.691538e-24,-2.372920e-24,-2.665372e-24,-2.652341e-24,-2.433402e-24,-2.096803e-24,-1.709528e-24,-1.316968e-24,-9.466977e-25,-6.132309e-25,-3.222985e-25,-7.418640e-26,1.338907e-25,3.062110e-25,4.475595e-25,5.626533e-25,6.558371e-25,7.309484e-25,7.912831e-25,8.396167e-25,8.782540e-25,9.090883e-25,9.336629e-25,9.532280e-25,9.687921e-25,9.811652e-25,9.909965e-25,9.988049e-25,1.005005e-24,1.009926e-24,1.013832e-24,1.016931e-24,1.019389e-24,1.021340e-24,1.022887e-24,1.024115e-24,1.025088e-24,1.025860e-24,1.026472e-24,1.026958e-24,1.027343e-24,1.027648e-24
Y-97m,8.645378e-25,-9.844459e-25,8.211934e-26,1.238378e-24,1.014159e-25,-1.341373e-24,-1.311517e-24,-1.416570e-25,1.028504e-24,1.510446e-24,1.273989e-24,6.266870e-25,-9.953576e-26,-6.900588e-25,-1.059361e-24,-1.209994e-24,-1.187236e-24,-1.047398e-24,-8.410517e-25,-6.067908e-25,-3.708087e-25,-1.489917e-25,5.035852e-26,2.240433e-25,3.720262e-25,4.960489e-25,5.987100e-25,6.828896e-25,7.514151e-25,8.068845e-25,8.515890e-25,8.874945e-25,9.162555e-25,9.392450e-25,9.575906e-25,9.722112e-25,9.838511e-25,9.931103e-25,1.000471e-24,1.006320e-24,1.010965e-24,1.014653e-24,1.017580e-24,1.019904e-24,1.021747e-24,1.023210e-24,1.024370e-24,1.025290e-24,1.026020e-24,1.026599e-24,1.027059e-24,1.027423e-24,1.027712e-24,1.027941e-24,1.028123e-24,1.028267e-24,1.028381e-24,1.028472e-24,1.028543e-24,1.028600e-24
Y-98,-6.010122e-26,2.377116e-24,9.053953e-25,-1.316079e-24,-1.768085e-24,-7.153360e-25,5.625666e-25,1.250649e-24,1.236240e-24,7.777509e-25,1.832506e-25,-3.373001e-25,-6.906743e-25,-8.659753e-25,-8.942227e-25,-8.194513e-25,-6.830002e-25,-5.172527e-25,-3.446966e-25,-1.793596e-25,-2.893159e-26,1.032306e-25,2.165049e-25,3.118498e-25,3.910262e-25,4.561065e-25,5.091825e-25,5.522071e-25,5.869202e-25,6.148248e-25,6.371920e-25,6.550800e-25,6.693606e-25,6.807453e-25,6.898113e-25,6.970245e-25,7.027597e-25,7.073172e-25,7.109372e-25,7.138117e-25,7.160935e-25,7.179045e-25,7.193415e-25,7.204817e-25,7.213862e-25,7.221037e-25,7.226729e-25,7.231243e-25,7.234824e-25,7.237663e-25,7.239915e-25,7.241701e-25,7.243118e-25,7.244241e-25,7.245132e-25,7.245838e-25,7.246398e-25,7.246843e-25,7.247195e-25,7.247474e-25
Y-98m,1.004292e-26,-3.687070e-25,7.076382e-25,-4.711996e-25,-4.124712e-25,6.172214e-25,4.553980e-25,-4.116616e-25,-7.138459e-25,-2.695172e-25,3.617054e-25,7.033209e-25,6.458516e-25,3.234708e-25,-7.559550e-26,-4.148426e-25,-6.319038e-25,-7.203288e-25,-7.032911e-25,-6.134372e-25,-4.814686e-25,-3.314320e-25,-1.799451e-25,-3.723677e-26,9.126141e-26,2.033925e-25,2.990529e-25,3.793076e-25,4.457942e-25,5.003476e-25,5.447796e-25,5.807611e-25,6.097693e-25,6.330742e-25,6.517457e-25,6.666729e-25,6.785864e-25,6.880819e-25,6.956421e-25,7.016565e-25,7.064380e-25,7.102373e-25,7.132549e-25,7.156509e-25,7.175528e-25,7.190622e-25,7.202599e-25,7.212102e-25,7.219640e-25,7.225620e-25,7.230364e-25,7.234126e-25,7.237110e-25,7.239476e-25,7.241353e-25,7.242841e-25,7.244022e-25,7.244958e-25,7.245700e-25,7.246289e-25
Y-99,4.334110e-25,8.178879e-25,-1.457126e-24,-1.892504e-25,1.314900e-24,3.223892e-25,-1.117955e-24,-1.116743e-24,1.221226e-26,1.113400e-24,1.500305e-24,1.163985e-24,4.351320e-25,-3.407519e-25,-9.466584e-25,-1.302282e-24,-1.418616e-24,-1.349468e-24,-1.158162e-24,-9.002912e-25,-6.176225e-25,-3.380679e-25,-7.820538e-26,1.536324e-25,3.546000e-25,5.252063e-25,6.678073e-25,7.856103e-25,8.820593e-25,9.604811e-25,1.023904e-24,1.074983e-24,1.115986e-24,1.148816e-24,1.175050e-24,1.195978e-24,1.212654e-24,1.225928e-24,1.236485e-24,1.244877e-24,1.251545e-24,1.256840e-24,1.261044e-24,1.264381e-24,1.267029e-24,1.269130e-24,1.270797e-24,1.272119e-24,1.273169e-24,1.274001e-24,1.274661e-24,1.275184e-24,1.275599e-24,1.275928e-24,1.276189e-24,1.276396e-24,1.276561e-24,1.276691e-24,1.276794e-24,1.276876e-24
Y-100,-4.777593e-26,3.615515e-25,6.400369e-26,-3.563217e-25,-3.532608e-25,-1.765912e-26,3.130461e-25,4.364188e-25,3.475706e-25,1.416621e-25,-8.078079e-26,-2.560583e-25,-3.600938e-25,-3.954477e-25,-3.772919e-25,-3.237236e-25,-2.507190e-25,-1.703225e-25,-9.060880e-26,-1.639162e-26,4.989303e-26,1.073953e-25,1.562375e-25,1.970789e-25,2.308287e-25,2.584672e-25,2.809439e-25,2.991244e-25,3.137681e-25,3.255241e-25,3.349374e-25,3.424597e-25,3.484612e-25,3.532432e-25,3.570498e-25,3.600775e-25,3.624842e-25,3.643964e-25,3.659150e-25,3.671207e-25,3.680777e-25,3.688371e-25,3.694398e-25,3.699179e-25,3.702971e-25,3.705980e-25,3.708366e-25,3.710259e-25,3.711760e-25,3.712951e-25,3.713895e-25,3.714644e-25,3.715238e-25,3.715709e-25,3.716082e-25,3.716378e-25,3.716613e-25,3.716799e-25,3.716947e-25,3.717064e-25
Y-101,1.667942e-26,-1.681788e-25,-1.498074e-25,6.589155e-27,1.470459e-25,1.894185e-25,1.391698e-25,4.190717e-26,-5.777857e-26,-1.330975e-25,-1.749829e-25,-1.857866e-25,-1.729792e-25,-1.449573e-25,-1.089387e-25,-7.026638e-26,-3.246075e-26,2.425554e-27,3.339553e-26,6.014747e-26,8.279963e-26,1.016972e-25,1.172859e-25,1.300347e-25,1.403918e-25,1.487625e-25,1.555005e-25,1.609071e-25,1.652347e-25,1.686919e-25,1.714494e-25,1.736462e-25,1.753947e-25,1.767852e-25,1.778905e-25,1.787685e-25,1.794658e-25,1.800194e-25,1.804588e-25,1.808075e-25,1.810841e-25,1.813036e-25,1.814777e-25,1.816159e-25,1.817254e-25,1.818123e-25,1.818812e-25,1.819359e-25,1.819792e-25,1.820136e-25,1.820409e-25,1.820625e-25,1.820796e-25,1.820932e-25,1.821040e-25,1.821125e-25,1.821193e-25,1.821247e-25,1.821290e-25,1.821323e-25
Y-102,-1.540230e-25,-1.460631e-25,-2.108615e-27,1.321581e-25,1.756357e-25,1.309356e-25,4.038269e-26,-5.359485e-26,-1.251072e-25,-1.651298e-25,-1.756404e-25,-1.636217e-25,-1.370266e-25,-1.027321e-25,-6.584774e-26,-2.975007e-26,3.585965e-27,3.319646e-26,5.878493e-26,8.045892e-26,9.854493e-26,1.134671e-25,1.256726e-25,1.355895e-25,1.436051e-25,1.500578e-25,1.552358e-25,1.593806e-25,1.626918e-25,1.653330e-25,1.674372e-25,1.691120e-25,1.704439e-25,1.715026e-25,1.723436e-25,1.730116e-25,1.735419e-25,1.739627e-25,1.742967e-25,1.745618e-25,1.747720e-25,1.749388e-25,1.750711e-25,1.751761e-25,1.752593e-25,1.753253e-25,1.753777e-25,1.754192e-25,1.754521e-25,1.754782e-25,1.754989e-25,1.755154e-25,1.755284e-25,1.755387e-25,1.755469e-25,1.755534e-25,1.755586e-25,1.755626e-25,1.755659e-25,1.755684e-25
Y-103,-1.268345e-28,1.210072e-27,1.695889e-27,1.312001e-27,4.548592e-28,-4.589884e-28,-1.167710e-27,-1.574706e-27,-1.693778e-27,-1.590416e-27,-1.341466e-27,-1.014255e-27,-6.592517e-28,-3.100650e-28,1.346056e-29,3.014777e-28,5.507764e-28,7.621903e-28,9.387646e-28,1.084550e-27,1.203857e-27,1.300833e-27,1.379242e-27,1.442377e-27,1.493050e-27,1.533618e-27,1.566032e-27,1.591889e-27,1.612490e-27,1.628888e-27,1.641930e-27,1.652297e-27,1.660533e-27,1.667074e-27,1.672266e-27,1.676388e-27,1.679659e-27,1.682254e-27,1.684313e-27,1.685947e-27,1.687243e-27,1.688270e-27,1.689085e-27,1.689732e-27,1.690245e-27,1.690651e-27,1.690974e-27,1.691230e-27,1.691432e-27,1.691593e-27,1.691721e-27,1.691822e-27,1.691902e-27,1.691966e-27,1.692016e-27,1.692056e-27,1.692088e-27,1.692113e-27,1.692133e-27,1.692149e-27
Y-104,2.774965e-28,3.720464e-28,2.790730e-28,8.783327e-29,-1.115128e-28,-2.636765e-28,-3.491957e-28,-3.720727e-28,-3.470358e-28,-2.909402e-28,-2.183919e-28,-1.402584e-28,-6.373090e-29,6.978384e-30,6.980783e-29,1.241171e-28,1.701269e-28,2.085257e-28,2.402107e-28,2.661294e-28,2.871896e-28,3.042131e-28,3.179176e-28,3.289153e-28,3.377187e-28,3.447518e-28,3.503619e-28,3.548314e-28,3.583887e-28,3.612179e-28,3.634667e-28,3.652532e-28,3.666720e-28,3.677984e-28,3.686924e-28,3.694019e-28,3.699648e-28,3.704115e-28,3.707658e-28,3.710468e-28,3.712697e-28,3.714465e-28,3.715867e-28,3.716980e-28,3.717862e-28,3.718561e-28,3.719116e-28,3.719556e-28,3.719904e-28,3.720181e-28,3.720401e-28,3.720575e-28,3.720712e-28,3.720822e-28,3.720909e-28,3.720977e-28,3.721032e-28,3.721075e-28,3.721110e-28,3.721137e-28
Y-105,5.751851e-35,-1.043253e-34,-2.249760e-34,-2.905363e-34,-3.054226e-34,-2.821135e-34,-2.344047e-34,-1.740629e-34,-1.097493e-34,-4.713932e-35,1.048199e-35,6.154176e-35,1.055903e-34,1.428530e-34,1.739173e-34,1.995288e-34,2.204659e-34,2.374697e-34,2.512089e-34,2.622662e-34,2.711374e-34,2.782372e-34,2.839085e-34,2.884317e-34,2.920350e-34,2.949028e-34,2.971834e-34,2.989960e-34,3.004360e-34,3.015796e-34,3.024874e-34,3.032080e-34,3.037798e-34,3.042335e-34,3.045935e-34,3.048790e-34,3.051055e-34,3.052852e-34,3.054276e-34,3.055407e-34,3.056303e-34,3.057014e-34,3.057577e-34,3.058024e-34,3.058379e-34,3.058660e-34,3.058883e-34,3.059060e-34,3.059200e-34,3.059311e-34,3.059400e-34,3.059469e-34,3.059525e-34,3.059569e-34,3.059604e-34,3.059631e-34,3.059653e-34,3.059671e-34,3.059684e-34,3.059695e-34
Y-106,-1.471624e-39,-2.620896e-39,-3.180901e-39,-3.228155e-39,-2.904117e-39,-2.352802e-39,-1.692109e-39,-1.006324e-39,-3.491727e-40,2.493523e-40,7.758785e-40,1.227720e-39,1.608463e-39,1.924938e-39,2.185275e-39,2.397728e-39,2.570038e-39,2.709119e-39,2.820960e-39,2.910631e-39,2.982361e-39,3.039635e-39,3.085301e-39,3.121671e-39,3.150610e-39,3.173621e-39,3.191908e-39,3.206434e-39,3.217968e-39,3.227125e-39,3.234393e-39,3.240159e-39,3.244735e-39,3.248365e-39,3.251245e-39,3.253529e-39,3.255340e-39,3.256777e-39,3.257917e-39,3.258821e-39,3.259538e-39,3.260106e-39,3.260557e-39,3.260914e-39,3.261198e-39,3.261423e-39,3.261601e-39,3.261742e-39,3.261855e-39,3.261943e-39,3.262014e-39,3.262070e-39,3.262114e-39,3.262149e-39,3.262177e-39,3.262199e-39,3.262217e-39,3.262231e-39,3.262242e-39,3.262251e-39
Y-107,-3.953746e-40,-3.410122e-40,-2.644172e-40,-1.787798e-40,-9.310371e-41,-1.285731e-41,5.911554e-41,1.217459e-40,1.750674e-40,2.197331e-40,2.566932e-40,2.869925e-40,3.116534e-40,3.316133e-40,3.476982e-40,3.606163e-40,3.709635e-40,3.792340e-40,3.858337e-40,3.910933e-40,3.952805e-40,3.986112e-40,4.012590e-40,4.033629e-40,4.050338e-40,4.063604e-40,4.074135e-40,4.082492e-40,4.089123e-40,4.094384e-40,4.098558e-40,4.101869e-40,4.104495e-40,4.106578e-40,4.108230e-40,4.109540e-40,4.110579e-40,4.111403e-40,4.112057e-40,4.112575e-40,4.112986e-40,4.113312e-40,4.113570e-40,4.113775e-40,4.113938e-40,4.114067e-40,4.114169e-40,4.114250e-40,4.114314e-40,4.114365e-40,4.114406e-40,4.114438e-40,4.114463e-40,4.114483e-40,4.114499e-40,4.114512e-40,4.114522e-40,4.114530e-40,4.114536e-40,4.114541e-40
Y-108,-5.345731e-43,-5.999816e-43,-5.798874e-43,-5.015349e-43,-3.900597e-43,-2.649253e-43,-1.394576e-43,-2.177712e-44,8.387077e-44,1.758673e-43,2.542292e-43,3.198949e-43,3.742475e-43,4.188147e-43,4.550943e-43,4.844619e-43,5.081306e-43,5.271410e-43,5.423690e-43,5.545412e-43,5.642548e-43,5.719962e-43,5.781593e-43,5.830620e-43,5.869594e-43,5.900562e-43,5.925158e-43,5.944686e-43,5.960187e-43,5.972489e-43,5.982250e-43,5.989995e-43,5.996139e-43,6.001012e-43,6.004878e-43,6.007944e-43,6.010376e-43,6.012305e-43,6.013834e-43,6.015047e-43,6.016009e-43,6.016772e-43,6.017377e-43,6.017857e-43,6.018237e-43,6.018539e-43,6.018778e-43,6.018968e-43,6.019119e-43,6.019238e-43,6.019333e-43,6.019408e-43,6.019467e-43,6.019514e-43,6.019552e-43,6.019581e-43,6.019605e-43,6.019624e-43,6.019638e-43,6.019650e-43
Zr-89,5.953035e+10,5.939315e+10,5.922057e+10,5.900367e+10,5.873127e+10,5.838957e+10,5.796150e+10,5.742617e+10,5.675814e+10,5.592681e+10,5.489581e+10,5.362273e+10,5.205936e+10,5.015270e+10,4.784759e+10,4.509120e+10,4.184053e+10,3.807331e+10,3.380243e+10,2.909290e+10,2.407782e+10,1.896699e+10,1.403887e+10,9.606347e+09,5.953513e+09,3.256493e+09,1.521707e+09,5.829921e+08,1.738727e+08,3.781347e+07,5.522137e+06,4.880530e+05,2.289786e+04,4.833921e+02,3.727773e+00,8.073872e-03,3.525609e-06,2.043456e-10,9.279956e-16,1.698596e-22,5.419467e-31,7.609168e-37,-1.328027e-36,9.482013e-37,1.153203e-36,8.601403e-37,1.273561e-36,8.301127e-37,-1.276044e-36,6.503550e-37,-3.145018e-37,4.855945e-37,-1.014884e-36,1.353863e-36,-6.048911e-37,-9.944794e-37,9.964555e-37,1.020057e-36,-5.911101e-37,-1.355152e-36
Zr-90,3.646217e+15,5.435729e+15,8.187950e+15,1.244132e+16,1.903935e+16,2.930298e+16,4.529891e+16,7.025622e+16,1.092107e+17,1.699974e+17,2.647712e+17,4.123180e+17,6.415320e+17,9.965669e+17,1.544315e+18,2.384976e+18,3.666478e+18,5.603270e+18,8.499303e+18,1.277371e+19,1.898574e+19,2.785353e+19,4.026119e+19,5.725276e+19,8.002236e+19,1.099247e+20,1.485382e+20,1.977995e+20,2.601930e+20,3.389520e+20,4.382465e+20,5.633805e+20,7.210444e+20,9.196498e+20,1.169758e+21,1.484614e+21,1.880802e+21,2.379051e+21,3.005209e+21,3.791408e+21,4.777443e+21,6.012348e+21,7.556168e+21,9.481820e+21,1.187690e+22,1.484517e+22,1.850714e+22,2.299923e+22,2.847003e+22,3.507256e+22,4.295024e+22,5.221469e+22,6.291373e+22,7.498964e+22,8.823182e+22,1.022345e+23,1.163791e+23,1.298673e+23,1.418307e+23,1.515181e+23
Zr-90m,1.328218e+08,1.254980e+08,1.168354e+08,1.067588e+08,9.528144e+07,8.255042e+07,6.889235e+07,5.484275e+07,4.113504e+07,2.862200e+07,1.811644e+07,1.017649e+07,4.917469e+06,1.965338e+06,6.182492e+05,1.438074e+05,2.285952e+04,2.248353e+03,1.207123e+02,3.020656e+00,2.886502e-02,8.192801e-05,5.031125e-08,4.482598e-12,3.500962e-17,-3.086468e-14,5.798533e-09,-2.771179e-09,4.775490e-08,-2.886719e-12,-5.323937e-09,-1.640673e-08,2.192828e-08,-2.488184e-08,-3.901606e-08,-2.050051e-08,3.597077e-08,-1.857942e-08,1.445698e-08,1.396899e-08,-1.273412e-08,-1.327665e-08,-1.559517e-08,2.663890e-09,1.374503e-08,-3.398995e-09,1.547291e-12,2.260943e-08,-7.665319e-09,3.045760e-12,-9.697440e-09,6.911376e-09,-5.485466e-09,4.863041e-09,-7.707959e-09,2.742379e-09,-3.757347e-12,3.493921e-12,-1.370655e-09,-3.224450e-13
Zr-91,1.534666e+18,2.573254e+18,4.316078e+18,7.232042e+18,1.208391e+19,2.008989e+19,3.315455e+19,5.418718e+19,8.752566e+19,1.394784e+20,2.189772e+20,3.382895e+20,5.136703e+20,7.657760e+20,1.119664e+21,1.604356e+21,2.252274e+21,3.099283e+21,4.186189e+21,5.561999e+21,7.288063e+21,9.441547e+21,1.211725e+22,1.542805e+22,1.950431e+22,2.449177e+22,3.054624e+22,3.782342e+22,4.646148e+22,5.655453e+22,6.811563e+22,8.103091e+22,9.501111e+22,1.095549e+23,1.239472e+23,1.373214e+23,1.488043e+23,1.577306e+23,1.638554e+23,1.674490e+23,1.691822e+23,1.698363e+23,1.700181e+23,1.700526e+23,1.700567e+23,1.700570e+23,1.700570e+23,1.700570e+23,1.700570e+23,1.700570e+23,1.700570e+23,1.700570e+23,1.700570e+23,1.700570e+23,1.700570e+23,1.700570e+23,1.700570e+23,1.700570e+23,1.700570e+23,1.700570e+23
Zr-92,4.425061e+21,6.481896e+21,9.517194e+21,1.392646e+22,2.020137e+22,2.889822e+22,4.055201e+22,5.551436e+22,7.371482e+22,9.439975e+22,1.159865e+23,1.362333e+23,1.528535e+23,1.644107e+23,1.709517e+23,1.738215e+23,1.747414e+23,1.749420e+23,1.749692e+23,1.749713e+23,1.749714e+23,1.749714e+23,1.749714e+23,1.749714e+23,1.749714e+23,1.749714e+23,1.749714e+23,1.749714e+23,1.749714e+23,1.749714e+23,1.749714e+23,1.749714e+23,1.749714e+23,1.749714e+23,1.749714e+23,1.749714e+23,1.749714e+23,1.749714e+23,1.749714e+23,1.749714e+23,1.749714e+23,1.749714e+23,1.749714e+23,1.749714e+23,1.749714e+23,1.749714e+23,1.749714e+23,1.749714e+23,1.749714e+23,1.749714e+23,1.749714e+23,1.749714e+23,1.749714e+23,1.749714e+23,1.749714e+23,1.749714e+23,1.749714e+23,1.749714e+23,1.749714e+23,1.749714e+23
Zr-93,1.004066e+22,1.310320e+22,1.689462e+22,2.155785e+22,2.725383e+22,3.415322e+22,4.242295e+22,5.220488e+22,6.358417e+22,7.654634e+22,9.092575e+22,1.063541e+23,1.222273e+23,1.377171e+23,1.518604e+23,1.637383e+23,1.727190e+23,1.786701e+23,1.820128e+23,1.835393e+23,1.840774e+23,1.842148e+23,1.842382e+23,1.842406e+23,1.842408e+23,1.842408e+23,1.842408e+23,1.842408e+23,1.842408e+23,1.842408e+23,1.842408e+23,1.842408e+23,1.842407e+23,1.842407e+23,1.842407e+23,1.842407e+23,1.842407e+23,1.842407e+23,1.842407e+23,1.842407e+23,1.842407e+23,1.842406e+23,1.842406e+23,1.842406e+23,1.842405e+23,1.842404e+23,1.842404e+23,1.842402e+23,1.842401e+23,1.842399e+23,1.842397e+23,1.842395e+23,1.842391e+23,1.842387e+23,1.842381e+23,1.842375e+23,1.842366e+23,1.842355e+23,1.842341e+23,1.842324e+23
Zr-94,1.660614e+23,1.755836e+23,1.818643e+23,1.853716e+23,1.869615e+23,1.875169e+23,1.876571e+23,1.876806e+23,1.876830e+23,1.876832e+23,1.876832e+23,1.876832e+23,1.876832e+23,1.876832e+23,1.876832e+23,1.876832e+23,1.876832e+23,1.876832e+23,1.876832e+23,1.876832e+23,1.876832e+23,1.876832e+23,1.876832e+23,1.876832e+23,1.876832e+23,1.876832e+23,1.876832e+23,1.876832e+23,1.876832e+23,1.876832e+23,1.876832e+23,1.876832e+23,1.876832e+23,1.876832e+23,1.876832e+23,1.876832e+23,1.876832e+23,1.876832e+23,1.876832e+23,1.876832e+23,1.876832e+23,1.876832e+23,1.876832e+23,1.876832e+23,1.876832e+23,1.876832e+23,1.876832e+23,1.876832e+23,1.876832e+23,1.876832e+23,1.876832e+23,1.876832e+23,1.876832e+23,1.876832e+23,1.876832e+23,1.876832e+23,1.876832e+23,1.876832e+23,1.876832e+23,1.876832e+23
Zr-95,1.852279e+23,1.874020e+23,1.882381e+23,1.884556e+23,1.884623e+23,1.884127e+23,1.883425e+23,1.882534e+23,1.881410e+23,1.879994e+23,1.878210e+23,1.875963e+23,1.873133e+23,1.869570e+23,1.865087e+23,1.859450e+23,1.852365e+23,1.843469e+23,1.832311e+23,1.818338e+23,1.800869e+23,1.779079e+23,1.751976e+23,1.718387e+23,1.676947e+23,1.626111e+23,1.564196e+23,1.489470e+23,1.400306e+23,1.295436e+23,1.174315e+23,1.037588e+23,8.876314e+22,7.290283e+22,5.687759e+22,4.159087e+22,2.802655e+22,1.703701e+22,9.094701e+21,4.121217e+21,1.518903e+21,4.313992e+20,8.821374e+19,1.191939e+19,9.551305e+17,3.960342e+16,7.154394e+14,4.533106e+12,7.663526e+09,2.448468e+06,9.570195e+01,2.644437e-04,2.586945e-11,3.745296e-20,-1.648956e-25,-3.911066e-24,1.764721e-25,-4.296355e-24,-5.132270e-24,-2.450732e-24
Zr-96,1.839449e+23,1.839449e+23,1.839449e+23,1.839449e+23,1.839449e+23,1.839449e+23,1.839449e+23,1.839449e+23,1.839449e+23,1.839449e+23,1.839449e+23,1.839449e+23,1.839449e+23,1.839449e+23,1.839449e+23,1.839449e+23,1.839449e+23,1.839449e+23,1.839449e+23,1.839449e+23,1.839449e+23,1.839449e+23,1.839449e+23,1.839449e+23,1.839449e+23,1.839449e+23,1.839449e+23,1.839449e+23,1.839449e+23,1.839449e+23,1.839449e+23,1.839449e+23,1.839449e+23,1.839449e+23,1.839449e+23,1.839449e+23,1.839449e+23,1.839449e+23,1.839449e+23,1.839449e+23,1.839449e+23,1.839449e+23,1.839449e+23,1.839449e+23,1.839449e+23,1.839449e+23,1.839449e+23,1.839449e+23,1.839449e+23,1.839449e+23,1.839449e+23,1.839449e+23,1.839449e+23,1.839449e+23,1.839449e+23,1.839449e+23,1.839449e+23,1.839449e+23,1.839449e+23,1.839449e+23
Zr-97,1.677539e+23,1.659514e+23,1.637061e+23,1.609180e+23,1.574696e+23,1.532263e+23,1.480379e+23,1.417450e+23,1.341893e+23,1.252329e+23,1.147857e+23,1.028449e+23,8.954164e+22,7.519073e+22,6.032561e+22,4.569496e+22,3.219184e+22,2.069736e+22,1.185797e+22,5.874371e+21,2.422621e+21,7.928620e+20,1.938595e+20,3.281723e+19,3.494314e+18,2.073517e+17,5.886531e+15,6.595343e+13,2.287939e+11,1.809553e+08,2.218279e+04,2.590760e-01,1.560574e-07,2.236129e-15,-2.041249e-24,7.591927e-25,-6.292136e-24,-4.459998e-24,-1.945212e-24,-2.964965e-24,-6.424572e-24,-4.907969e-24,7.078233e-25,-7.032887e-24,6.769585e-25,-7.094885e-24,-5.628770e-25,-2.308623e-24,-7.126527e-24,-2.128697e-24,6.198023e-25,-3.300078e-24,-6.939774e-24,-6.175210e-24,-2.790474e-24,6.082032e-27,6.770886e-25,-5.309000e-25,-2.625449e-24,-4.692776e-24
Zr-98,8.314261e-13,5.031873e-22,-4.885117e-24,6.097669e-24,9.188236e-25,-3.812630e-24,-5.233377e-24,-3.495957e-24,2.069854e-24,1.624028e-25,-2.837033e-24,2.896508e-24,-1.553612e-24,1.137830e-24,4.342802e-24,-1.730237e-24,8.110349e-25,5.109971e-24,2.526023e-24,-2.088803e-24,-3.034244e-24,-6.024842e-25,2.132780e-24,3.122184e-24,2.174956e-24,1.202604e-25,-2.103416e-24,-3.881882e-24,-4.973816e-24,-5.395837e-24,-5.289983e-24,-4.829778e-24,-4.170245e-24,-3.429349e-24,-2.686928e-24,-1.991202e-24,-1.367153e-24,-8.241548e-25,-3.619292e-25,2.520359e-26,3.455027e-25,6.080461e-25,8.217087e-25,9.946265e-25,1.133964e-24,1.245862e-24,1.335486e-24,1.407120e-24,1.464280e-24,1.509832e-24,1.546096e-24,1.574942e-24,1.597874e-24,1.616093e-24,1.630564e-24,1.642053e-24,1.651172e-24,1.658410e-24,1.664153e-24,1.668709e-24
Zr-99,2.753363e-24,-8.776837e-24,1.113976e-23,-1.734816e-24,-1.023304e-23,3.311709e-24,9.492946e-24,1.596009e-24,-6.578066e-24,-7.095252e-24,-2.279992e-24,2.794068e-24,5.304807e-24,5.082293e-24,3.220173e-24,8.995380e-25,-1.107487e-24,-2.472043e-24,-3.166767e-24,-3.313404e-24,-3.077337e-24,-2.611577e-24,-2.035132e-24,-1.430363e-24,-8.486203e-25,-3.181510e-25,1.485464e-25,5.489028e-25,8.860918e-25,1.166218e-24,1.396541e-24,1.584421e-24,1.736746e-24,1.859659e-24,1.958473e-24,2.037684e-24,2.101037e-24,2.151615e-24,2.191938e-24,2.224049e-24,2.249598e-24,2.269913e-24,2.286056e-24,2.298879e-24,2.309061e-24,2.317143e-24,2.323558e-24,2.328648e-24,2.332687e-24,2.335891e-24,2.338433e-24,2.340449e-24,2.342048e-24,2.343316e-24,2.344322e-24,2.345120e-24,2.345753e-24,2.346254e-24,2.346652e-24,2.346968e-24
Zr-100,2.971732e-25,-3.457992e-24,-1.863255e-24,4.014132e-24,-3.212156e-24,3.628648e-24,-3.990126e-24,2.064572e-24,4.350425e-25,-3.786239e-24,1.177387e-24,3.892420e-24,3.058775e-25,-3.044784e-24,-2.324065e-24,7.898120e-25,3.313726e-24,3.835118e-24,2.602842e-24,5.536616e-25,-1.455812e-24,-2.935444e-24,-3.737349e-24,-3.926088e-24,-3.656782e-24,-3.096531e-24,-2.386245e-24,-1.628949e-24,-8.918425e-25,-2.136738e-25,3.870814e-25,9.051977e-25,1.343390e-24,1.708621e-24,2.009691e-24,2.255779e-24,2.455615e-24,2.617071e-24,2.747001e-24,2.851237e-24,2.934657e-24,3.001288e-24,3.054431e-24,3.096764e-24,3.130455e-24,3.157248e-24,3.178543e-24,3.195460e-24,3.208894e-24,3.219559e-24,3.228024e-24,3.234742e-24,3.240072e-24,3.244300e-24,3.247655e-24,3.250315e-24,3.252426e-24,3.254100e-24,3.255428e-24,3.256480e-24
Zr-101,2.012982e-24,-1.593379e-24,1.030382e-24,9.829998e-25,-2.236081e-24,-1.045860e-25,1.892204e-24,2.657648e-25,-1.732788e-24,-1.537869e-24,2.051309e-25,1.789941e-24,2.278194e-24,1.713971e-24,6.038389e-25,-5.480360e-25,-1.434200e-24,-1.946818e-24,-2.108230e-24,-2.000165e-24,-1.716129e-24,-1.337224e-24,-9.239173e-25,-5.163698e-25,-1.382796e-25,1.985619e-25,4.902502e-25,7.376800e-25,9.443717e-25,1.115043e-24,1.254727e-24,1.368272e-24,1.460082e-24,1.534009e-24,1.593346e-24,1.640851e-24,1.678807e-24,1.709085e-24,1.733210e-24,1.752412e-24,1.767685e-24,1.779824e-24,1.789469e-24,1.797128e-24,1.803209e-24,1.808036e-24,1.811866e-24,1.814906e-24,1.817317e-24,1.819230e-24,1.820747e-24,1.821951e-24,1.822905e-24,1.823662e-24,1.824263e-24,1.824739e-24,1.825117e-24,1.825416e-24,1.825654e-24,1.825842e-24
Zr-102,-1.153758e-24,1.493881e-24,-1.187601e-24,4.156879e-25,4.640023e-25,-1.491955e-24,4.330230e-26,1.415146e-24,3.396464e-25,-1.014578e-24,-9.355097e-25,1.657707e-25,1.172309e-24,1.467802e-24,1.080092e-24,3.404603e-25,-4.214538e-25,-1.005142e-24,-1.341021e-24,-1.444755e-24,-1.370756e-24,-1.180937e-24,-9.288818e-25,-6.544807e-25,-3.841963e-25,-1.336174e-25,8.952249e-26,2.826891e-25,4.465081e-25,5.833316e-25,6.962959e-25,7.887417e-25,8.638822e-25,9.246350e-25,9.735529e-25,1.012815e-24,1.044246e-24,1.069359e-24,1.089393e-24,1.105354e-24,1.118059e-24,1.128163e-24,1.136195e-24,1.142576e-24,1.147643e-24,1.151666e-24,1.154860e-24,1.157394e-24,1.159404e-24,1.161000e-24,1.162265e-24,1.163269e-24,1.164065e-24,1.164697e-24,1.165198e-24,1.165595e-24,1.165910e-24,1.166160e-24,1.166358e-24,1.166515e-24
Zr-103,3.273820e-25,-1.380430e-25,-2.495640e-25,2.341012e-25,2.518277e-25,-1.365398e-25,-3.273793e-25,-1.611813e-25,1.299329e-25,3.102510e-25,3.075306e-25,1.726911e-25,-8.328753e-27,-1.689307e-25,-2.762872e-25,-3.245922e-25,-3.230890e-25,-2.863766e-25,-2.286967e-25,-1.614419e-25,-9.261722e-26,-2.723769e-26,3.196324e-26,8.382919e-26,1.282052e-25,1.655152e-25,1.964752e-25,2.219103e-25,2.426464e-25,2.594514e-25,2.730075e-25,2.839034e-25,2.926361e-25,2.996196e-25,3.051944e-25,3.096385e-25,3.131774e-25,3.159930e-25,3.182316e-25,3.200105e-25,3.214234e-25,3.225454e-25,3.234360e-25,3.241428e-25,3.247037e-25,3.251487e-25,3.255018e-25,3.257818e-25,3.260040e-25,3.261801e-25,3.263199e-25,3.264307e-25,3.265186e-25,3.265883e-25,3.266436e-25,3.266875e-25,3.267222e-25,3.267498e-25,3.267717e-25,3.267890e-25
Zr-104,4.301249e-26,-4.902034e-26,-1.440154e-26,5.291731e-26,2.176755e-26,-4.062480e-26,-5.016702e-26,-9.875249e-27,3.530194e-26,5.474802e-26,4.515990e-26,1.850570e-26,-1.140325e-26,-3.541140e-26,-4.982425e-26,-5.476021e-26,-5.221231e-26,-4.466333e-26,-3.434390e-26,-2.295327e-26,-1.163925e-26,-1.090852e-27,8.340224e-27,1.652860e-26,2.348835e-26,2.931105e-26,3.412466e-26,3.806792e-26,4.127555e-26,4.387059e-26,4.596112e-26,4.763961e-26,4.898377e-26,5.005798e-26,5.091506e-26,5.159803e-26,5.214171e-26,5.257416e-26,5.291792e-26,5.319104e-26,5.340795e-26,5.358017e-26,5.371687e-26,5.382536e-26,5.391144e-26,5.397973e-26,5.403391e-26,5.407688e-26,5.411097e-26,5.413801e-26,5.415945e-26,5.417646e-26,5.418995e-26,5.420064e-26,5.420913e-26,5.421585e-26,5.422119e-26,5.422542e-26,5.422878e-26,5.423144e-26
Zr-105,7.329082e-26,3.110341e-26,-5.613756e-26,-7.054223e-26,-1.508234e-26,4.792560e-26,7.550840e-26,6.269187e-26,2.595608e-26,-1.549133e-26,-4.885344e-26,-6.892712e-26,-7.583361e-26,-7.232304e-26,-6.184144e-26,-4.749190e-26,-3.164150e-26,-1.589079e-26,-1.201533e-27,1.193461e-26,2.334166e-26,3.303830e-26,4.115150e-26,4.785914e-26,5.335426e-26,5.782445e-26,6.144104e-26,6.435459e-26,6.669395e-26,6.856736e-26,7.006456e-26,7.125914e-26,7.221105e-26,7.296883e-26,7.357158e-26,7.405071e-26,7.443139e-26,7.473373e-26,7.497378e-26,7.516431e-26,7.531552e-26,7.543550e-26,7.553069e-26,7.560621e-26,7.566611e-26,7.571362e-26,7.575130e-26,7.578119e-26,7.580490e-26,7.582370e-26,7.583861e-26,7.585043e-26,7.585981e-26,7.586724e-26,7.587314e-26,7.587782e-26,7.588152e-26,7.588447e-26,7.588680e-26,7.588865e-26
Zr-106,-7.412278e-31,2.229601e-31,9.508754e-31,1.074369e-30,6.981790e-31,1.048881e-31,-4.601597e-31,-8.623887e-31,-1.065636e-30,-1.092878e-30,-9.911014e-31,-8.092794e-31,-5.879922e-31,-3.565096e-31,-1.336491e-31,6.996165e-32,2.494701e-31,4.037602e-31,5.339254e-31,6.422156e-31,7.313568e-31,8.041405e-31,8.631956e-31,9.108776e-31,9.492300e-31,9.799859e-31,1.004592e-30,1.024242e-30,1.039910e-30,1.052390e-30,1.062321e-30,1.070218e-30,1.076493e-30,1.081479e-30,1.085437e-30,1.088580e-30,1.091074e-30,1.093054e-30,1.094624e-30,1.095870e-30,1.096859e-30,1.097643e-30,1.098264e-30,1.098758e-30,1.099149e-30,1.099459e-30,1.099705e-30,1.099900e-30,1.100055e-30,1.100178e-30,1.100275e-30,1.100352e-30,1.100413e-30,1.100462e-30,1.100500e-30,1.100531e-30,1.100555e-30,1.100574e-30,1.100589e-30,1.100601e-30
Zr-107,1.013509e-31,8.516010e-32,3.618521e-32,-1.963946e-32,-6.486273e-32,-9.228147e-32,-1.019384e-31,-9.748499e-32,-8.355366e-32,-6.433613e-32,-4.303974e-32,-2.183881e-32,-2.043716e-33,1.567245e-32,3.106539e-32,4.415572e-32,5.511185e-32,6.417205e-32,7.159582e-32,7.763578e-32,8.252294e-32,8.646040e-32,8.962209e-32,9.215418e-32,9.417786e-32,9.579257e-32,9.707930e-32,9.810363e-32,9.891841e-32,9.956610e-32,1.000807e-31,1.004894e-31,1.008139e-31,1.010715e-31,1.012759e-31,1.014381e-31,1.015668e-31,1.016689e-31,1.017498e-31,1.018141e-31,1.018650e-31,1.019054e-31,1.019375e-31,1.019629e-31,1.019830e-31,1.019990e-31,1.020117e-31,1.020217e-31,1.020297e-31,1.020360e-31,1.020411e-31,1.020450e-31,1.020482e-31,1.020507e-31,1.020527e-31,1.020542e-31,1.020555e-31,1.020565e-31,1.020573e-31,1.020579e-31
Zr-108,-7.952527e-36,-1.063585e-34,-1.716657e-34,-2.005692e-34,-1.989056e-34,-1.757166e-34,-1.397704e-34,-9.805792e-35,-5.547798e-35,-1.509084e-35,2.144264e-35,5.342698e-35,8.077840e-35,1.037659e-34,1.228355e-34,1.384987e-34,1.512660e-34,1.616116e-34,1.699562e-34,1.766627e-34,1.820375e-34,1.863354e-34,1.897663e-34,1.925012e-34,1.946790e-34,1.964116e-34,1.977892e-34,1.988838e-34,1.997533e-34,2.004437e-34,2.009917e-34,2.014266e-34,2.017718e-34,2.020456e-34,2.022628e-34,2.024352e-34,2.025719e-34,2.026803e-34,2.027663e-34,2.028345e-34,2.028885e-34,2.029314e-34,2.029655e-34,2.029924e-34,2.030138e-34,2.030308e-34,2.030442e-34,2.030549e-34,2.030634e-34,2.030701e-34,2.030754e-34,2.030796e-34,2.030830e-34,2.030856e-34,2.030877e-34,2.030894e-34,2.030907e-34,2.030918e-34,2.030926e-34,2.030933e-34
Zr-109,2.038443e-31,7.954564e-32,-5.775430e-32,-1.667803e-31,-2.313014e-31,-2.523393e-31,-2.392748e-31,-2.035714e-31,-1.554472e-31,-1.026465e-31,-5.037721e-32,-1.748874e-33,4.166540e-32,7.932014e-32,1.113007e-31,1.380412e-31,1.601380e-31,1.782335e-31,1.929495e-31,2.048527e-31,2.144402e-31,2.221371e-31,2.283004e-31,2.332254e-31,2.371548e-31,2.402857e-31,2.427781e-31,2.447604e-31,2.463362e-31,2.475882e-31,2.485825e-31,2.493719e-31,2.499985e-31,2.504957e-31,2.508903e-31,2.512033e-31,2.514516e-31,2.516486e-31,2.518049e-31,2.519288e-31,2.520271e-31,2.521050e-31,2.521669e-31,2.522159e-31,2.522548e-31,2.522856e-31,2.523101e-31,2.523294e-31,2.523448e-31,2.523570e-31,2.523667e-31,2.523744e-31,2.523804e-31,2.523853e-31,2.523891e-31,2.523921e-31,2.523945e-31,2.523964e-31,2.523979e-31,2.523991e-31
Zr-110,2.703914e-33,-6.467260e-34,-3.492036e-33,-5.310479e-33,-6.049213e-33,-5.903374e-33,-5.147154e-33,-4.038179e-33,-2.778125e-33,-1.506303e-33,-3.084252e-34,7.700258e-34,1.711020e-33,2.513737e-33,3.187143e-33,3.745000e-33,4.202718e-33,4.575505e-33,4.877387e-33,5.120760e-33,5.316280e-33,5.472927e-33,5.598160e-33,5.698108e-33,5.777770e-33,5.841196e-33,5.891654e-33,5.931767e-33,5.963641e-33,5.988957e-33,6.009058e-33,6.025013e-33,6.037676e-33,6.047724e-33,6.055696e-33,6.062021e-33,6.067038e-33,6.071017e-33,6.074173e-33,6.076676e-33,6.078662e-33,6.080236e-33,6.081485e-33,6.082475e-33,6.083260e-33,6.083883e-33,6.084377e-33,6.084769e-33,6.085079e-33,6.085326e-33,6.085521e-33,6.085676e-33,6.085799e-33,6.085896e-33,6.085973e-33,6.086035e-33,6.086083e-33,6.086122e-33,6.086152e-33,6.086177e-33
Nb-92,6.586186e+11,6.586186e+11,6.586186e+11,6.586186e+11,6.586186e+11,6.586186e+11,6.586186e+11,6.586186e+11,6.586186e+11,6.586186e+11,6.586186e+11,6.586186e+11,6.586186e+11,6.586186e+11,6.586186e+11,6.586186e+11,6.586186e+11,6.586186e+11,6.586186e+11,6.586186e+11,6.586186e+11,6.586186e+11,6.586186e+11,6.586186e+11,6.586186e+11,6.586186e+11,6.586186e+11,6.586186e+11,6.586186e+11,6.586186e+11,6.586186e+11,6.586186e+11,6.586186e+11,6.586186e+11,6.586186e+11,6.586186e+11,6.586186e+11,6.586186e+11,6.586186e+11,6.586186e+11,6.586186e+11,6.586186e+11,6.586186e+11,6.586186e+11,6.586186e+11,6.586186e+11,6.586186e+11,6.586186e+11,6.586185e+11,6.586185e+11,6.586185e+11,6.586184e+11,6.586184e+11,6.586183e+11,6.586182e+11,6.586181e+11,6.586180e+11,6.586178e+11,6.586176e+11,6.586173e+11
Nb-93,1.050364e+14,1.050404e+14,1.050468e+14,1.050572e+14,1.050737e+14,1.051000e+14,1.051414e+14,1.052058e+14,1.053051e+14,1.054568e+14,1.056855e+14,1.060253e+14,1.065220e+14,1.072348e+14,1.082369e+14,1.096150e+14,1.114693e+14,1.139139e+14,1.170828e+14,1.211415e+14,1.263045e+14,1.328553e+14,1.411660e+14,1.517217e+14,1.651522e+14,1.822783e+14,2.041765e+14,2.322705e+14,2.684601e+14,3.153076e+14,3.763083e+14,4.562892e+14,5.620024e+14,7.030167e+14,8.930687e+14,1.152123e+15,1.509529e+15,2.008886e+15,2.715539e+15,3.728166e+15,5.196670e+15,7.349757e+15,1.053730e+16,1.529510e+16,2.244302e+16,3.323239e+16,4.956412e+16,7.430584e+16,1.117419e+17,1.681919e+17,2.528257e+17,3.786748e+17,5.637888e+17,8.324007e+17,1.215874e+18,1.753174e+18,2.490736e+18,3.482045e+18,4.787873e+18,6.478636e+18
Nb-93m,2.485270e+13,2.500492e+13,2.525377e+13,2.565609e+13,2.630019e+13,2.732218e+13,2.892960e+13,3.143500e+13,3.530187e+13,4.120486e+13,5.010375e+13,6.332682e+13,8.265252e+13,1.103722e+14,1.493155e+14,2.028313e+14,2.747523e+14,3.694192e+14,4.918700e+14,6.482623e+14,8.464854e+14,1.096821e+15,1.412566e+15,1.810675e+15,2.312585e+15,2.945319e+15,3.742914e+15,4.748226e+15,6.015192e+15,7.611662e+15,9.622935e+15,1.215615e+16,1.534576e+16,1.936025e+16,2.441041e+16,3.075942e+16,3.873498e+16,4.874375e+16,6.128816e+16,7.698551e+16,9.658879e+16,1.210079e+17,1.513286e+17,1.888257e+17,2.349626e+17,2.913668e+17,3.597683e+17,4.418776e+17,5.391838e+17,6.526476e+17,7.822802e+17,9.266270e+17,1.082238e+18,1.243289e+18,1.401632e+18,1.547577e+18,1.671604e+18,1.766779e+18,1.831030e+18,1.867963e+18
Nb-94,7.148017e+15,7.151154e+15,7.151751e+15,7.151822e+15,7.151827e+15,7.151827e+15,7.151827e+15,7.151827e+15,7.151827e+15,7.151827e+15,7.151827e+15,7.151827e+15,7.151826e+15,7.151826e+15,7.151826e+15,7.151826e+15,7.151826e+15,7.151825e+15,7.151825e+15,7.151825e+15,7.151824e+15,7.151823e+15,7.151822e+15,7.151821e+15,7.151820e+15,7.151818e+15,7.151815e+15,7.151812e+15,7.151809e+15,7.151804e+15,7.151798e+15,7.151790e+15,7.151780e+15,7.151768e+15,7.151753e+15,7.151734e+15,7.151709e+15,7.151678e+15,7.151640e+15,7.151591e+15,7.151529e+15,7.151451e+15,7.151353e+15,7.151230e+15,7.151074e+15,7.150877e+15,7.150629e+15,7.150317e+15,7.149923e+15,7.149426e+15,7.148799e+15,7.148009e+15,7.147013e+15,7.145757e+15,7.144173e+15,7.142176e+15,7.139659e+15,7.136487e+15,7.132488e+15,7.127449e+15
Nb-94m,3.828605e+12,6.764858e+11,7.602878e+10,4.829549e+09,1.494044e+08,1.865452e+06,7.418453e+03,6.970236e+00,1.061760e-03,1.630781e-08,1.387594e-14,3.073562e-22,1.324733e-31,6.590715e-33,-6.796098e-33,-6.096276e-32,-2.599285e-32,-3.552419e-32,-6.607117e-32,-5.732673e-34,5.433258e-32,-6.549394e-32,6.581953e-32,-6.009153e-32,3.098048e-32,2.861735e-32,-6.605158e-32,7.135325e-33,6.594792e-32,7.645342e-33,-5.912386e-32,-5.384353e-32,1.035879e-33,5.080566e-32,6.600898e-32,4.837706e-32,1.403014e-32,-2.119697e-32,-4.777180e-32,-6.246265e-32,-6.610420e-32,-6.135602e-32,-5.120872e-32,-3.823322e-32,-2.433217e-32,-1.075846e-32,1.758354e-33,1.286499e-32,2.245597e-32,3.057533e-32,3.734782e-32,4.293384e-32,4.750182e-32,5.121257e-32,5.421148e-32,5.662535e-32,5.856221e-32,6.011248e-32,6.135091e-32,6.233870e-32
Nb-95,6.650145e+19,8.820879e+19,1.157832e+20,1.506324e+20,1.945832e+20,2.499736e+20,3.197610e+20,4.076660e+20,5.183592e+20,6.576962e+20,8.330064e+20,1.053446e+21,1.330422e+21,1.678103e+21,2.114010e+21,2.659689e+21,3.341451e+21,4.191115e+21,5.246671e+21,6.552700e+21,8.160249e+21,1.012573e+22,1.250821e+22,1.536404e+22,1.873782e+22,2.264804e+22,2.706639e+22,3.189008e+22,3.690903e+22,4.177355e+22,4.597524e+22,4.886228e+22,4.971696e+22,4.791847e+22,4.318397e+22,3.581816e+22,2.682736e+22,1.773604e+22,1.007297e+22,4.757666e+21,1.796638e+21,5.164432e+20,1.061045e+20,1.435682e+19,1.150779e+18,4.771753e+16,8.620239e+14,5.461883e+12,9.233687e+09,2.950129e+06,1.153101e+02,3.186250e-04,3.116978e-11,4.513421e-20,8.093873e-25,-5.362432e-24,9.579484e-25,1.120447e-24,2.501260e-24,-3.393698e-24
Nb-95m,1.404338e+18,1.638358e+18,1.935024e+18,2.308962e+18,2.778962e+18,3.368755e+18,4.107828e+18,5.032427e+18,6.186713e+18,7.623957e+18,9.407590e+18,1.161183e+19,1.432144e+19,1.763004e+19,2.163590e+19,2.643406e+19,3.210328e+19,3.868628e+19,4.616251e+19,5.441445e+19,6.319201e+19,7.208536e+19,8.052283e+19,8.781431e+19,9.325416e+19,9.627389e+19,9.659507e+19,9.430081e+19,8.976299e+19,8.345276e+19,7.576251e+19,6.696223e+19,5.728693e+19,4.705098e+19,3.670840e+19,2.684246e+19,1.808814e+19,1.099557e+19,5.869657e+18,2.659805e+18,9.802896e+17,2.784220e+17,5.693254e+16,7.692690e+15,6.164346e+14,2.555977e+13,4.617396e+11,2.925635e+09,4.945987e+06,1.580224e+03,6.176537e-02,1.706702e-07,1.669596e-14,2.426604e-23,6.985826e-28,2.264134e-27,1.913197e-27,-3.209279e-27,-1.190654e-27,3.329535e-27
Nb-96,1.532199e+19,1.520373e+19,1.505589e+19,1.487151e+19,1.464222e+19,1.435810e+19,1.400768e+19,1.357794e+19,1.305478e+19,1.242369e+19,1.167119e+19,1.078688e+19,9.766629e+18,8.616475e+18,7.357168e+18,6.028095e+18,4.688807e+18,3.415558e+18,2.290567e+18,1.383983e+18,7.331656e+17,3.290392e+17,1.198027e+17,3.350815e+16,6.720509e+15,8.861772e+14,6.885943e+13,2.746493e+12,4.724591e+10,2.814393e+08,4.401681e+05,1.274862e+02,4.402938e-03,1.040828e-08,8.363052e-16,9.444797e-25,5.263268e-29,1.078205e-28,1.916982e-28,-1.832916e-28,-2.198183e-28,1.483879e-29,3.538750e-28,-1.120889e-28,-1.043233e-28,1.612476e-28,-9.017555e-29,-1.035716e-28,3.239471e-28,-2.781765e-28,-1.513378e-28,3.277447e-28,1.855524e-28,-2.353052e-28,-3.426485e-28,-1.013214e-28,2.026913e-28,3.512065e-28,3.063114e-28,1.402320e-28
Nb-97,5.499986e+21,6.405806e+21,7.344516e+21,8.261621e+21,9.086127e+21,9.738227e+21,1.014357e+22,1.025125e+22,1.004824e+22,9.561184e+21,8.842350e+21,7.948165e+21,6.925975e+21,5.816835e+21,4.666931e+21,3.535073e+21,2.490440e+21,1.601198e+21,9.173615e+20,4.544557e+20,1.874199e+20,6.133774e+19,1.499745e+19,2.538821e+18,2.703287e+17,1.604123e+16,4.553964e+14,5.102318e+12,1.770005e+10,1.399914e+07,1.716114e+03,2.004275e-02,1.207298e-08,1.729921e-16,2.430953e-25,-2.216400e-26,-1.186876e-25,1.011352e-25,-1.406899e-25,-2.124827e-25,-1.194337e-25,1.641982e-25,4.409927e-25,-4.219421e-25,1.581253e-26,-5.773331e-25,5.423639e-26,8.508243e-26,-1.419667e-25,3.411029e-25,5.962419e-25,2.903288e-25,-2.566648e-26,-1.972781e-26,1.804451e-25,3.338709e-25,3.261233e-25,1.787195e-25,-3.054324e-26,-2.308536e-25
Nb-97m,1.553737e+20,1.537043e+20,1.516247e+20,1.490423e+20,1.458484e+20,1.419183e+20,1.371128e+20,1.312843e+20,1.242862e+20,1.159908e+20,1.063146e+20,9.525501e+19,8.293352e+19,6.964171e+19,5.587362e+19,4.232270e+19,2.981611e+19,1.916991e+19,1.098286e+19,5.440846e+18,2.243833e+18,7.343493e+17,1.795528e+17,3.039534e+16,3.236436e+15,1.920492e+14,5.452108e+12,6.108611e+10,2.119090e+08,1.676009e+05,2.054571e+01,2.399564e-04,1.445404e-10,2.071101e-18,1.707345e-27,4.761083e-27,-2.159363e-27,-8.559016e-28,1.103120e-27,-1.741120e-28,-3.668265e-27,-2.510502e-27,2.483959e-27,-4.856707e-27,2.143791e-27,-5.168739e-27,7.887473e-28,-9.026744e-28,-5.424860e-27,-8.437963e-28,1.663557e-27,-1.997608e-27,-5.393057e-27,-4.704311e-27,-1.584793e-27,9.931145e-28,1.604857e-27,4.782785e-28,-1.467839e-27,-3.387475e-27
Nb-98,8.541230e-14,5.145218e-23,2.981601e-25,-6.168975e-26,-4.985255e-25,2.749740e-25,-3.232107e-25,-7.752185e-25,1.422216e-25,5.026129e-25,2.255463e-25,3.944529e-25,-5.268191e-25,-4.913246e-25,-1.445899e-25,-5.847535e-25,-8.481367e-26,5.733519e-25,4.659769e-25,8.531515e-26,2.654284e-26,2.746205e-25,5.283415e-25,5.888687e-25,4.449454e-25,1.871473e-25,-8.497113e-26,-3.067417e-25,-4.528179e-25,-5.249616e-25,-5.381507e-25,-5.107495e-25,-4.592651e-25,-3.963783e-25,-3.308034e-25,-2.679424e-25,-2.107452e-25,-1.604959e-25,-1.174322e-25,-8.118858e-26,-5.109394e-26,-2.635922e-26,-6.188331e-27,1.016173e-26,2.335267e-26,3.395599e-26,4.245489e-26,4.925171e-26,5.467771e-26,5.900333e-26,6.244791e-26,6.518852e-26,6.736754e-26,6.909909e-26,7.047448e-26,7.156658e-26,7.243352e-26,7.312157e-26,7.366755e-26,7.410073e-26
Nb-98m,4.972484e+20,4.024106e+20,3.081597e+20,2.201052e+20,1.439914e+20,8.432119e+19,4.294112e+19,1.833630e+19,6.270228e+18,1.620345e+18,2.941241e+17,3.419876e+16,2.267526e+15,7.404251e+13,9.896933e+11,4.288989e+09,4.491145e+06,7.843142e+02,1.431221e-02,1.513416e-08,4.409201e-16,1.603361e-25,-1.399544e-26,1.193076e-26,-2.509131e-26,-1.895906e-26,-2.060325e-26,-2.424909e-26,7.166519e-27,1.632564e-26,-2.352346e-26,2.408580e-26,-2.068206e-26,8.144349e-27,1.401395e-26,-2.482660e-26,-7.728205e-29,2.525372e-26,5.106347e-27,-2.161455e-26,-2.152138e-26,-1.164810e-27,1.847398e-26,2.525179e-26,1.919862e-26,6.308344e-27,-7.260177e-27,-1.768886e-26,-2.360511e-26,-2.525211e-26,-2.361945e-26,-1.985191e-26,-1.494622e-26,-9.646397e-27,-4.446128e-27,3.643987e-28,4.642301e-27,8.342237e-27,1.147811e-26,1.409608e-26
Nb-99,9.541610e+12,1.240945e+11,5.195347e+08,5.208481e+05,8.610010e+01,1.466077e-03,1.420684e-09,3.707593e-17,7.561974e-24,2.305911e-24,1.186696e-24,-1.147590e-24,-7.020425e-24,-3.693662e-24,1.249055e-24,1.129692e-24,-4.210636e-25,3.816143e-25,3.005574e-24,5.170891e-24,5.609466e-24,4.396020e-24,2.298831e-24,1.095834e-25,-1.692754e-24,-2.926984e-24,-3.601849e-24,-3.824042e-24,-3.730289e-24,-3.445456e-24,-3.065143e-24,-2.654332e-24,-2.253067e-24,-1.883485e-24,-1.555846e-24,-1.273009e-24,-1.033518e-24,-8.336411e-25,-6.686572e-25,-5.336320e-25,-4.238584e-25,-3.350786e-25,-2.635720e-25,-2.061642e-25,-1.601933e-25,-1.234553e-25,-9.414286e-26,-7.078488e-26,-5.219049e-26,-3.740002e-26,-2.564271e-26,-1.630123e-26,-8.882130e-27,-2.991664e-27,1.683962e-27,5.394559e-27,8.338842e-27,1.067478e-26,1.252789e-26,1.399784e-26
Nb-99m,4.293725e+15,5.584251e+13,2.337906e+11,2.343817e+08,3.874505e+04,6.597347e-01,6.393077e-07,1.668417e-14,8.591141e-24,1.733450e-24,7.260804e-25,-3.039105e-24,-3.089389e-24,-2.888202e-24,-2.438388e-24,4.150268e-25,2.090978e-24,-1.790646e-25,3.150863e-24,1.248737e-25,1.951082e-24,1.877934e-24,-8.656377e-25,5.069757e-25,1.777572e-24,1.660953e-25,-1.747542e-24,-1.881364e-24,-7.133064e-25,4.036624e-25,7.070338e-25,2.117086e-25,-6.953108e-25,-1.623235e-24,-2.333368e-24,-2.743082e-24,-2.871790e-24,-2.785352e-24,-2.558595e-24,-2.256266e-24,-1.926584e-24,-1.601558e-24,-1.300062e-24,-1.031482e-24,-7.989205e-25,-6.016548e-25,-4.368738e-25,-3.008131e-25,-1.894574e-25,-9.894129e-26,-2.575359e-26,3.317899e-26,8.047972e-26,1.183482e-25,1.486048e-25,1.727415e-25,1.919723e-25,2.072794e-25,2.194538e-25,2.291307e-25
Nb-100,1.950073e-26,-1.368040e-24,3.520670e-25,1.070907e-24,-1.898308e-24,6.526772e-25,-2.392678e-25,1.558089e-24,4.153345e-25,-1.533367e-24,-6.098447e-25,1.951643e-25,-3.870487e-25,-8.255725e-25,-2.436476e-25,8.436696e-25,1.632538e-24,1.770748e-24,1.360378e-24,6.851712e-25,9.370874e-29,-5.459890e-25,-9.026297e-25,-1.081318e-24,-1.121221e-24,-1.066866e-24,-9.569813e-25,-8.207606e-25,-6.780151e-25,-5.409244e-25,-4.161036e-25,-3.064285e-25,-2.124422e-25,-1.333521e-25,-6.769105e-26,-1.373313e-26,3.026258e-26,6.592001e-26,9.468474e-26,1.178048e-25,1.363349e-25,1.511531e-25,1.629822e-25,1.724120e-25,1.799209e-25,1.858950e-25,1.906449e-25,1.944193e-25,1.974173e-25,1.997979e-25,2.016875e-25,2.031873e-25,2.043774e-25,2.053216e-25,2.060706e-25,2.066648e-25,2.071361e-25,2.075100e-25,2.078065e-25,2.080416e-25
Nb-100m,-1.618087e-25,1.745944e-25,-1.370583e-25,2.340027e-26,1.469154e-25,-1.959144e-25,-3.207101e-26,2.065654e-25,6.630100e-26,-1.663531e-25,-1.875526e-25,-2.711192e-26,1.417610e-25,2.087247e-25,1.665786e-25,6.277417e-26,-5.060569e-26,-1.399748e-25,-1.923754e-25,-2.089254e-25,-1.974915e-25,-1.675619e-25,-1.275485e-25,-8.380417e-26,-4.058837e-26,-4.355181e-28,3.537979e-26,6.642364e-26,9.277697e-26,1.148045e-25,1.330018e-25,1.479007e-25,1.600152e-25,1.698129e-25,1.777038e-25,1.840382e-25,1.891100e-25,1.931628e-25,1.963961e-25,1.989723e-25,2.010230e-25,2.026541e-25,2.039506e-25,2.049807e-25,2.057988e-25,2.064483e-25,2.069638e-25,2.073729e-25,2.076976e-25,2.079551e-25,2.081594e-25,2.083215e-25,2.084500e-25,2.085520e-25,2.086329e-25,2.086970e-25,2.087479e-25,2.087882e-25,2.088202e-25,2.088455e-25
Nb-101,-2.694160e-24,-8.588245e-25,-3.320136e-24,2.718521e-24,-1.069459e-24,3.999874e-24,-7.231040e-24,2.449379e-24,3.572708e-24,-1.716407e-24,1.204371e-24,1.783063e-24,-3.215448e-24,-6.322249e-24,-3.880198e-24,1.418582e-24,5.670922e-24,7.079378e-24,5.954747e-24,3.490520e-24,8.077289e-25,-1.411096e-24,-2.906799e-24,-3.694141e-24,-3.916125e-24,-3.747002e-24,-3.342504e-24,-2.821889e-24,-2.267125e-24,-1.729276e-24,-1.236619e-24,-8.019734e-25,-4.284253e-25,-1.134175e-25,1.485153e-25,3.640187e-25,5.398939e-25,6.825365e-25,7.976685e-25,8.902467e-25,9.644704e-25,1.023841e-24,1.071245e-24,1.109041e-24,1.139141e-24,1.163091e-24,1.182135e-24,1.197269e-24,1.209290e-24,1.218836e-24,1.226414e-24,1.232428e-24,1.237200e-24,1.240987e-24,1.243991e-24,1.246374e-24,1.248264e-24,1.249763e-24,1.250952e-24,1.251895e-24
Nb-102,-2.893915e-25,1.164123e-25,3.105804e-25,1.853959e-24,-6.462243e-24,8.363041e-24,-7.934333e-25,-8.396048e-24,1.796671e-24,7.788152e-24,2.351879e-24,-4.594356e-24,-6.072469e-24,-1.322501e-20,-3.746233e-24,3.548586e-24,4.090260e-24,3.255911e-24,1.845326e-24,4.451082e-25,-6.472290e-25,-1.350873e-24,-1.704516e-24,-1.793023e-24,-1.705252e-24,-1.515273e-24,-1.277372e-24,-1.027650e-24,-7.879415e-25,-5.699340e-25,-3.786139e-25,-2.148480e-25,-7.717373e-26,3.702927e-26,1.308129e-25,2.072386e-25,2.691517e-25,3.190786e-25,3.591962e-25,3.913419e-25,4.170435e-25,4.375574e-25,4.539086e-25,4.669278e-25,4.772852e-25,4.855195e-25,4.920625e-25,4.972594e-25,5.013858e-25,5.046613e-25,5.072609e-25,5.093236e-25,5.109602e-25,5.122585e-25,5.132884e-25,5.141053e-25,5.147532e-25,5.152671e-25,5.156747e-25,5.159979e-25
Nb-102m,-5.475743e+02,2.485996e+02,-5.303562e+00,1.946353e+01,1.879420e+00,-1.374172e-02,1.027063e-02,2.470965e-04,-3.044336e-06,6.286633e-09,6.399807e-12,-4.548729e-15,2.303465e-18,3.605932e-21,-2.233510e-24,-5.101234e-25,-5.073124e-25,-4.491794e-25,-3.581212e-25,-2.520539e-25,-1.435640e-25,-4.053376e-26,5.274305e-26,1.344530e-25,2.043573e-25,2.631271e-25,3.118923e-25,3.519539e-25,3.846135e-25,4.110810e-25,4.324313e-25,4.495915e-25,4.633449e-25,4.743432e-25,4.831230e-25,4.901220e-25,4.956953e-25,5.001295e-25,5.036551e-25,5.064566e-25,5.086818e-25,5.104487e-25,5.118514e-25,5.129645e-25,5.138479e-25,5.145487e-25,5.151047e-25,5.155457e-25,5.158956e-25,5.161730e-25,5.163931e-25,5.165677e-25,5.167061e-25,5.168159e-25,5.169029e-25,5.169720e-25,5.170267e-25,5.170702e-25,5.171046e-25,5.171319e-25
Nb-103,-2.283084e-24,3.536660e-24,-1.259399e-24,-2.430509e-24,1.436517e-24,2.212189e-24,-1.702021e-25,-1.859680e-24,-1.480729e-24,-6.780703e-26,1.086857e-24,1.449492e-24,1.134656e-24,4.926863e-25,-1.684598e-25,-6.745090e-25,-9.699506e-25,-1.071317e-24,-1.025759e-24,-8.850560e-25,-6.931749e-25,-4.824469e-25,-2.741413e-25,-8.072416e-26,9.162675e-26,2.408630e-25,3.674319e-25,4.731393e-25,5.604067e-25,6.318167e-25,6.898542e-25,7.367753e-25,7.745533e-25,8.048724e-25,8.291438e-25,8.485353e-25,8.640040e-25,8.763281e-25,8.861373e-25,8.939389e-25,9.001399e-25,9.050664e-25,9.089788e-25,9.120850e-25,9.145504e-25,9.165069e-25,9.180593e-25,9.192909e-25,9.202680e-25,9.210430e-25,9.216577e-25,9.221453e-25,9.225320e-25,9.228387e-25,9.230819e-25,9.232748e-25,9.234277e-25,9.235491e-25,9.236453e-25,9.237216e-25
Nb-104,1.905746e-25,2.198758e-26,-9.028486e-26,7.419902e-26,-1.206628e-25,2.563844e-27,2.925701e-25,-2.003370e-25,-1.406359e-25,1.718683e-25,6.374434e-26,-2.042912e-25,-2.308376e-25,-1.756918e-26,2.202740e-25,3.290337e-25,2.882425e-25,1.553598e-25,-4.370576e-28,-1.317072e-25,-2.178906e-25,-2.577465e-25,-2.599130e-25,-2.359826e-25,-1.966887e-25,-1.503868e-25,-1.028488e-25,-5.764877e-26,-1.671845e-26,1.913066e-26,4.979120e-26,7.555980e-26,9.693520e-26,1.144908e-25,1.287995e-25,1.403931e-25,1.497437e-25,1.572582e-25,1.632803e-25,1.680956e-25,1.719394e-25,1.750033e-25,1.774430e-25,1.793841e-25,1.809273e-25,1.821535e-25,1.831276e-25,1.839009e-25,1.845149e-25,1.850021e-25,1.853887e-25,1.856955e-25,1.859388e-25,1.861318e-25,1.862850e-25,1.864064e-25,1.865027e-25,1.865791e-25,1.866397e-25,1.866878e-25
Nb-104m,-1.738697e-25,-3.199658e-26,1.842733e-25,6.180698e-26,-1.473418e-25,-1.686555e-25,-2.609810e-26,1.255610e-25,1.866035e-25,1.497736e-25,5.725982e-26,-4.424729e-26,-1.244980e-25,-1.717302e-25,-1.868454e-25,-1.768432e-25,-1.502102e-25,-1.144867e-25,-7.537564e-26,-3.670522e-26,-7.565623e-28,3.132040e-26,5.913120e-26,8.274452e-26,1.024846e-25,1.187940e-25,1.321485e-25,1.430078e-25,1.517908e-25,1.588647e-25,1.645435e-25,1.690905e-25,1.727240e-25,1.756228e-25,1.779325e-25,1.797712e-25,1.812335e-25,1.823960e-25,1.833195e-25,1.840530e-25,1.846353e-25,1.850976e-25,1.854644e-25,1.857554e-25,1.859864e-25,1.861695e-25,1.863148e-25,1.864301e-25,1.865215e-25,1.865940e-25,1.866515e-25,1.866971e-25,1.867333e-25,1.867620e-25,1.867847e-25,1.868028e-25,1.868171e-25,1.868284e-25,1.868374e-25,1.868445e-25
Nb-105,-2.564862e-25,1.319440e-25,-7.193651e-26,1.345868e-25,1.325751e-25,-2.405331e-25,-1.054170e-25,1.069870e-25,1.285127e-26,-1.359643e-25,-1.004480e-25,7.226222e-26,2.277256e-25,2.767498e-25,2.215277e-25,1.094542e-25,-1.075713e-26,-1.083326e-25,-1.714461e-25,-2.009904e-25,-2.039344e-25,-1.887412e-25,-1.629653e-25,-1.323736e-25,-1.009006e-25,-7.096143e-26,-4.385297e-26,-2.011669e-26,1.773755e-28,1.722803e-26,3.136776e-26,4.297789e-26,5.243881e-26,6.010324e-26,6.628401e-26,7.125061e-26,7.523042e-26,7.841252e-26,8.095241e-26,8.297695e-26,8.458896e-26,8.587143e-26,8.689103e-26,8.770121e-26,8.834472e-26,8.885567e-26,8.926127e-26,8.958316e-26,8.983858e-26,9.004124e-26,9.020201e-26,9.032954e-26,9.043070e-26,9.051093e-26,9.057457e-26,9.062504e-26,9.066506e-26,9.069681e-26,9.072198e-26,9.074194e-26
Nb-106,-9.884424e-27,-9.808510e-28,1.026077e-26,2.812557e-27,-8.462237e-27,-9.083261e-27,-1.002061e-27,7.215454e-27,1.031175e-26,8.077090e-27,2.896852e-27,-2.679068e-27,-7.031327e-27,-9.551452e-27,-1.031208e-26,-9.707848e-27,-8.206801e-27,-6.220954e-27,-4.060059e-27,-1.930959e-27,4.384566e-29,1.803241e-27,3.326950e-27,4.619628e-27,5.699610e-27,6.591482e-27,7.321499e-27,7.914956e-27,8.394840e-27,8.781279e-27,9.091461e-27,9.339800e-27,9.538227e-27,9.696524e-27,9.822649e-27,9.923041e-27,1.000289e-26,1.006636e-26,1.011678e-26,1.015683e-26,1.018862e-26,1.021386e-26,1.023388e-26,1.024977e-26,1.026238e-26,1.027238e-26,1.028032e-26,1.028661e-26,1.029160e-26,1.029556e-26,1.029870e-26,1.030119e-26,1.030316e-26,1.030473e-26,1.030597e-26,1.030695e-26,1.030773e-26,1.030835e-26,1.030884e-26,1.030923e-26
Nb-107,-1.415968e-27,-3.172782e-28,9.461066e-28,1.507067e-27,1.258862e-27,5.282062e-28,-3.004123e-28,-9.695493e-28,-1.373728e-27,-1.514472e-27,-1.446368e-27,-1.238239e-27,-9.522109e-28,-6.357486e-28,-3.209872e-28,-2.726573e-29,2.355055e-28,4.637541e-28,6.578193e-28,8.202197e-28,9.545013e-28,1.064520e-27,1.154024e-27,1.226441e-27,1.284783e-27,1.331629e-27,1.369146e-27,1.399129e-27,1.423052e-27,1.442116e-27,1.457292e-27,1.469363e-27,1.478959e-27,1.486583e-27,1.492638e-27,1.497445e-27,1.501261e-27,1.504289e-27,1.506692e-27,1.508599e-27,1.510111e-27,1.511311e-27,1.512262e-27,1.513017e-27,1.513616e-27,1.514091e-27,1.514467e-27,1.514766e-27,1.515002e-27,1.515190e-27,1.515339e-27,1.515457e-27,1.515551e-27,1.515625e-27,1.515684e-27,1.515731e-27,1.515768e-27,1.515797e-27,1.515821e-27,1.515839e-27
Nb-108,3.287519e-29,5.800525e-29,5.103164e-29,2.374718e-29,-8.661363e-30,-3.557473e-29,-5.236383e-29,-5.877619e-29,-5.681106e-29,-4.913764e-29,-3.821856e-29,-2.596079e-29,-1.366999e-29,-2.141801e-30,8.207778e-30,1.722010e-29,2.489677e-29,3.132970e-29,3.665435e-29,4.102039e-29,4.457454e-29,4.745156e-29,4.977028e-29,5.163264e-29,5.312446e-29,5.431693e-29,5.526853e-29,5.602692e-29,5.663070e-29,5.711099e-29,5.749281e-29,5.779619e-29,5.803714e-29,5.822845e-29,5.838031e-29,5.850083e-29,5.859645e-29,5.867232e-29,5.873251e-29,5.878026e-29,5.881813e-29,5.884817e-29,5.887199e-29,5.889088e-29,5.890587e-29,5.891775e-29,5.892718e-29,5.893465e-29,5.894058e-29,5.894528e-29,5.894901e-29,5.895196e-29,5.895431e-29,5.895616e-29,5.895764e-29,5.895881e-29,5.895973e-29,5.896047e-29,5.896105e-29,5.896152e-29
Nb-109,1.912116e-28,3.144918e-28,2.672419e-28,1.163241e-28,-5.737178e-29,-1.989250e-28,-2.853605e-28,-3.164621e-28,-3.034369e-28,-2.606687e-28,-2.012322e-28,-1.351598e-28,-6.926907e-29,-7.679570e-30,4.748315e-29,9.543776e-29,1.362349e-28,1.703908e-28,1.986423e-28,2.217952e-28,2.406347e-28,2.558801e-28,2.681639e-28,2.780281e-28,2.859285e-28,2.922428e-28,2.972811e-28,3.012962e-28,3.044926e-28,3.070351e-28,3.090562e-28,3.106621e-28,3.119375e-28,3.129501e-28,3.137539e-28,3.143918e-28,3.148979e-28,3.152995e-28,3.156181e-28,3.158708e-28,3.160712e-28,3.162302e-28,3.163563e-28,3.164563e-28,3.165356e-28,3.165985e-28,3.166484e-28,3.166879e-28,3.167193e-28,3.167442e-28,3.167639e-28,3.167795e-28,3.167919e-28,3.168018e-28,3.168096e-28,3.168158e-28,3.168207e-28,3.168246e-28,3.168277e-28,3.168301e-28
Nb-110,8.644000e-30,9.807003e-30,6.400421e-30,9.978458e-31,-4.158911e-30,-7.836695e-30,-9.701247e-30,-9.959598e-30,-9.039278e-30,-7.386802e-30,-5.372569e-30,-3.263946e-30,-1.232953e-30,6.231567e-31,2.259887e-30,3.666887e-30,4.854018e-30,5.841726e-30,6.654828e-30,7.318758e-30,7.857475e-30,8.292457e-30,8.642337e-30,8.922921e-30,9.147404e-30,9.326671e-30,9.469619e-30,9.583476e-30,9.674078e-30,9.746123e-30,9.803380e-30,9.848863e-30,9.884981e-30,9.913653e-30,9.936410e-30,9.954468e-30,9.968797e-30,9.980164e-30,9.989181e-30,9.996334e-30,1.000201e-29,1.000651e-29,1.001008e-29,1.001291e-29,1.001515e-29,1.001693e-29,1.001834e-29,1.001946e-29,1.002035e-29,1.002105e-29,1.002161e-29,1.002205e-29,1.002241e-29,1.002268e-29,1.002290e-29,1.002308e-29,1.002322e-29,1.002333e-29,1.002342e-29,1.002349e-29
Nb-111,-2.052955e-33,-2.745658e-32,-4.431571e-32,-5.177718e-32,-5.134773e-32,-4.536145e-32,-3.608191e-32,-2.531377e-32,-1.432171e-32,-3.895719e-33,5.535443e-33,1.379224e-32,2.085304e-32,2.678729e-32,3.171014e-32,3.575360e-32,3.904951e-32,4.172023e-32,4.387441e-32,4.560570e-32,4.699320e-32,4.810272e-32,4.898840e-32,4.969442e-32,5.025661e-32,5.070389e-32,5.105951e-32,5.134210e-32,5.156655e-32,5.174478e-32,5.188625e-32,5.199853e-32,5.208763e-32,5.215832e-32,5.221440e-32,5.225889e-32,5.229417e-32,5.232216e-32,5.234436e-32,5.236196e-32,5.237593e-32,5.238700e-32,5.239578e-32,5.240274e-32,5.240827e-32,5.241265e-32,5.241612e-32,5.241888e-32,5.242106e-32,5.242279e-32,5.242417e-32,5.242525e-32,5.242612e-32,5.242680e-32,5.242735e-32,5.242778e-32,5.242812e-32,5.242839e-32,5.242860e-32,5.242877e-32
Nb-112,-5.938874e-34,-1.223622e-33,-1.558971e-33,-1.626719e-33,-1.494420e-33,-1.235402e-33,-9.116653e-34,-5.685721e-34,-2.356829e-34,7.001214e-35,3.404846e-34,5.735609e-34,7.705705e-34,9.347087e-34,1.069972e-33,1.180507e-33,1.270253e-33,1.342752e-33,1.401090e-33,1.447887e-33,1.485336e-33,1.515247e-33,1.539102e-33,1.558105e-33,1.573228e-33,1.585254e-33,1.594812e-33,1.602405e-33,1.608435e-33,1.613222e-33,1.617021e-33,1.620036e-33,1.622428e-33,1.624326e-33,1.625832e-33,1.627026e-33,1.627973e-33,1.628725e-33,1.629321e-33,1.629793e-33,1.630168e-33,1.630465e-33,1.630701e-33,1.630888e-33,1.631036e-33,1.631154e-33,1.631247e-33,1.631321e-33,1.631379e-33,1.631426e-33,1.631463e-33,1.631492e-33,1.631515e-33,1.631534e-33,1.631548e-33,1.631560e-33,1.631569e-33,1.631576e-33,1.631582e-33,1.631586e-33
Nb-113,-8.118895e-37,-7.002580e-37,-5.429724e-37,-3.671187e-37,-1.911856e-37,-2.640208e-38,1.213919e-37,2.500014e-37,3.594954e-37,4.512151e-37,5.271114e-37,5.893302e-37,6.399705e-37,6.809575e-37,7.139874e-37,7.405144e-37,7.617621e-37,7.787453e-37,7.922976e-37,8.030979e-37,8.116961e-37,8.185358e-37,8.239730e-37,8.282931e-37,8.317242e-37,8.344485e-37,8.366109e-37,8.383270e-37,8.396887e-37,8.407691e-37,8.416262e-37,8.423060e-37,8.428453e-37,8.432730e-37,8.436122e-37,8.438813e-37,8.440947e-37,8.442639e-37,8.443981e-37,8.445045e-37,8.445889e-37,8.446558e-37,8.447089e-37,8.447510e-37,8.447844e-37,8.448108e-37,8.448318e-37,8.448485e-37,8.448617e-37,8.448721e-37,8.448805e-37,8.448870e-37,8.448923e-37,8.448964e-37,8.448997e-37,8.449023e-37,8.449043e-37,8.449060e-37,8.449073e-37,8.449083e-37
Mo-94,1.472003e+13,1.473580e+13,1.473881e+13,1.473918e+13,1.473922e+13,1.473924e+13,1.473926e+13,1.473929e+13,1.473932e+13,1.473937e+13,1.473943e+13,1.473950e+13,1.473960e+13,1.473971e+13,1.473986e+13,1.474005e+13,1.474029e+13,1.474058e+13,1.474096e+13,1.474143e+13,1.474203e+13,1.474278e+13,1.474373e+13,1.474492e+13,1.474643e+13,1.474833e+13,1.475073e+13,1.475375e+13,1.475757e+13,1.476237e+13,1.476844e+13,1.477608e+13,1.478572e+13,1.479788e+13,1.481321e+13,1.483254e+13,1.485692e+13,1.488767e+13,1.492643e+13,1.497532e+13,1.503697e+13,1.511470e+13,1.521273e+13,1.533635e+13,1.549223e+13,1.568879e+13,1.593666e+13,1.624921e+13,1.664333e+13,1.714030e+13,1.776694e+13,1.855707e+13,1.955333e+13,2.080944e+13,2.239312e+13,2.438969e+13,2.690662e+13,3.007929e+13,3.407812e+13,3.911756e+13
Mo-95,2.456440e+16,4.140415e+16,6.937640e+16,1.154085e+17,1.905793e+17,3.125913e+17,5.097019e+17,8.269682e+17,1.336159e+18,2.151477e+18,3.454481e+18,5.533533e+18,8.846159e+18,1.411746e+19,2.249507e+19,3.579247e+19,5.686977e+19,9.022689e+19,1.429224e+20,2.259867e+20,3.565738e+20,5.611993e+20,8.805307e+20,1.376321e+21,2.141145e+21,3.311489e+21,5.084263e+21,7.735507e+21,1.163753e+22,1.726628e+22,2.518440e+22,3.597883e+22,5.012951e+22,6.779853e+22,8.856863e+22,1.112310e+23,1.337949e+23,1.538828e+23,1.694933e+23,1.797853e+23,1.853504e+23,1.877188e+23,1.884725e+23,1.886406e+23,1.886648e+23,1.886668e+23,1.886669e+23,1.886669e+23,1.886669e+23,1.886669e+23,1.886669e+23,1.886669e+23,1.886669e+23,1.886669e+23,1.886669e+23,1.886669e+23,1.886669e+23,1.886669e+23,1.886669e+23,1.886669e+23
Mo-96,4.631996e+17,5.814664e+17,7.293039e+17,9.136838e+17,1.142977e+18,1.427089e+18,1.777517e+18,2.207251e+18,2.730414e+18,3.361498e+18,4.114007e+18,4.998311e+18,6.018564e+18,7.168717e+18,8.428025e+18,9.757098e+18,1.109639e+19,1.236963e+19,1.349463e+19,1.440121e+19,1.505203e+19,1.545615e+19,1.566539e+19,1.575168e+19,1.577847e+19,1.578431e+19,1.578512e+19,1.578519e+19,1.578519e+19,1.578519e+19,1.578519e+19,1.578519e+19,1.578519e+19,1.578519e+19,1.578519e+19,1.578519e+19,1.578519e+19,1.578519e+19,1.578519e+19,1.578519e+19,1.578519e+19,1.578519e+19,1.578519e+19,1.578519e+19,1.578519e+19,1.578519e+19,1.578519e+19,1.578519e+19,1.578519e+19,1.578519e+19,1.578519e+19,1.578519e+19,1.578519e+19,1.578519e+19,1.578519e+19,1.578519e+19,1.578519e+19,1.578519e+19,1.578519e+19,1.578519e+19
Mo-97,1.808877e+21,2.707146e+21,4.015839e+21,5.889479e+21,8.516527e+21,1.211169e+22,1.689951e+22,2.309060e+22,3.085627e+22,4.030805e+22,5.148369e+22,6.432978e+22,7.866756e+22,9.414089e+22,1.101697e+23,1.259457e+23,1.405060e+23,1.529004e+23,1.624318e+23,1.688838e+23,1.726058e+23,1.743632e+23,1.750091e+23,1.751827e+23,1.752143e+23,1.752179e+23,1.752181e+23,1.752181e+23,1.752181e+23,1.752181e+23,1.752181e+23,1.752181e+23,1.752181e+23,1.752181e+23,1.752181e+23,1.752181e+23,1.752181e+23,1.752181e+23,1.752181e+23,1.752181e+23,1.752181e+23,1.752181e+23,1.752181e+23,1.752181e+23,1.752181e+23,1.752181e+23,1.752181e+23,1.752181e+23,1.752181e+23,1.752181e+23,1.752181e+23,1.752181e+23,1.752181e+23,1.752181e+23,1.752181e+23,1.752181e+23,1.752181e+23,1.752181e+23,1.752181e+23,1.752181e+23
Mo-98,1.661064e+23,1.662013e+23,1.662955e+23,1.663836e+23,1.664597e+23,1.665193e+23,1.665607e+23,1.665853e+23,1.665974e+23,1.666020e+23,1.666034e+23,1.666036e+23,1.666037e+23,1.666037e+23,1.666037e+23,1.666037e+23,1.666037e+23,1.666037e+23,1.666037e+23,1.666037e+23,1.666037e+23,1.666037e+23,1.666037e+23,1.666037e+23,1.666037e+23,1.666037e+23,1.666037e+23,1.666037e+23,1.666037e+23,1.666037e+23,1.666037e+23,1.666037e+23,1.666037e+23,1.666037e+23,1.666037e+23,1.666037e+23,1.666037e+23,1.666037e+23,1.666037e+23,1.666037e+23,1.666037e+23,1.666037e+23,1.666037e+23,1.666037e+23,1.666037e+23,1.666037e+23,1.666037e+23,1.666037e+23,1.666037e+23,1.666037e+23,1.666037e+23,1.666037e+23,1.666037e+23,1.666037e+23,1.666037e+23,1.666037e+23,1.666037e+23,1.666037e+23,1.666037e+23,1.666037e+23
Mo-99,1.759745e+23,1.754926e+23,1.748867e+23,1.741257e+23,1.731708e+23,1.719740e+23,1.704767e+23,1.686071e+23,1.662786e+23,1.633881e+23,1.598147e+23,1.554197e+23,1.500493e+23,1.435409e+23,1.357345e+23,1.264928e+23,1.157303e+23,1.034542e+23,8.981252e+22,7.514422e+22,6.001224e+22,4.519527e+22,3.160830e+22,2.013601e+22,1.140325e+22,5.567035e+21,2.253893e+21,7.206736e+20,1.711130e+20,2.791425e+19,2.836736e+18,1.587110e+17,4.183407e+15,4.268416e+13,1.315902e+11,8.968562e+07,9.113180e+03,8.400597e-02,3.754654e-08,3.692806e-16,-4.341178e-24,1.920137e-24,-5.986587e-24,-1.298432e-24,3.312642e-25,-9.191596e-25,-5.275927e-24,-6.310892e-24,5.422329e-25,-7.061673e-24,-5.832726e-26,-7.712588e-24,-5.300421e-25,-3.615829e-24,-7.689971e-24,-2.229460e-24,-1.424538e-25,-4.447858e-24,-7.827350e-24,-6.691874e-24
Mo-100,1.823961e+23,1.823961e+23,1.823961e+23,1.823961e+23,1.823961e+23,1.823961e+23,1.823961e+23,1.823961e+23,1.823961e+23,1.823961e+23,1.823961e+23,1.823961e+23,1.823961e+23,1.823961e+23,1.823961e+23,1.823961e+23,1.823961e+23,1.823961e+23,1.823961e+23,1.823961e+23,1.823961e+23,1.823961e+23,1.823961e+23,1.823961e+23,1.823961e+23,1.823961e+23,1.823961e+23,1.823961e+23,1.823961e+23,1.823961e+23,1.823961e+23,1.823961e+23,1.823961e+23,1.823961e+23,1.823961e+23,1.823961e+23,1.823961e+23,1.823961e+23,1.823961e+23,1.823961e+23,1.823961e+23,1.823961e+23,1.823961e+23,1.823961e+23,1.823961e+23,1.823961e+23,1.823961e+23,1.823961e+23,1.823961e+23,1.823961e+23,1.823961e+23,1.823961e+23,1.823961e+23,1.823961e+23,1.823961e+23,1.823961e+23,1.823961e+23,1.823961e+23,1.823961e+23,1.823961e+23
Mo-101,8.806401e+21,4.188868e+21,1.641194e+21,5.035014e+20,1.134727e+20,1.733272e+19,1.621196e+18,8.169507e+16,1.887267e+15,1.630538e+13,4.075609e+10,2.132149e+07,1.552047e+03,9.394480e-03,2.470456e-09,1.244740e-17,-5.951913e-24,-6.486107e-24,-4.142859e-24,1.811062e-24,4.148902e-24,6.023263e-24,4.343390e-24,6.920863e-25,6.561978e-24,1.593199e-24,4.799785e-24,-1.127807e-24,4.443562e-24,-4.444026e-25,-3.090028e-24,1.359127e-24,1.640436e-24,-2.717485e-24,-5.364906e-24,-4.153290e-24,-1.333069e-24,5.238784e-25,5.101158e-25,-9.223291e-25,-2.885960e-24,-4.663918e-24,-5.889071e-24,-6.484884e-24,-6.541254e-24,-6.210338e-24,-5.643735e-24,-4.964274e-24,-4.259210e-24,-3.583903e-24,-2.969130e-24,-2.428532e-24,-1.964775e-24,-1.574102e-24,-1.249447e-24,-9.824306e-25,-7.645586e-25,-5.878748e-25,-4.452759e-25,-3.306155e-25
Mo-102,3.141788e+21,1.202124e+21,3.579418e+20,7.768519e+19,1.131559e+19,9.968336e+17,4.657652e+16,9.781883e+14,7.494387e+12,1.609874e+10,6.957194e+06,3.979950e+02,1.777814e-03,3.187030e-10,9.904897e-19,-1.653163e-24,-5.968275e-24,2.177246e-25,2.130386e-24,2.893367e-24,4.696866e-24,4.266472e-24,-1.438585e-25,3.497966e-24,1.159565e-24,2.216273e-24,-1.345469e-24,3.053300e-24,-1.484011e-24,-2.631072e-24,1.167320e-24,9.073172e-25,-2.668263e-24,-4.423235e-24,-3.105808e-24,-7.432497e-25,6.666049e-25,5.321379e-25,-7.003745e-25,-2.299064e-24,-3.703028e-24,-4.639851e-24,-5.065682e-24,-5.062851e-24,-4.757729e-24,-4.272638e-24,-3.705082e-24,-3.123443e-24,-2.570527e-24,-2.069670e-24,-1.630771e-24,-1.255202e-24,-9.394083e-25,-6.773467e-25,-4.620425e-25,-2.865096e-25,-1.442518e-25,-2.949483e-26,6.274266e-26,1.366693e-25
Mo-103,7.676505e+06,4.947012e+02,2.567983e-03,5.563682e-10,2.195674e-18,-1.962847e-24,-1.046282e-24,2.812987e-24,3.300748e-24,1.378738e-24,5.267676e-25,-8.290612e-25,-3.095701e-24,8.965880e-25,-2.788000e-25,1.970740e-24,-2.874986e-25,3.334586e-24,5.766434e-25,-4.753305e-25,2.148138e-24,2.081632e-24,-5.075259e-25,-1.973105e-24,-1.253494e-24,2.980433e-25,1.247047e-24,1.128523e-24,2.292584e-25,-9.405106e-25,-1.980110e-24,-2.690350e-24,-3.035282e-24,-3.070645e-24,-2.885231e-24,-2.566076e-24,-2.183131e-24,-1.785841e-24,-1.405459e-24,-1.059303e-24,-7.550124e-25,-4.940458e-25,-2.742547e-25,-9.163844e-26,5.853379e-26,1.810524e-25,2.803998e-25,3.605755e-25,4.250390e-25,4.767187e-25,5.180549e-25,5.510584e-25,5.773714e-25,5.983267e-25,6.150005e-25,6.282581e-25,6.387938e-25,6.471626e-25,6.538078e-25,6.590831e-25
Mo-104,4.592149e+04,8.858146e-01,1.004611e-06,3.196977e-14,1.232786e-23,-6.505588e-25,5.227278e-25,-1.049106e-24,-1.078644e-24,-1.451729e-24,-1.278503e-24,6.955253e-25,1.079942e-24,-8.483771e-25,1.116126e-24,-1.055884e-24,2.235652e-25,7.072511e-25,-1.047146e-24,1.620713e-25,1.447774e-24,5.275580e-25,-7.915865e-25,-8.770569e-25,5.085090e-27,8.699210e-25,1.134588e-24,7.937307e-25,1.298506e-25,-5.635119e-25,-1.103199e-24,-1.422758e-24,-1.533356e-24,-1.482296e-24,-1.324635e-24,-1.108537e-24,-8.701448e-25,-6.336222e-25,-4.133515e-25,-2.166050e-25,-4.592226e-26,9.905381e-26,2.202793e-25,3.204529e-25,4.024857e-25,4.691967e-25,5.231555e-25,5.666163e-25,6.015065e-25,6.294438e-25,6.517685e-25,6.695795e-25,6.837715e-25,6.950686e-25,7.040541e-25,7.111967e-25,7.168714e-25,7.213782e-25,7.249563e-25,7.277964e-25
Mo-105,9.911698e-09,1.122199e-16,-1.619029e-25,5.445044e-25,-7.418122e-25,2.272081e-25,4.005469e-25,2.426346e-26,-4.510497e-25,-2.383312e-25,7.789231e-25,-5.724131e-25,4.143452e-25,-8.355410e-25,2.993098e-25,6.256502e-27,-5.548918e-25,3.569216e-25,7.731628e-25,1.465063e-25,-4.006114e-25,-2.716501e-25,2.288090e-25,6.113040e-25,6.573952e-25,4.191767e-25,5.520089e-26,-2.938154e-25,-5.492820e-25,-6.890357e-25,-7.253407e-25,-6.847722e-25,-5.954323e-25,-4.808336e-25,-3.580992e-25,-2.383779e-25,-1.280994e-25,-3.034182e-26,5.400463e-26,1.253598e-25,1.848449e-25,2.338865e-25,2.739757e-25,3.065324e-25,3.328374e-25,3.540069e-25,3.709906e-25,3.845827e-25,3.954398e-25,4.040989e-25,4.109969e-25,4.164867e-25,4.208525e-25,4.243224e-25,4.270789e-25,4.292680e-25,4.310059e-25,4.323852e-25,4.334798e-25,4.343483e-25
Mo-106,2.215310e-25,1.556634e-25,-1.134604e-25,-2.053003e-25,2.488698e-25,-1.942577e-25,2.111828e-25,-2.514873e-25,1.963530e-25,-1.023616e-26,-2.350818e-25,1.137033e-25,2.345582e-25,-3.074958e-26,-2.297885e-25,-1.533612e-25,6.129947e-26,2.207281e-25,2.444000e-25,1.568842e-25,2.170673e-26,-1.063893e-25,-1.975580e-25,-2.439245e-25,-2.507611e-25,-2.286448e-25,-1.885562e-25,-1.395798e-25,-8.826349e-26,-3.881663e-26,6.381553e-27,4.624181e-26,8.050927e-26,1.094227e-25,1.334795e-25,1.532838e-25,1.694548e-25,1.825761e-25,1.931708e-25,2.016927e-25,2.085268e-25,2.139944e-25,2.183607e-25,2.218425e-25,2.246156e-25,2.268224e-25,2.285772e-25,2.299717e-25,2.310795e-25,2.319592e-25,2.326576e-25,2.332119e-25,2.336517e-25,2.340007e-25,2.342776e-25,2.344972e-25,2.346714e-25,2.348096e-25,2.349192e-25,2.350061e-25
Mo-107,8.258043e-26,-7.437609e-26,7.444079e-26,-8.267973e-26,6.039855e-26,8.620001e-27,-7.855584e-26,3.044884e-26,7.852837e-26,-5.919698e-27,-7.646837e-26,-5.611886e-26,1.407982e-26,6.917605e-26,8.006307e-26,5.331702e-26,9.604121e-27,-3.266711e-26,-6.318467e-26,-7.900650e-26,-8.168997e-26,-7.466366e-26,-6.155705e-26,-4.540186e-26,-2.839777e-26,-1.196726e-26,3.079838e-27,1.636767e-26,2.780233e-26,3.745753e-26,4.549543e-26,5.211531e-26,5.752253e-26,6.191113e-26,6.545539e-26,6.830669e-26,7.059355e-26,7.242336e-26,7.388471e-26,7.505006e-26,7.597830e-26,7.671698e-26,7.730438e-26,7.777122e-26,7.814207e-26,7.843657e-26,7.867036e-26,7.885591e-26,7.900316e-26,7.911999e-26,7.921268e-26,7.928621e-26,7.934453e-26,7.939079e-26,7.942748e-26,7.945658e-26,7.947966e-26,7.949796e-26,7.951248e-26,7.952399e-26
Mo-108,9.346871e-28,-1.932160e-26,7.976755e-27,1.863362e-26,-2.563021e-27,-1.925482e-26,-1.353438e-26,3.936477e-27,1.729944e-26,1.970322e-26,1.295419e-26,2.172422e-27,-8.156407e-27,-1.555252e-26,-1.933364e-26,-1.990398e-26,-1.811299e-26,-1.485122e-26,-1.085890e-26,-6.671189e-27,-2.632989e-27,1.060251e-27,4.318645e-27,7.120721e-27,9.485558e-27,1.145353e-26,1.307385e-26,1.439707e-26,1.547083e-26,1.633789e-26,1.703535e-26,1.759470e-26,1.804223e-26,1.839962e-26,1.868461e-26,1.891161e-26,1.909224e-26,1.923589e-26,1.935004e-26,1.944073e-26,1.951274e-26,1.956990e-26,1.961528e-26,1.965128e-26,1.967985e-26,1.970252e-26,1.972049e-26,1.973476e-26,1.974607e-26,1.975504e-26,1.976215e-26,1.976780e-26,1.977227e-26,1.977582e-26,1.977864e-26,1.978087e-26,1.978264e-26,1.978404e-26,1.978516e-26,1.978604e-26
Mo-109,8.956274e-27,-3.118096e-27,-1.072422e-26,-6.468839e-27,3.023232e-27,9.661753e-27,1.040772e-26,6.537987e-27,7.959287e-28,-4.543883e-27,-8.280023e-27,-1.012445e-26,-1.032270e-26,-9.327906e-27,-7.601085e-27,-5.519618e-27,-3.353390e-27,-1.274589e-27,6.204380e-28,2.288476e-27,3.720481e-27,4.927500e-27,5.930987e-27,6.756593e-27,7.430424e-27,7.976981e-27,8.418170e-27,8.772964e-27,9.057441e-27,9.285008e-27,9.466717e-27,9.611601e-27,9.726991e-27,9.818809e-27,9.891819e-27,9.949839e-27,9.995928e-27,1.003253e-26,1.006158e-26,1.008464e-26,1.010294e-26,1.011745e-26,1.012897e-26,1.013811e-26,1.014536e-26,1.015110e-26,1.015566e-26,1.015928e-26,1.016215e-26,1.016442e-26,1.016622e-26,1.016765e-26,1.016879e-26,1.016969e-26,1.017040e-26,1.017097e-26,1.017142e-26,1.017177e-26,1.017205e-26,1.017228e-26
Mo-110,-2.411520e-27,-5.547150e-28,1.589114e-27,2.548112e-27,2.137573e-27,9.080341e-28,-4.905693e-28,-1.622268e-27,-2.307816e-27,-2.548973e-27,-2.437424e-27,-2.089128e-27,-1.608886e-27,-1.076829e-27,-5.472489e-28,-5.284830e-29,3.895869e-28,7.739748e-28,1.100844e-27,1.374410e-27,1.600628e-27,1.785982e-27,1.936782e-27,2.058798e-27,2.157102e-27,2.236037e-27,2.299253e-27,2.349776e-27,2.390088e-27,2.422212e-27,2.447785e-27,2.468126e-27,2.484296e-27,2.497143e-27,2.507347e-27,2.515448e-27,2.521878e-27,2.526981e-27,2.531031e-27,2.534243e-27,2.536792e-27,2.538813e-27,2.540417e-27,2.541689e-27,2.542697e-27,2.543497e-27,2.544132e-27,2.544635e-27,2.545034e-27,2.545351e-27,2.545602e-27,2.545801e-27,2.545958e-27,2.546084e-27,2.546183e-27,2.546261e-27,2.546324e-27,2.546373e-27,2.546413e-27,2.546444e-27
Mo-111,6.640778e-29,1.426979e-28,1.362066e-28,7.238547e-29,-9.813402e-30,-8.119046e-29,-1.278711e-28,-1.478826e-28,-1.457198e-28,-1.280662e-28,-1.013211e-28,-7.054908e-29,-3.927919e-29,-9.702928e-30,1.700062e-29,4.034775e-29,6.029353e-29,7.704471e-29,9.093321e-29,1.023359e-28,1.116275e-28,1.191546e-28,1.252248e-28,1.301025e-28,1.340112e-28,1.371365e-28,1.396310e-28,1.416195e-28,1.432028e-28,1.444624e-28,1.454638e-28,1.462596e-28,1.468917e-28,1.473935e-28,1.477919e-28,1.481081e-28,1.483589e-28,1.485580e-28,1.487159e-28,1.488412e-28,1.489405e-28,1.490193e-28,1.490818e-28,1.491314e-28,1.491707e-28,1.492019e-28,1.492266e-28,1.492463e-28,1.492618e-28,1.492741e-28,1.492839e-28,1.492917e-28,1.492978e-28,1.493027e-28,1.493066e-28,1.493096e-28,1.493121e-28,1.493140e-28,1.493155e-28,1.493167e-28
Mo-112,-5.339020e-30,-2.123968e-31,4.671441e-30,6.318580e-30,4.768956e-30,1.531215e-30,-1.858825e-30,-4.454653e-30,-5.919827e-30,-6.319078e-30,-5.901409e-30,-4.953179e-30,-3.723072e-30,-2.396395e-30,-1.095921e-30,1.063193e-31,1.174975e-30,2.098957e-30,2.881892e-30,3.535407e-30,4.074720e-30,4.515924e-30,4.874447e-30,5.164263e-30,5.397588e-30,5.584832e-30,5.734721e-30,5.854471e-30,5.949992e-30,6.026095e-30,6.086667e-30,6.134841e-30,6.173131e-30,6.203552e-30,6.227710e-30,6.246890e-30,6.262113e-30,6.274194e-30,6.283780e-30,6.291385e-30,6.297417e-30,6.302203e-30,6.305999e-30,6.309009e-30,6.311397e-30,6.313291e-30,6.314793e-30,6.315984e-30,6.316928e-30,6.317677e-30,6.318271e-30,6.318742e-30,6.319116e-30,6.319412e-30,6.319647e-30,6.319833e-30,6.319981e-30,6.320098e-30,6.320191e-30,6.320265e-30
Mo-113,3.582760e-32,-4.353410e-33,-3.936278e-32,-6.233680e-32,-7.225996e-32,-7.130745e-32,-6.274329e-32,-4.970168e-32,-3.466740e-32,-1.937410e-32,-4.899806e-33,8.174266e-33,1.960854e-32,2.937919e-32,3.758631e-32,4.439174e-32,4.997967e-32,5.453336e-32,5.822255e-32,6.119775e-32,6.358862e-32,6.550454e-32,6.703649e-32,6.825931e-32,6.923403e-32,7.001017e-32,7.062764e-32,7.111856e-32,7.150866e-32,7.181850e-32,7.206452e-32,7.225982e-32,7.241481e-32,7.253780e-32,7.263538e-32,7.271279e-32,7.277419e-32,7.282290e-32,7.286154e-32,7.289218e-32,7.291648e-32,7.293575e-32,7.295104e-32,7.296316e-32,7.297277e-32,7.298039e-32,7.298644e-32,7.299123e-32,7.299504e-32,7.299805e-32,7.300044e-32,7.300234e-32,7.300384e-32,7.300503e-32,7.300598e-32,7.300673e-32,7.300732e-32,7.300780e-32,7.300817e-32,7.300847e-32
Mo-114,-1.128736e-34,-1.509592e-33,-2.436524e-33,-2.846764e-33,-2.823153e-33,-2.494021e-33,-1.983821e-33,-1.391778e-33,-7.874227e-34,-2.141907e-34,3.043445e-34,7.583119e-34,1.146522e-33,1.472794e-33,1.743457e-33,1.965771e-33,2.146983e-33,2.293822e-33,2.412261e-33,2.507449e-33,2.583736e-33,2.644738e-33,2.693434e-33,2.732252e-33,2.763162e-33,2.787754e-33,2.807306e-33,2.822843e-33,2.835183e-33,2.844982e-33,2.852761e-33,2.858934e-33,2.863833e-33,2.867719e-33,2.870803e-33,2.873249e-33,2.875189e-33,2.876728e-33,2.877948e-33,2.878916e-33,2.879684e-33,2.880292e-33,2.880775e-33,2.881158e-33,2.881462e-33,2.881703e-33,2.881894e-33,2.882045e-33,2.882165e-33,2.882260e-33,2.882336e-33,2.882396e-33,2.882443e-33,2.882481e-33,2.882511e-33,2.882534e-33,2.882553e-33,2.882568e-33,2.882580e-33,2.882589e-33
Mo-115,4.576156e-37,-3.835729e-37,-1.044790e-36,-1.431128e-36,-1.551637e-36,-1.465012e-36,-1.241713e-36,-9.440738e-37,-6.191161e-37,-2.983280e-37,-4.212598e-40,2.652148e-37,4.954064e-37,6.907829e-37,8.540671e-37,9.889453e-37,1.099368e-36,1.189148e-36,1.261755e-36,1.320229e-36,1.367168e-36,1.404750e-36,1.434781e-36,1.458738e-36,1.477827e-36,1.493022e-36,1.505108e-36,1.514714e-36,1.522347e-36,1.528408e-36,1.533221e-36,1.537040e-36,1.540072e-36,1.542477e-36,1.544385e-36,1.545899e-36,1.547100e-36,1.548052e-36,1.548808e-36,1.549407e-36,1.549882e-36,1.550259e-36,1.550558e-36,1.550795e-36,1.550983e-36,1.551132e-36,1.551250e-36,1.551344e-36,1.551418e-36,1.551477e-36,1.551524e-36,1.551561e-36,1.551590e-36,1.551614e-36,1.551632e-36,1.551647e-36,1.551658e-36,1.551668e-36,1.551675e-36,1.551681e-36
Tc-97,2.554014e+11,2.554217e+11,2.554473e+11,2.554796e+11,2.555203e+11,2.555716e+11,2.556363e+11,2.557179e+11,2.558208e+11,2.559504e+11,2.561138e+11,2.563196e+11,2.565790e+11,2.569056e+11,2.573169e+11,2.578346e+11,2.584858e+11,2.593045e+11,2.603330e+11,2.616237e+11,2.632414e+11,2.652658e+11,2.677940e+11,2.709435e+11,2.748544e+11,2.796914e+11,2.856435e+11,2.929212e+11,3.017483e+11,3.123466e+11,3.249099e+11,3.395642e+11,3.563139e+11,3.749749e+11,3.951056e+11,4.159580e+11,4.364818e+11,4.554242e+11,4.715494e+11,4.839502e+11,4.923449e+11,4.971878e+11,4.994746e+11,5.003151e+11,5.005410e+11,5.005821e+11,5.005866e+11,5.005868e+11,5.005867e+11,5.005865e+11,5.005863e+11,5.005860e+11,5.005857e+11,5.005853e+11,5.005847e+11,5.005841e+11,5.005832e+11,5.005822e+11,5.005808e+11,5.005791e+11
Tc-97m,2.552425e+11,2.552214e+11,2.551947e+11,2.551611e+11,2.551187e+11,2.550653e+11,2.549979e+11,2.549130e+11,2.548059e+11,2.546709e+11,2.545009e+11,2.542866e+11,2.540166e+11,2.536765e+11,2.532484e+11,2.527095e+11,2.520316e+11,2.511793e+11,2.501086e+11,2.487650e+11,2.470809e+11,2.449735e+11,2.423415e+11,2.390629e+11,2.349916e+11,2.299562e+11,2.237600e+11,2.161838e+11,2.069946e+11,1.959616e+11,1.828830e+11,1.676276e+11,1.501909e+11,1.307645e+11,1.098081e+11,8.810047e+10,6.673488e+10,4.701547e+10,3.022893e+10,1.731947e+10,8.580374e+09,3.538802e+09,1.158247e+09,2.832253e+08,4.795114e+07,5.106515e+06,3.030770e+05,8.606160e+03,9.645375e+01,3.347281e-01,2.648675e-04,3.248909e-08,3.797361e-13,2.289597e-19,3.284743e-27,1.072226e-36,5.272209e-36,-4.898802e-36,-2.153171e-36,1.591750e-36
Tc-98,2.579347e+16,2.579347e+16,2.579347e+16,2.579347e+16,2.579347e+16,2.579347e+16,2.579347e+16,2.579347e+16,2.579347e+16,2.579347e+16,2.579347e+16,2.579347e+16,2.579347e+16,2.579347e+16,2.579347e+16,2.579347e+16,2.579347e+16,2.579347e+16,2.579347e+16,2.579347e+16,2.579347e+16,2.579347e+16,2.579347e+16,2.579347e+16,2.579347e+16,2.579347e+16,2.579347e+16,2.579347e+16,2.579347e+16,2.579347e+16,2.579347e+16,2.579347e+16,2.579347e+16,2.579347e+16,2.579347e+16,2.579347e+16,2.579347e+16,2.579347e+16,2.579347e+16,2.579346e+16,2.579346e+16,2.579346e+16,2.579346e+16,2.579346e+16,2.579346e+16,2.579345e+16,2.579345e+16,2.579344e+16,2.579344e+16,2.579343e+16,2.579342e+16,2.579340e+16,2.579339e+16,2.579336e+16,2.579334e+16,2.579330e+16,2.579326e+16,2.579320e+16,2.579313e+16,2.579304e+16
Tc-99,3.046766e+20,4.138940e+20,5.670883e+20,7.838248e+20,1.092590e+21,1.534535e+21,2.168368e+21,3.076336e+21,4.370829e+21,6.200410e+21,8.753067e+21,1.225350e+22,1.695089e+22,2.309515e+22,3.090331e+22,4.052282e+22,5.200017e+22,6.525726e+22,8.006704e+22,9.601861e+22,1.124810e+23,1.286017e+23,1.433842e+23,1.558660e+23,1.653672e+23,1.717169e+23,1.753216e+23,1.769897e+23,1.775876e+23,1.777434e+23,1.777707e+23,1.777736e+23,1.777737e+23,1.777737e+23,1.777737e+23,1.777736e+23,1.777736e+23,1.777735e+23,1.777734e+23,1.777733e+23,1.777731e+23,1.777730e+23,1.777727e+23,1.777724e+23,1.777721e+23,1.777716e+23,1.777710e+23,1.777702e+23,1.777693e+23,1.777681e+23,1.777666e+23,1.777647e+23,1.777623e+23,1.777593e+23,1.777555e+23,1.777508e+23,1.777447e+23,1.777371e+23,1.777276e+23,1.777155e+23
Tc-99m,1.500433e+21,1.873145e+21,2.325795e+21,2.870065e+21,3.516233e+21,4.271021e+21,5.134519e+21,6.096154e+21,7.130078e+21,8.190907e+21,9.211612e+21,1.010608e+22,1.077889e+22,1.114285e+22,1.114084e+22,1.076277e+22,1.004749e+22,9.066114e+21,7.897503e+21,6.613694e+21,5.282750e+21,3.978517e+21,2.782465e+21,1.772564e+21,1.003823e+21,4.900639e+20,1.984093e+20,6.344060e+19,1.506301e+19,2.457280e+18,2.497167e+17,1.397126e+16,3.682636e+14,3.757469e+12,1.158383e+10,7.894988e+06,8.022295e+02,7.395011e-03,3.305207e-09,3.250757e-17,-3.240589e-25,5.311932e-25,-6.979604e-25,3.014089e-25,4.920865e-25,-1.090624e-25,-4.279730e-25,-8.004337e-26,7.032712e-25,-1.613057e-25,1.519483e-25,-6.921701e-25,-3.527542e-26,-1.493047e-25,-3.095278e-25,3.420511e-25,6.371194e-25,3.058510e-25,3.453398e-27,6.184196e-26
Tc-100,3.232496e-30,-3.693289e-31,-3.295097e-30,-3.368678e-30,-1.416500e-30,3.208090e-30,6.433810e-32,-2.050737e-30,2.447485e-30,-1.716663e-30,-3.267570e-31,2.997004e-30,-3.189749e-30,-1.064635e-30,3.523509e-30,1.540561e-30,-2.682596e-30,-3.416529e-30,-7.578579e-31,2.291346e-30,3.641048e-30,3.037286e-30,1.270580e-30,-7.307119e-31,-2.345662e-30,-3.320293e-30,-3.658766e-30,-3.493132e-30,-2.989654e-30,-2.298338e-30,-1.533747e-30,-7.734229e-31,-6.401551e-32,5.705825e-31,1.121772e-30,1.590391e-30,1.982534e-30,2.306771e-30,2.572415e-30,2.788524e-30,2.963374e-30,3.104240e-30,3.217347e-30,3.307927e-30,3.380319e-30,3.438079e-30,3.484106e-30,3.520747e-30,3.549892e-30,3.573060e-30,3.591467e-30,3.606086e-30,3.617693e-30,3.626906e-30,3.634218e-30,3.640019e-30,3.644622e-30,3.648274e-30,3.651170e-30,3.653468e-30
Tc-101,2.398919e+22,1.424792e+22,6.950512e+21,2.645723e+21,7.366426e+20,1.382788e+20,1.579135e+19,9.638489e+17,2.670880e+16,2.735680e+14,7.994083e+11,4.809768e+08,3.951917e+04,2.644647e-01,7.522097e-08,4.010933e-16,-1.463574e-22,7.332862e-23,-1.042083e-22,2.622336e-23,5.196069e-23,1.004874e-23,-6.056534e-23,-1.051042e-23,4.190997e-23,-4.348339e-23,3.646238e-23,-2.128071e-23,-4.837884e-24,2.668404e-23,-1.594866e-23,-1.643087e-23,1.240830e-23,1.655298e-23,1.513722e-25,-1.213197e-23,-1.173017e-23,-4.090111e-24,3.506492e-24,7.549984e-24,7.967719e-24,6.146971e-24,3.523050e-24,1.039351e-24,-8.699885e-25,-2.115262e-24,-2.782585e-24,-3.018537e-24,-2.968085e-24,-2.749002e-24,-2.446509e-24,-2.117046e-24,-1.794917e-24,-1.498841e-24,-1.237292e-24,-1.012434e-24,-8.228342e-25,-6.652226e-25,-5.355913e-25,-4.298318e-25
Tc-102,2.465905e+19,9.435148e+18,2.809390e+18,6.097303e+17,8.881306e+16,7.823881e+15,3.655667e+14,7.677540e+12,5.882145e+10,1.263547e+08,5.460516e+04,3.123757e+00,1.395359e-05,2.501415e-12,7.774495e-21,2.131182e-26,-6.015575e-26,-3.836772e-26,-2.851576e-26,-1.404856e-26,1.392614e-26,2.419989e-26,4.489985e-28,3.645207e-26,2.243159e-26,3.270157e-26,5.115301e-27,3.902284e-26,2.264209e-27,-8.106374e-27,2.030960e-26,1.695282e-26,-1.229216e-26,-2.709290e-26,-1.762482e-26,1.893622e-28,1.065299e-26,9.104995e-27,-9.689993e-28,-1.384030e-26,-2.512017e-26,-3.268211e-26,-3.619168e-26,-3.630315e-26,-3.401496e-26,-3.029256e-26,-2.590558e-26,-2.139422e-26,-1.709727e-26,-1.320013e-26,-9.782290e-27,-6.855957e-27,-4.394364e-27,-2.350995e-27,-6.718276e-28,6.973957e-28,1.807206e-27,2.702562e-27,3.422274e-27,3.999145e-27
Tc-102m,1.952993e+16,1.610155e+15,6.920251e+13,1.308019e+12,8.774433e+09,1.594052e+07,5.576689e+03,2.443979e-01,7.801472e-07,9.154928e-14,1.667480e-22,5.893426e-27,-3.682218e-27,6.142667e-27,9.966403e-28,-3.545802e-28,3.387448e-27,5.891261e-27,-4.162645e-27,3.866324e-28,9.525463e-28,1.518269e-28,-3.233697e-27,6.122121e-27,-4.034778e-27,-3.595188e-27,5.311559e-27,3.957563e-27,-3.531852e-27,-6.169181e-27,-2.348343e-27,3.106461e-27,6.069656e-27,5.584800e-27,2.806095e-27,-6.404177e-28,-3.573500e-27,-5.452339e-27,-6.219861e-27,-6.075609e-27,-5.301445e-27,-4.162678e-27,-2.867221e-27,-1.558813e-27,-3.259739e-28,7.842595e-28,1.753176e-27,2.579830e-27,3.273392e-27,3.847993e-27,4.319478e-27,4.703497e-27,5.014486e-27,5.265208e-27,5.466637e-27,5.628021e-27,5.757043e-27,5.860016e-27,5.942090e-27,6.007437e-27
Tc-103,3.127961e+07,2.015979e+03,1.046501e-02,2.267305e-09,8.947797e-18,3.812451e-24,-5.908591e-24,-4.916764e-24,6.215791e-26,-1.186675e-24,6.571255e-24,1.141080e-23,-1.400531e-23,9.233599e-24,-7.891005e-24,1.093980e-23,-1.430122e-23,9.947278e-24,3.805866e-24,-1.128812e-23,-1.238411e-24,8.913182e-24,4.902788e-24,-3.493026e-24,-6.736886e-24,-4.368046e-24,-1.297226e-25,3.022295e-24,4.186000e-24,3.771743e-24,2.561004e-24,1.192550e-24,2.793515e-26,-8.002652e-25,-1.296175e-24,-1.524535e-24,-1.564062e-24,-1.484833e-24,-1.340579e-24,-1.168568e-24,-9.925328e-25,-8.262380e-25,-6.766570e-25,-5.464303e-25,-4.356193e-25,-3.428813e-25,-2.662188e-25,-2.034315e-25,-1.523714e-25,-1.110744e-25,-7.781474e-26,-5.111648e-26,-2.974038e-26,-1.266011e-26,9.659366e-28,1.182271e-26,2.046447e-26,2.733776e-26,3.280111e-26,3.714162e-26
Tc-104,5.929503e+21,3.276317e+21,1.550614e+21,6.036947e+20,1.837345e+20,4.099292e+19,6.182593e+18,5.690971e+17,2.810470e+16,6.329361e+14,5.295596e+12,1.271142e+10,6.318989e+06,4.312965e+02,2.407057e-03,5.713870e-10,2.530264e-18,-1.005109e-24,4.187233e-25,2.589430e-25,1.463993e-26,8.656884e-25,2.341976e-24,1.477063e-24,-1.227573e-24,-1.711339e-26,-1.854173e-24,-2.667350e-25,-1.438866e-24,1.626970e-24,4.822869e-25,1.349578e-25,2.130167e-24,2.263230e-24,5.598919e-25,-5.228509e-25,-1.934753e-25,6.985281e-25,1.208932e-24,1.022838e-24,3.260274e-25,-5.430724e-25,-1.316742e-24,-1.861175e-24,-2.151965e-24,-2.226579e-24,-2.145070e-24,-1.966593e-24,-1.738984e-24,-1.496342e-24,-1.260508e-24,-1.043885e-24,-8.522777e-25,-6.872409e-25,-5.478117e-25,-4.317003e-25,-3.360539e-25,-2.579190e-25,-1.944983e-25,-1.432770e-25
Tc-105,1.276487e+20,3.059601e+19,5.051061e+18,5.210761e+17,2.971108e+16,8.020822e+14,8.434152e+12,2.700848e+10,1.931117e+07,2.084476e+03,2.073614e-02,1.020273e-08,1.132723e-16,3.229752e-25,1.785508e-25,-7.583569e-25,6.947079e-25,1.728896e-25,-4.062624e-25,-3.975479e-25,1.736167e-25,1.147435e-24,-7.462106e-25,6.251130e-26,-1.348314e-24,8.408813e-26,-6.351704e-27,-3.950562e-25,7.759978e-25,1.305794e-24,6.112671e-25,-4.019384e-26,2.793666e-26,4.910050e-25,8.181389e-25,7.759425e-25,4.272705e-25,-5.000068e-26,-4.996661e-25,-8.353777e-25,-1.033746e-24,-1.109640e-24,-1.093734e-24,-1.018278e-24,-9.102922e-25,-7.895759e-25,-6.691759e-25,-5.567929e-25,-4.563114e-25,-3.691051e-25,-2.950233e-25,-2.330779e-25,-1.818930e-25,-1.399808e-25,-1.058996e-25,-7.833535e-26,-5.613543e-26,-3.831447e-26,-2.404552e-26,-1.264370e-26
Tc-106,5.497257e-09,6.223973e-17,-2.929938e-26,6.076748e-25,-6.607810e-25,2.808842e-25,-7.338380e-26,4.390201e-25,-5.000090e-25,-2.189710e-25,6.506658e-25,-4.632973e-25,1.762388e-26,-2.896385e-25,5.779316e-25,2.553936e-25,-4.040516e-25,-1.606003e-25,7.483594e-27,-2.364755e-25,-3.582069e-25,-1.043268e-25,3.123054e-25,6.064629e-25,6.617333e-25,5.196688e-25,2.820533e-25,3.870438e-26,-1.581079e-25,-2.903565e-25,-3.614613e-25,-3.844656e-25,-3.743708e-25,-3.443072e-25,-3.042314e-25,-2.609561e-25,-2.187243e-25,-1.798968e-25,-1.455627e-25,-1.160107e-25,-9.106430e-26,-7.030616e-26,-5.321864e-26,-3.926795e-26,-2.795008e-26,-1.881303e-26,-1.146467e-26,-5.572442e-27,-8.588305e-28,2.904998e-27,5.906075e-27,8.296246e-27,1.019815e-26,1.171046e-26,1.291230e-26,1.386699e-26,1.462507e-26,1.522688e-26,1.570452e-26,1.608354e-26
Tc-107,-9.642491e-26,5.091909e-27,-5.379237e-26,2.073930e-25,2.135513e-26,1.005961e-25,1.385612e-25,-1.462403e-25,-2.089524e-26,-3.533528e-26,1.486132e-25,-2.418630e-26,9.420169e-26,-1.211070e-25,-1.842406e-25,1.165283e-26,7.750365e-26,-3.361269e-27,-3.678676e-26,3.487654e-26,1.369670e-25,1.919041e-25,1.774048e-25,1.133978e-25,3.168782e-26,-4.301099e-26,-9.817848e-26,-1.311327e-25,-1.447846e-25,-1.441607e-25,-1.343199e-25,-1.194136e-25,-1.024484e-25,-8.539320e-26,-6.940872e-26,-5.508420e-26,-4.263510e-26,-3.205048e-26,-2.319494e-26,-1.587493e-26,-9.879473e-27,-5.003347e-27,-1.059122e-27,2.117816e-27,4.668277e-27,6.710498e-27,8.342428e-27,9.644407e-27,1.068183e-26,1.150764e-26,1.216447e-26,1.268658e-26,1.310139e-26,1.343083e-26,1.369238e-26,1.389999e-26,1.406475e-26,1.419548e-26,1.429919e-26,1.438147e-26
Tc-108,2.806601e-26,-1.211004e-26,5.221460e-27,-2.923345e-26,1.455845e-26,-3.883247e-27,5.817935e-26,-2.517475e-26,-5.015529e-26,6.497334e-27,1.327646e-26,-2.183880e-26,-3.036405e-26,1.128714e-27,4.191204e-26,6.397969e-26,6.038117e-26,3.900440e-26,1.145104e-26,-1.352124e-26,-3.159009e-26,-4.191105e-26,-4.557478e-26,-4.437845e-26,-4.010325e-26,-3.419565e-26,-2.769288e-26,-2.126603e-26,-1.530351e-26,-9.995403e-27,-5.403195e-27,-1.511424e-27,1.736847e-27,4.417094e-27,6.609394e-27,8.390558e-27,9.830168e-27,1.098901e-26,1.191888e-26,1.266317e-26,1.325776e-26,1.373202e-26,1.410984e-26,1.441055e-26,1.464970e-26,1.483978e-26,1.499079e-26,1.511072e-26,1.520592e-26,1.528149e-26,1.534146e-26,1.538904e-26,1.542679e-26,1.545673e-26,1.548049e-26,1.549933e-26,1.551427e-26,1.552612e-26,1.553552e-26,1.554298e-26
Tc-109,-5.789967e-26,2.322092e-26,6.068112e-26,1.092017e-26,-4.291448e-26,-4.886741e-26,-1.899993e-26,1.492069e-26,3.380270e-26,3.523589e-26,2.538458e-26,1.154408e-26,-1.239118e-27,-1.060261e-26,-1.609902e-26,-1.828419e-26,-1.805852e-26,-1.630221e-26,-1.372301e-26,-1.082515e-26,-7.933963e-27,-5.238124e-27,-2.831131e-27,-7.450046e-28,1.024990e-27,2.503467e-27,3.724055e-27,4.722806e-27,5.534475e-27,6.190628e-27,6.718887e-27,7.142818e-27,7.482171e-27,7.753283e-27,7.969541e-27,8.141832e-27,8.278961e-27,8.388022e-27,8.474707e-27,8.543574e-27,8.598265e-27,8.641684e-27,8.676147e-27,8.703496e-27,8.725197e-27,8.742413e-27,8.756070e-27,8.766903e-27,8.775496e-27,8.782312e-27,8.787717e-27,8.792004e-27,8.795404e-27,8.798100e-27,8.800238e-27,8.801934e-27,8.803279e-27,8.804345e-27,8.805191e-27,8.805862e-27
Tc-110,-7.622314e-27,6.033835e-28,9.046994e-27,-1.342088e-27,-1.287582e-26,-1.112158e-26,1.210151e-28,1.071688e-26,1.485628e-26,1.251680e-26,6.534497e-27,-1.269941e-28,-5.574774e-27,-9.060659e-27,-1.060926e-26,-1.061785e-26,-9.579250e-27,-7.936048e-27,-6.026526e-27,-4.081133e-27,-2.240662e-27,-5.798594e-28,8.710695e-28,2.109646e-27,3.149104e-27,4.010395e-27,4.717166e-27,5.292835e-27,5.759027e-27,6.134872e-27,6.436820e-27,6.678736e-27,6.872137e-27,7.026490e-27,7.149515e-27,7.247466e-27,7.325388e-27,7.387337e-27,7.436560e-27,7.475656e-27,7.506697e-27,7.531338e-27,7.550894e-27,7.566411e-27,7.578722e-27,7.588489e-27,7.596237e-27,7.602382e-27,7.607256e-27,7.611122e-27,7.614188e-27,7.616619e-27,7.618548e-27,7.620077e-27,7.621290e-27,7.622252e-27,7.623014e-27,7.623619e-27,7.624099e-27,7.624479e-27
Tc-111,-3.187068e-27,-7.156709e-28,2.004626e-27,3.190062e-27,2.678206e-27,1.176152e-27,-5.193610e-28,-1.885946e-27,-2.714187e-27,-3.010599e-27,-2.886974e-27,-2.482294e-27,-1.921231e-27,-1.298680e-27,-6.787352e-28,-9.991490e-29,4.180458e-28,8.680096e-28,1.250603e-27,1.570775e-27,1.835510e-27,2.052408e-27,2.228860e-27,2.371625e-27,2.486641e-27,2.578992e-27,2.652950e-27,2.712057e-27,2.759217e-27,2.796798e-27,2.826714e-27,2.850510e-27,2.869426e-27,2.884456e-27,2.896392e-27,2.905869e-27,2.913391e-27,2.919361e-27,2.924098e-27,2.927856e-27,2.930837e-27,2.933202e-27,2.935078e-27,2.936566e-27,2.937746e-27,2.938681e-27,2.939424e-27,2.940012e-27,2.940479e-27,2.940849e-27,2.941143e-27,2.941376e-27,2.941560e-27,2.941707e-27,2.941823e-27,2.941915e-27,2.941988e-27,2.942046e-27,2.942092e-27,2.942128e-27
Tc-112,-3.671502e-28,3.998123e-30,3.430324e-28,4.481830e-28,3.298548e-28,9.711481e-29,-1.423111e-28,-3.233316e-28,-4.237120e-28,-4.489594e-28,-4.170771e-28,-3.483782e-28,-2.603524e-28,-1.659569e-28,-7.373197e-29,1.134349e-29,8.685365e-29,1.520715e-28,2.072902e-28,2.533538e-28,2.913506e-28,3.224244e-28,3.476682e-28,3.680700e-28,3.844924e-28,3.976697e-28,4.082171e-28,4.166430e-28,4.233637e-28,4.287179e-28,4.329792e-28,4.363683e-28,4.390619e-28,4.412019e-28,4.429013e-28,4.442505e-28,4.453214e-28,4.461712e-28,4.468455e-28,4.473804e-28,4.478048e-28,4.481414e-28,4.484084e-28,4.486202e-28,4.487881e-28,4.489214e-28,4.490270e-28,4.491108e-28,4.491772e-28,4.492299e-28,4.492717e-28,4.493048e-28,4.493311e-28,4.493519e-28,4.493685e-28,4.493816e-28,4.493920e-28,4.494002e-28,4.494067e-28,4.494119e-28
Tc-113,8.684055e-29,8.471630e-29,4.644675e-29,-4.003473e-30,-4.833726e-29,-7.767959e-29,-9.059357e-29,-8.973988e-29,-7.920593e-29,-6.294542e-29,-4.410595e-29,-2.489078e-29,-6.674665e-30,9.797479e-30,2.421489e-29,3.654169e-29,4.690031e-29,5.549255e-29,6.254938e-29,6.830118e-29,7.296172e-29,7.672072e-29,7.974171e-29,8.216276e-29,8.409871e-29,8.564407e-29,8.687594e-29,8.785686e-29,8.863727e-29,8.925774e-29,8.975079e-29,9.014241e-29,9.045337e-29,9.070021e-29,9.089611e-29,9.105156e-29,9.117490e-29,9.127275e-29,9.135036e-29,9.141193e-29,9.146076e-29,9.149949e-29,9.153021e-29,9.155457e-29,9.157389e-29,9.158921e-29,9.160136e-29,9.161099e-29,9.161864e-29,9.162470e-29,9.162950e-29,9.163331e-29,9.163633e-29,9.163873e-29,9.164063e-29,9.164214e-29,9.164333e-29,9.164428e-29,9.164503e-29,9.164563e-29
Tc-114,4.566819e-30,3.840197e-30,1.635444e-30,-8.790092e-31,-2.916691e-30,-4.152783e-30,-4.588952e-30,-4.389519e-30,-3.763063e-30,-2.898362e-30,-1.939879e-30,-9.855641e-31,-9.445594e-32,7.031097e-31,1.396112e-30,1.985466e-30,2.478743e-30,2.886666e-30,3.220915e-30,3.492862e-30,3.712906e-30,3.890190e-30,4.032546e-30,4.146555e-30,4.237672e-30,4.310376e-30,4.368312e-30,4.414433e-30,4.451119e-30,4.480282e-30,4.503453e-30,4.521855e-30,4.536466e-30,4.548063e-30,4.557267e-30,4.564570e-30,4.570364e-30,4.574961e-30,4.578607e-30,4.581499e-30,4.583793e-30,4.585612e-30,4.587055e-30,4.588199e-30,4.589107e-30,4.589826e-30,4.590397e-30,4.590850e-30,4.591209e-30,4.591493e-30,4.591719e-30,4.591898e-30,4.592040e-30,4.592153e-30,4.592242e-30,4.592313e-30,4.592369e-30,4.592413e-30,4.592449e-30,4.592477e-30
Tc-115,-1.452898e-32,-3.973731e-32,-5.448023e-32,-5.909462e-32,-5.581312e-32,-4.731920e-32,-3.598835e-32,-2.361302e-32,-1.139397e-32,-4.497649e-35,1.007556e-32,1.884627e-32,2.629082e-32,3.251276e-32,3.765244e-32,4.186030e-32,4.528159e-32,4.804850e-32,5.027685e-32,5.206562e-32,5.349785e-32,5.464227e-32,5.555528e-32,5.628276e-32,5.686183e-32,5.732240e-32,5.768850e-32,5.797937e-32,5.821037e-32,5.839376e-32,5.853934e-32,5.865486e-32,5.874652e-32,5.881925e-32,5.887694e-32,5.892270e-32,5.895900e-32,5.898779e-32,5.901062e-32,5.902873e-32,5.904309e-32,5.905448e-32,5.906352e-32,5.907068e-32,5.907636e-32,5.908087e-32,5.908444e-32,5.908727e-32,5.908952e-32,5.909130e-32,5.909271e-32,5.909383e-32,5.909472e-32,5.909543e-32,5.909598e-32,5.909643e-32,5.909678e-32,5.909706e-32,5.909728e-32,5.909745e-32
Tc-116,1.000887e-33,-1.216104e-33,-2.913627e-33,-3.871696e-33,-4.132668e-33,-3.859404e-33,-3.239181e-33,-2.434635e-33,-1.566951e-33,-7.164168e-34,6.986340e-35,7.687732e-34,1.373062e-33,1.885104e-33,2.312504e-33,2.665215e-33,2.953762e-33,3.188235e-33,3.377775e-33,3.530368e-33,3.652826e-33,3.750852e-33,3.829168e-33,3.891639e-33,3.941410e-33,3.981024e-33,4.012529e-33,4.037571e-33,4.057466e-33,4.073265e-33,4.085809e-33,4.095765e-33,4.103666e-33,4.109935e-33,4.114908e-33,4.118854e-33,4.121984e-33,4.124466e-33,4.126435e-33,4.127996e-33,4.129235e-33,4.130217e-33,4.130996e-33,4.131614e-33,4.132104e-33,4.132492e-33,4.132800e-33,4.133045e-33,4.133238e-33,4.133392e-33,4.133514e-33,4.133610e-33,4.133687e-33,4.133748e-33,4.133796e-33,4.133834e-33,4.133865e-33,4.133889e-33,4.133908e-33,4.133923e-33
Tc-117,-5.718715e-34,-5.679779e-34,-5.023648e-34,-4.000921e-34,-2.811734e-34,-1.596524e-34,-4.431353e-35,6.006612e-35,1.514770e-34,2.296650e-34,2.953893e-34,3.499188e-34,3.947120e-34,4.312267e-34,4.608167e-34,4.846849e-34,5.038682e-34,5.192427e-34,5.315371e-34,5.413514e-34,5.491750e-34,5.554049e-34,5.603614e-34,5.643022e-34,5.674337e-34,5.699211e-34,5.718961e-34,5.734639e-34,5.747082e-34,5.756955e-34,5.764789e-34,5.771004e-34,5.775933e-34,5.779844e-34,5.782945e-34,5.785405e-34,5.787356e-34,5.788904e-34,5.790131e-34,5.791104e-34,5.791876e-34,5.792488e-34,5.792973e-34,5.793358e-34,5.793663e-34,5.793905e-34,5.794097e-34,5.794249e-34,5.794370e-34,5.794466e-34,5.794542e-34,5.794602e-34,5.794650e-34,5.794687e-34,5.794717e-34,5.794741e-34,5.794760e-34,5.794775e-34,5.794787e-34,5.794796e-34
Tc-118,-1.740025e-37,-3.098905e-37,-3.761046e-37,-3.816919e-37,-3.433781e-37,-2.781916e-37,-2.000723e-37,-1.189862e-37,-4.128562e-38,2.948302e-38,9.173863e-38,1.451636e-37,1.901820e-37,2.276016e-37,2.583834e-37,2.835035e-37,3.038772e-37,3.203219e-37,3.335458e-37,3.441484e-37,3.526296e-37,3.594016e-37,3.648011e-37,3.691013e-37,3.725231e-37,3.752439e-37,3.774061e-37,3.791236e-37,3.804874e-37,3.815701e-37,3.824294e-37,3.831113e-37,3.836523e-37,3.840815e-37,3.844220e-37,3.846920e-37,3.849062e-37,3.850761e-37,3.852109e-37,3.853178e-37,3.854025e-37,3.854697e-37,3.855230e-37,3.855653e-37,3.855988e-37,3.856254e-37,3.856465e-37,3.856632e-37,3.856765e-37,3.856870e-37,3.856953e-37,3.857019e-37,3.857072e-37,3.857113e-37,3.857146e-37,3.857172e-37,3.857193e-37,3.857209e-37,3.857223e-37,3.857233e-37
Ru-98,4.856062e+05,6.123640e+05,7.722094e+05,9.737793e+05,1.227965e+06,1.548501e+06,1.952706e+06,2.462421e+06,3.105187e+06,3.915734e+06,4.937859e+06,6.226789e+06,7.852168e+06,9.901820e+06,1.248649e+07,1.574584e+07,1.985598e+07,2.503899e+07,3.157492e+07,3.981693e+07,5.021034e+07,6.331675e+07,7.984433e+07,1.006861e+08,1.269682e+08,1.601107e+08,2.019044e+08,2.546076e+08,3.210678e+08,4.048762e+08,5.105610e+08,6.438328e+08,8.118925e+08,1.023821e+09,1.291069e+09,1.628077e+09,2.053054e+09,2.588963e+09,3.264760e+09,4.116960e+09,5.191610e+09,6.546777e+09,8.255682e+09,1.041066e+10,1.312816e+10,1.655500e+10,2.087635e+10,2.632571e+10,3.319751e+10,4.186305e+10,5.279055e+10,6.657045e+10,8.394732e+10,1.058600e+11,1.334926e+11,1.683381e+11,2.122792e+11,2.676902e+11,3.375650e+11,4.256789e+11
Ru-99,3.182556e+15,5.063675e+15,8.016609e+15,1.262526e+16,1.976994e+16,3.075880e+16,4.750066e+16,7.271772e+16,1.101810e+17,1.649256e+17,2.433665e+17,3.531983e+17,5.029557e+17,7.011614e+17,9.551380e+17,1.269739e+18,1.646325e+18,2.082066e+18,2.569271e+18,3.094316e+18,3.636461e+18,4.167757e+18,4.655571e+18,5.068406e+18,5.384086e+18,5.597196e+18,5.721326e+18,5.783345e+18,5.812097e+18,5.828707e+18,5.844095e+18,5.862466e+18,5.885517e+18,5.914578e+18,5.951224e+18,5.997437e+18,6.055712e+18,6.129199e+18,6.221868e+18,6.338726e+18,6.486088e+18,6.671916e+18,6.906250e+18,7.201751e+18,7.574387e+18,8.044291e+18,8.636852e+18,9.384086e+18,1.032637e+19,1.151460e+19,1.301300e+19,1.490249e+19,1.728518e+19,2.028977e+19,2.407858e+19,2.885627e+19,3.488090e+19,4.247784e+19,5.205735e+19,6.413667e+19
Ru-100,1.621915e+17,1.621915e+17,1.621915e+17,1.621915e+17,1.621915e+17,1.621915e+17,1.621915e+17,1.621915e+17,1.621915e+17,1.621915e+17,1.621915e+17,1.621915e+17,1.621915e+17,1.621915e+17,1.621915e+17,1.621915e+17,1.621915e+17,1.621915e+17,1.621915e+17,1.621915e+17,1.621915e+17,1.621915e+17,1.621915e+17,1.621915e+17,1.621915e+17,1.621915e+17,1.621915e+17,1.621915e+17,1.621915e+17,1.621915e+17,1.621915e+17,1.621915e+17,1.621915e+17,1.621915e+17,1.621915e+17,1.621915e+17,1.621915e+17,1.621915e+17,1.621915e+17,1.621915e+17,1.621915e+17,1.621915e+17,1.621915e+17,1.621915e+17,1.621915e+17,1.621915e+17,1.621915e+17,1.621915e+17,1.621915e+17,1.621915e+17,1.621915e+17,1.621915e+17,1.621915e+17,1.621915e+17,1.621915e+17,1.621915e+17,1.621915e+17,1.621915e+17,1.621915e+17,1.621915e+17
Ru-101,1.175110e+23,1.318699e+23,1.417149e+23,1.471574e+23,1.494565e+23,1.501510e+23,1.502892e+23,1.503056e+23,1.503066e+23,1.503066e+23,1.503066e+23,1.503066e+23,1.503066e+23,1.503066e+23,1.503066e+23,1.503066e+23,1.503066e+23,1.503066e+23,1.503066e+23,1.503066e+23,1.503066e+23,1.503066e+23,1.503066e+23,1.503066e+23,1.503066e+23,1.503066e+23,1.503066e+23,1.503066e+23,1.503066e+23,1.503066e+23,1.503066e+23,1.503066e+23,1.503066e+23,1.503066e+23,1.503066e+23,1.503066e+23,1.503066e+23,1.503066e+23,1.503066e+23,1.503066e+23,1.503066e+23,1.503066e+23,1.503066e+23,1.503066e+23,1.503066e+23,1.503066e+23,1.503066e+23,1.503066e+23,1.503066e+23,1.503066e+23,1.503066e+23,1.503066e+23,1.503066e+23,1.503066e+23,1.503066e+23,1.503066e+23,1.503066e+23,1.503066e+23,1.503066e+23,1.503066e+23
Ru-102,1.211750e+23,1.231299e+23,1.239807e+23,1.242632e+23,1.243301e+23,1.243405e+23,1.243414e+23,1.243415e+23,1.243415e+23,1.243415e+23,1.243415e+23,1.243415e+23,1.243415e+23,1.243415e+23,1.243415e+23,1.243415e+23,1.243415e+23,1.243415e+23,1.243415e+23,1.243415e+23,1.243415e+23,1.243415e+23,1.243415e+23,1.243415e+23,1.243415e+23,1.243415e+23,1.243415e+23,1.243415e+23,1.243415e+23,1.243415e+23,1.243415e+23,1.243415e+23,1.243415e+23,1.243415e+23,1.243415e+23,1.243415e+23,1.243415e+23,1.243415e+23,1.243415e+23,1.243415e+23,1.243415e+23,1.243415e+23,1.243415e+23,1.243415e+23,1.243415e+23,1.243415e+23,1.243415e+23,1.243415e+23,1.243415e+23,1.243415e+23,1.243415e+23,1.243415e+23,1.243415e+23,1.243415e+23,1.243415e+23,1.243415e+23,1.243415e+23,1.243415e+23,1.243415e+23,1.243415e+23
Ru-103,8.788551e+22,8.786863e+22,8.784735e+22,8.782052e+22,8.778670e+22,8.774407e+22,8.769034e+22,8.762263e+22,8.753733e+22,8.742987e+22,8.729455e+22,8.712421e+22,8.690988e+22,8.664036e+22,8.630167e+22,8.587646e+22,8.534325e+22,8.467557e+22,8.384104e+22,8.280039e+22,8.150650e+22,7.990364e+22,7.792726e+22,7.550451e+22,7.255645e+22,6.900239e+22,6.476773e+22,5.979619e+22,5.406726e+22,4.761876e+22,4.057180e+22,3.315240e+22,2.569868e+22,1.863956e+22,1.243235e+22,7.460366e+21,3.918073e+21,1.739314e+21,6.246252e+20,1.716982e+20,3.369087e+19,4.321597e+18,3.243187e+17,1.238016e+16,2.015004e+14,1.119402e+12,1.603238e+09,4.155691e+05,1.247792e+01,2.472475e-05,1.590247e-12,1.353240e-21,-2.693078e-24,-3.566432e-25,-1.656185e-24,-3.495010e-24,-3.594604e-24,-2.438918e-24,-9.759625e-26,-2.121699e-24
Ru-104,4.856857e+22,5.122176e+22,5.294746e+22,5.389438e+22,5.431434e+22,5.445708e+22,5.449189e+22,5.449751e+22,5.449805e+22,5.449808e+22,5.449808e+22,5.449808e+22,5.449808e+22,5.449808e+22,5.449808e+22,5.449808e+22,5.449808e+22,5.449808e+22,5.449808e+22,5.449808e+22,5.449808e+22,5.449808e+22,5.449808e+22,5.449808e+22,5.449808e+22,5.449808e+22,5.449808e+22,5.449808e+22,5.449808e+22,5.449808e+22,5.449808e+22,5.449808e+22,5.449808e+22,5.449808e+22,5.449808e+22,5.449808e+22,5.449808e+22,5.449808e+22,5.449808e+22,5.449808e+22,5.449808e+22,5.449808e+22,5.449808e+22,5.449808e+22,5.449808e+22,5.449808e+22,5.449808e+22,5.449808e+22,5.449808e+22,5.449808e+22,5.449808e+22,5.449808e+22,5.449808e+22,5.449808e+22,5.449808e+22,5.449808e+22,5.449808e+22,5.449808e+22,5.449808e+22,5.449808e+22
Ru-105,2.463599e+22,2.374689e+22,2.258214e+22,2.116953e+22,1.950889e+22,1.759870e+22,1.545418e+22,1.311839e+22,1.066936e+22,8.221880e+21,5.919211e+21,3.911159e+21,2.319384e+21,1.200062e+21,5.228002e+20,1.833456e+20,4.891246e+19,9.242219e+18,1.130421e+18,7.989230e+16,2.827438e+15,4.183091e+13,2.060363e+11,2.535417e+08,5.427313e+04,1.280206e+00,1.871151e-06,8.199410e-14,4.271349e-23,-1.372692e-24,6.608216e-25,2.279348e-25,-1.945996e-25,-7.983407e-25,-1.069012e-24,-2.583773e-25,-2.649721e-25,-5.622194e-25,8.332317e-25,1.566275e-25,7.659078e-25,1.207894e-24,7.016702e-26,4.529879e-25,1.071379e-24,4.971374e-25,-3.767531e-25,-5.820545e-25,-1.985221e-25,2.332908e-25,3.636189e-25,1.654528e-25,-2.154057e-25,-6.173572e-25,-9.361930e-25,-1.132222e-24,-1.209880e-24,-1.194756e-24,-1.117467e-24,-1.005166e-24
Ru-106,1.163825e+22,1.163801e+22,1.163772e+22,1.163734e+22,1.163687e+22,1.163627e+22,1.163552e+22,1.163457e+22,1.163338e+22,1.163187e+22,1.162997e+22,1.162757e+22,1.162454e+22,1.162073e+22,1.161593e+22,1.160988e+22,1.160224e+22,1.159263e+22,1.158052e+22,1.156526e+22,1.154605e+22,1.152186e+22,1.149144e+22,1.145320e+22,1.140515e+22,1.134484e+22,1.126925e+22,1.117464e+22,1.105647e+22,1.090923e+22,1.072635e+22,1.050010e+22,1.022159e+22,9.880874e+21,9.467369e+21,8.970506e+21,8.380951e+21,7.692421e+21,6.904219e+21,6.024364e+21,5.072872e+21,4.084217e+21,3.107342e+21,2.201303e+21,1.425253e+21,8.238057e+20,4.126815e+20,1.726002e+20,5.749746e+19,1.437613e+19,2.503189e+18,2.761752e+17,1.713915e+16,5.148484e+14,6.194424e+12,2.350870e+10,2.082390e+07,2.944811e+03,4.118286e-02,3.113482e-08
Ru-107,7.235064e+16,4.001255e+15,1.039372e+14,1.041123e+12,3.135911e+09,2.075546e+06,2.032480e+02,1.788227e-03,7.536234e-10,6.882548e-18,-1.714596e-25,1.769954e-25,-2.191268e-25,9.901360e-26,2.018397e-25,-1.021194e-26,-1.457680e-25,-4.529593e-26,2.158430e-25,-4.130442e-26,3.225416e-26,-2.355567e-25,-3.934657e-26,-7.413562e-26,-1.059510e-25,1.060742e-25,2.026799e-25,1.084655e-25,2.280000e-26,4.369163e-26,1.176196e-25,1.644245e-25,1.515049e-25,9.107435e-26,1.171656e-26,-6.224199e-26,-1.176408e-25,-1.511118e-25,-1.651472e-25,-1.646153e-25,-1.545778e-25,-1.392601e-25,-1.217569e-25,-1.041129e-25,-8.754350e-26,-7.267240e-26,-5.973325e-26,-4.872204e-26,-3.950309e-26,-3.187848e-26,-2.563082e-26,-2.054783e-26,-1.643517e-26,-1.312186e-26,-1.046146e-26,-8.330929e-27,-6.628249e-27,-5.269710e-27,-4.187145e-27,-3.325365e-27
Ru-108,1.724431e+17,1.586551e+16,7.830416e+14,1.762121e+13,1.472904e+11,3.531254e+08,1.752752e+05,1.194027e+01,6.647713e-05,1.573218e-11,6.939860e-20,1.310318e-26,1.651385e-26,2.130559e-26,1.333883e-26,-1.199548e-26,-6.777470e-27,-1.323551e-26,-3.691438e-26,4.558348e-26,1.848339e-26,6.112304e-26,1.083558e-26,7.324900e-26,1.960079e-26,-6.543804e-27,3.844053e-26,3.634010e-26,-1.326401e-26,-4.297503e-26,-3.175485e-26,-4.107395e-27,1.309689e-26,1.077107e-26,-6.051990e-27,-2.799090e-26,-4.758717e-26,-6.109222e-26,-6.779697e-26,-6.871346e-26,-6.548310e-26,-5.972411e-26,-5.274185e-26,-4.546199e-26,-3.847190e-26,-3.209901e-26,-2.648981e-26,-2.167493e-26,-1.761708e-26,-1.424391e-26,-1.146900e-26,-9.204436e-27,-7.367755e-27,-5.885258e-27,-4.693130e-27,-3.737316e-27,-2.972741e-27,-2.362254e-27,-1.875501e-27,-1.487841e-27
Ru-109,3.598072e-11,2.273203e-19,-6.984796e-26,-2.366806e-27,3.087516e-26,5.810067e-26,2.976661e-26,-3.266976e-27,-3.667528e-26,-5.127533e-26,1.057529e-27,-1.516452e-26,2.716450e-26,7.969794e-28,4.368246e-26,2.111982e-26,3.271703e-27,2.949349e-26,3.161773e-26,3.135241e-27,-1.671033e-26,-1.267646e-26,2.348922e-27,1.232618e-26,1.116042e-26,1.319491e-27,-1.181049e-26,-2.377282e-26,-3.224241e-26,-3.670600e-26,-3.770453e-26,-3.618322e-26,-3.309442e-26,-2.921626e-26,-2.510653e-26,-2.112348e-26,-1.747045e-26,-1.424214e-26,-1.146300e-26,-9.115879e-27,-7.161728e-27,-5.552249e-27,-4.237582e-27,-3.170571e-27,-2.308852e-27,-1.615620e-27,-1.059621e-27,-6.147513e-28,-2.594650e-28,2.385780e-29,2.495299e-28,4.291164e-28,5.719247e-28,6.854212e-28,7.755811e-28,8.471768e-28,9.040145e-28,9.491261e-28,9.849243e-28,1.013328e-27
Ru-110,-5.462427e-27,-7.392951e-27,-2.142303e-26,-1.903245e-26,1.173527e-26,2.537969e-26,-1.698476e-26,7.713903e-27,-2.945576e-26,-2.607355e-27,3.410942e-27,-1.509937e-26,9.649344e-27,2.862800e-26,1.426057e-26,-4.132573e-27,-4.431243e-27,7.951206e-27,1.879827e-26,2.046911e-26,1.354552e-26,2.390400e-27,-8.746451e-27,-1.732148e-26,-2.248799e-26,-2.449297e-26,-2.407381e-26,-2.205636e-26,-1.915256e-26,-1.589315e-26,-1.263231e-26,-9.581440e-27,-6.848707e-27,-4.473660e-27,-2.453827e-27,-7.634288e-28,6.342844e-28,1.779403e-27,2.710957e-27,3.464631e-27,4.071793e-27,4.559294e-27,4.949692e-27,5.261686e-27,5.510619e-27,5.708981e-27,5.866888e-27,5.992489e-27,6.092331e-27,6.171657e-27,6.234658e-27,6.284677e-27,6.324381e-27,6.355889e-27,6.380890e-27,6.400726e-27,6.416461e-27,6.428943e-27,6.438844e-27,6.446696e-27
Ru-111,1.108760e-26,-9.753258e-27,8.198247e-27,-6.157988e-27,-1.286179e-26,5.409954e-27,1.044703e-26,-9.395713e-28,-7.958463e-27,-2.997757e-27,6.855673e-27,1.320412e-26,1.308255e-26,8.047287e-27,1.119939e-27,-5.245717e-27,-9.774535e-27,-1.217777e-26,-1.273735e-26,-1.195416e-26,-1.033427e-26,-8.291530e-27,-6.122788e-27,-4.018808e-27,-2.088023e-27,-3.810689e-28,1.088766e-27,2.330332e-27,3.364162e-27,4.215726e-27,4.911355e-27,5.475973e-27,5.931977e-27,6.298832e-27,6.593071e-27,6.828505e-27,7.016531e-27,7.166475e-27,7.285909e-27,7.380953e-27,7.456534e-27,7.516601e-27,7.564318e-27,7.602210e-27,7.632292e-27,7.656167e-27,7.675113e-27,7.690146e-27,7.702072e-27,7.711532e-27,7.719037e-27,7.724989e-27,7.729710e-27,7.733454e-27,7.736424e-27,7.738779e-27,7.740647e-27,7.742128e-27,7.743302e-27,7.744234e-27
Ru-112,-6.597725e-27,5.224258e-27,5.469099e-28,-7.408919e-27,2.041961e-27,6.610212e-27,-3.759551e-28,-6.350044e-27,-4.528706e-27,1.602458e-27,6.408508e-27,7.343440e-27,4.971727e-27,1.096689e-27,-2.668210e-27,-5.414100e-27,-6.876683e-27,-7.186863e-27,-6.641222e-27,-5.555619e-27,-4.194832e-27,-2.751614e-27,-1.351141e-27,-6.517211e-29,1.072468e-27,2.052670e-27,2.881080e-27,3.571187e-27,4.139832e-27,4.604486e-27,4.981720e-27,5.286444e-27,5.531632e-27,5.728312e-27,5.885699e-27,6.011404e-27,6.111655e-27,6.191512e-27,6.255063e-27,6.305602e-27,6.345768e-27,6.377677e-27,6.403016e-27,6.423132e-27,6.439098e-27,6.451768e-27,6.461821e-27,6.469796e-27,6.476123e-27,6.481141e-27,6.485122e-27,6.488279e-27,6.490783e-27,6.492769e-27,6.494344e-27,6.495593e-27,6.496583e-27,6.497369e-27,6.497992e-27,6.498486e-27
Ru-113,-2.705404e-27,3.198321e-27,2.713547e-27,-2.107285e-27,-3.990187e-27,-1.598505e-27,1.997053e-27,4.029576e-27,3.792536e-27,2.005738e-27,-2.638735e-28,-2.225047e-27,-3.505943e-27,-4.057394e-27,-4.004305e-27,-3.529642e-27,-2.807766e-27,-1.976348e-27,-1.131178e-27,-3.316817e-28,3.901855e-28,1.021319e-27,1.560495e-27,2.013306e-27,2.388725e-27,2.696946e-27,2.948096e-27,3.151552e-27,3.315623e-27,3.447464e-27,3.553111e-27,3.637582e-27,3.705007e-27,3.758751e-27,3.801545e-27,3.835590e-27,3.862657e-27,3.884165e-27,3.901248e-27,3.914813e-27,3.925580e-27,3.934126e-27,3.940907e-27,3.946287e-27,3.950555e-27,3.953940e-27,3.956626e-27,3.958756e-27,3.960445e-27,3.961785e-27,3.962848e-27,3.963690e-27,3.964359e-27,3.964889e-27,3.965309e-27,3.965642e-27,3.965907e-27,3.966116e-27,3.966282e-27,3.966414e-27
Ru-114,9.143198e-28,-4.148658e-28,-1.137722e-27,-6.089861e-28,4.009062e-28,1.055532e-27,1.076847e-27,6.273072e-28,3.768353e-30,-5.581121e-28,-9.392333e-28,-1.115814e-27,-1.118078e-27,-9.961063e-28,-7.994374e-28,-5.680033e-28,-3.300267e-28,-1.032938e-28,1.024188e-28,2.828953e-28,4.374664e-28,5.675238e-28,6.755078e-28,7.642608e-28,8.366419e-28,8.953164e-28,9.426573e-28,9.807139e-28,1.011219e-27,1.035617e-27,1.055094e-27,1.070622e-27,1.082988e-27,1.092826e-27,1.100649e-27,1.106865e-27,1.111803e-27,1.115724e-27,1.118836e-27,1.121307e-27,1.123267e-27,1.124822e-27,1.126056e-27,1.127034e-27,1.127811e-27,1.128427e-27,1.128915e-27,1.129302e-27,1.129609e-27,1.129853e-27,1.130046e-27,1.130200e-27,1.130321e-27,1.130417e-27,1.130494e-27,1.130554e-27,1.130602e-27,1.130641e-27,1.130671e-27,1.130695e-27
Ru-115,-2.007129e-29,1.671862e-28,4.910031e-29,-1.364268e-28,-1.494443e-28,-1.859486e-29,1.163614e-28,1.683110e-28,1.328527e-28,4.864530e-29,-4.253753e-29,-1.139985e-28,-1.555944e-28,-1.683946e-28,-1.587999e-28,-1.344542e-28,-1.021061e-28,-6.683854e-29,-3.205150e-29,2.374801e-31,2.901849e-29,5.395280e-29,7.511194e-29,9.279301e-29,1.073966e-28,1.193513e-28,1.290705e-28,1.369303e-28,1.432600e-28,1.483408e-28,1.524087e-28,1.556591e-28,1.582523e-28,1.603184e-28,1.619630e-28,1.632711e-28,1.643108e-28,1.651369e-28,1.657929e-28,1.663138e-28,1.667272e-28,1.670553e-28,1.673156e-28,1.675221e-28,1.676860e-28,1.678159e-28,1.679190e-28,1.680008e-28,1.680656e-28,1.681171e-28,1.681579e-28,1.681902e-28,1.682159e-28,1.682362e-28,1.682523e-28,1.682651e-28,1.682753e-28,1.682833e-28,1.682897e-28,1.682948e-28
Ru-116,6.085824e-30,1.506391e-29,1.507056e-29,8.542521e-30,-3.089006e-31,-8.196358e-30,-1.348734e-29,-1.588211e-29,-1.582697e-29,-1.403633e-29,-1.120981e-29,-7.908268e-30,-4.526410e-30,-1.311871e-30,1.600104e-30,4.152058e-30,6.335970e-30,8.172447e-30,9.696557e-30,1.094881e-29,1.196980e-29,1.279727e-29,1.346481e-29,1.400136e-29,1.443141e-29,1.477533e-29,1.504987e-29,1.526874e-29,1.544302e-29,1.558169e-29,1.569194e-29,1.577955e-29,1.584914e-29,1.590439e-29,1.594825e-29,1.598307e-29,1.601069e-29,1.603261e-29,1.605000e-29,1.606379e-29,1.607473e-29,1.608341e-29,1.609029e-29,1.609575e-29,1.610008e-29,1.610351e-29,1.610623e-29,1.610839e-29,1.611010e-29,1.611146e-29,1.611254e-29,1.611339e-29,1.611407e-29,1.611461e-29,1.611503e-29,1.611537e-29,1.611564e-29,1.611585e-29,1.611602e-29,1.611615e-29
Ru-117,1.649011e-30,1.222012e-30,3.690511e-31,-5.124673e-31,-1.181204e-30,-1.553845e-30,-1.649770e-30,-1.534855e-30,-1.283786e-30,-9.610106e-31,-6.143452e-31,-2.753494e-31,3.754660e-32,3.153730e-31,5.553990e-31,7.586669e-31,9.282606e-31,1.068171e-30,1.182600e-30,1.275567e-30,1.350707e-30,1.411193e-30,1.459728e-30,1.498578e-30,1.529614e-30,1.554370e-30,1.574092e-30,1.589789e-30,1.602273e-30,1.612196e-30,1.620079e-30,1.626339e-30,1.631309e-30,1.635253e-30,1.638384e-30,1.640868e-30,1.642838e-30,1.644402e-30,1.645642e-30,1.646625e-30,1.647405e-30,1.648024e-30,1.648515e-30,1.648904e-30,1.649212e-30,1.649457e-30,1.649651e-30,1.649805e-30,1.649927e-30,1.650024e-30,1.650101e-30,1.650162e-30,1.650210e-30,1.650248e-30,1.650279e-30,1.650303e-30,1.650322e-30,1.650337e-30,1.650349e-30,1.650358e-30
Ru-118,4.005705e-32,1.964554e-32,-5.305507e-33,-2.636882e-32,-3.974604e-32,-4.509690e-32,-4.389754e-32,-3.819327e-32,-2.989646e-32,-2.049986e-32,-1.103222e-32,-2.124885e-33,5.888383e-33,1.287657e-32,1.883553e-32,2.383310e-32,2.797222e-32,3.136776e-32,3.413289e-32,3.637185e-32,3.817672e-32,3.962663e-32,4.078821e-32,4.171681e-32,4.245790e-32,4.304856e-32,4.351883e-32,4.389294e-32,4.419035e-32,4.442667e-32,4.461436e-32,4.476339e-32,4.488169e-32,4.497557e-32,4.505007e-32,4.510917e-32,4.515606e-32,4.519325e-32,4.522275e-32,4.524615e-32,4.526471e-32,4.527943e-32,4.529111e-32,4.530036e-32,4.530771e-32,4.531353e-32,4.531815e-32,4.532181e-32,4.532471e-32,4.532701e-32,4.532884e-32,4.533029e-32,4.533144e-32,4.533235e-32,4.533307e-32,4.533364e-32,4.533410e-32,4.533446e-32,4.533474e-32,4.533497e-32
Ru-119,4.001608e-34,4.016271e-34,2.285596e-34,-6.966161e-36,-2.172127e-34,-3.584808e-34,-4.226308e-34,-4.214696e-34,-3.739984e-34,-2.988560e-34,-2.109972e-34,-1.209534e-34,-3.533649e-35,4.223893e-35,1.102339e-34,1.684293e-34,2.173706e-34,2.579902e-34,2.913660e-34,3.185790e-34,3.406349e-34,3.584281e-34,3.727303e-34,3.841936e-34,3.933610e-34,4.006794e-34,4.065136e-34,4.111595e-34,4.148559e-34,4.177948e-34,4.201302e-34,4.219853e-34,4.234582e-34,4.246275e-34,4.255555e-34,4.262919e-34,4.268761e-34,4.273396e-34,4.277073e-34,4.279989e-34,4.282303e-34,4.284137e-34,4.285592e-34,4.286746e-34,4.287662e-34,4.288387e-34,4.288963e-34,4.289419e-34,4.289781e-34,4.290068e-34,4.290296e-34,4.290477e-34,4.290620e-34,4.290733e-34,4.290823e-34,4.290895e-34,4.290951e-34,4.290996e-34,4.291032e-34,4.291060e-34
Ru-120,1.975852e-34,1.635246e-34,6.722342e-35,-4.113595e-35,-1.282086e-34,-1.804920e-34,-1.983651e-34,-1.890449e-34,-1.615453e-34,-1.239727e-34,-8.250583e-35,-4.131959e-35,-2.920746e-36,3.141090e-35,6.121904e-35,8.655484e-35,1.077516e-34,1.252750e-34,1.396301e-34,1.513073e-34,1.607544e-34,1.683649e-34,1.744754e-34,1.793688e-34,1.832795e-34,1.863997e-34,1.888860e-34,1.908653e-34,1.924396e-34,1.936911e-34,1.946854e-34,1.954751e-34,1.961020e-34,1.965997e-34,1.969946e-34,1.973080e-34,1.975566e-34,1.977539e-34,1.979103e-34,1.980344e-34,1.981329e-34,1.982109e-34,1.982728e-34,1.983219e-34,1.983609e-34,1.983918e-34,1.984163e-34,1.984357e-34,1.984511e-34,1.984633e-34,1.984730e-34,1.984807e-34,1.984868e-34,1.984916e-34,1.984954e-34,1.984985e-34,1.985009e-34,1.985028e-34,1.985043e-34,1.985055e-34
Rh-101,9.458349e+11,9.458290e+11,9.458215e+11,9.458121e+11,9.458002e+11,9.457853e+11,9.457664e+11,9.457426e+11,9.457126e+11,9.456748e+11,9.456271e+11,9.455670e+11,9.454911e+11,9.453955e+11,9.452750e+11,9.451229e+11,9.449313e+11,9.446897e+11,9.443850e+11,9.440011e+11,9.435171e+11,9.429071e+11,9.421384e+11,9.411700e+11,9.399503e+11,9.384144e+11,9.364811e+11,9.340490e+11,9.309909e+11,9.271489e+11,9.223266e+11,9.162812e+11,9.087143e+11,8.992612e+11,8.874807e+11,8.728448e+11,8.547321e+11,8.324263e+11,8.051260e+11,7.719723e+11,7.321037e+11,6.847502e+11,6.293777e+11,5.658892e+11,4.948767e+11,4.178898e+11,3.376430e+11,2.580365e+11,1.838326e+11,1.198740e+11,6.991246e+10,3.542083e+10,1.502733e+10,5.096868e+09,1.303619e+09,2.335762e+08,2.671711e+07,1.735218e+06,5.520296e+04,7.140135e+02
Rh-102,1.714490e+13,1.714427e+13,1.714349e+13,1.714250e+13,1.714125e+13,1.713967e+13,1.713768e+13,1.713518e+13,1.713202e+13,1.712804e+13,1.712302e+13,1.711669e+13,1.710871e+13,1.709866e+13,1.708599e+13,1.707002e+13,1.704991e+13,1.702458e+13,1.699270e+13,1.695257e+13,1.690211e+13,1.683869e+13,1.675906e+13,1.665918e+13,1.653407e+13,1.637765e+13,1.618250e+13,1.593972e+13,1.563876e+13,1.526733e+13,1.481150e+13,1.425604e+13,1.358520e+13,1.278407e+13,1.184085e+13,1.075001e+13,9.516571e+12,8.160936e+12,6.723336e+12,5.265931e+12,3.869835e+12,2.624459e+12,1.608713e+12,8.683845e+11,3.997744e+11,1.511397e+11,4.524601e+10,1.081094e+10,2.600504e+09,1.028982e+09,5.793369e+08,3.156628e+08,1.481539e+08,5.709507e+07,1.715497e+07,3.765904e+06,5.564867e+05,4.992030e+04,2.386463e+03,5.158650e+01
Rh-102m,1.372336e+13,1.372328e+13,1.372319e+13,1.372307e+13,1.372292e+13,1.372272e+13,1.372248e+13,1.372218e+13,1.372180e+13,1.372131e+13,1.372070e+13,1.371993e+13,1.371896e+13,1.371774e+13,1.371619e+13,1.371425e+13,1.371180e+13,1.370870e+13,1.370481e+13,1.369989e+13,1.369370e+13,1.368589e+13,1.367605e+13,1.366365e+13,1.364804e+13,1.362837e+13,1.360360e+13,1.357244e+13,1.353325e+13,1.348398e+13,1.342211e+13,1.334450e+13,1.324727e+13,1.312566e+13,1.297391e+13,1.278503e+13,1.255078e+13,1.226148e+13,1.190615e+13,1.147272e+13,1.094857e+13,1.032161e+13,9.581909e+12,8.724223e+12,7.751236e+12,6.677436e+12,5.532786e+12,4.364765e+12,3.236652e+12,2.219896e+12,1.379819e+12,7.575410e+11,3.556426e+11,1.370569e+11,4.118058e+10,9.040068e+09,1.335849e+09,1.198339e+08,5.728714e+06,1.238336e+05
Rh-103,1.792399e+19,2.731184e+19,4.099869e+19,6.055503e+19,8.789333e+19,1.252469e+20,1.751482e+20,2.404628e+20,3.245470e+20,4.315520e+20,5.668219e+20,7.372878e+20,9.518219e+20,1.221611e+21,1.560631e+21,1.986257e+21,2.519996e+21,3.188334e+21,4.023680e+21,5.065350e+21,6.360515e+21,7.964943e+21,9.943271e+21,1.236839e+22,1.531935e+22,1.887690e+22,2.311572e+22,2.809215e+22,3.382670e+22,4.028154e+22,4.733541e+22,5.476211e+22,6.222315e+22,6.928920e+22,7.550251e+22,8.047938e+22,8.402515e+22,8.620605e+22,8.732183e+22,8.777520e+22,8.791335e+22,8.794274e+22,8.794674e+22,8.794706e+22,8.794707e+22,8.794707e+22,8.794707e+22,8.794707e+22,8.794707e+22,8.794707e+22,8.794707e+22,8.794707e+22,8.794707e+22,8.794707e+22,8.794707e+22,8.794707e+22,8.794707e+22,8.794707e+22,8.794707e+22,8.794707e+22
Rh-103m,4.363400e+19,5.112621e+19,5.872099e+19,6.599408e+19,7.247683e+19,7.775400e+19,8.158193e+19,8.397453e+19,8.519671e+19,8.564716e+19,8.569383e+19,8.556761e+19,8.536322e+19,8.509902e+19,8.476638e+19,8.434874e+19,8.382501e+19,8.316921e+19,8.234953e+19,8.132739e+19,8.005651e+19,7.848218e+19,7.654095e+19,7.416130e+19,7.126569e+19,6.777485e+19,6.361553e+19,5.873242e+19,5.310542e+19,4.677163e+19,3.985004e+19,3.256262e+19,2.524150e+19,1.830796e+19,1.221118e+19,7.327648e+18,3.848371e+18,1.708372e+18,6.135132e+17,1.686437e+17,3.309152e+16,4.244717e+15,3.185491e+14,1.215992e+13,1.979158e+11,1.099488e+09,1.574717e+06,4.081762e+02,1.225594e-02,2.428491e-08,1.561957e-15,1.276352e-24,5.436427e-28,2.459367e-27,7.907628e-28,-1.389972e-27,-1.828096e-27,-9.916960e-28,1.052062e-27,-1.151382e-27
Rh-104,5.693002e+09,4.666713e+08,1.991205e+07,3.729384e+05,2.473057e+03,4.427948e+00,1.520943e-03,6.513163e-08,2.019332e-13,2.284110e-20,3.972856e-29,2.453496e-33,-1.395736e-33,2.386657e-33,-9.005776e-34,1.109835e-33,4.060818e-34,7.516746e-34,-2.466733e-34,1.093957e-33,-1.939912e-34,-1.344534e-33,-1.604559e-33,2.320466e-33,2.053889e-35,2.055276e-34,2.306372e-33,1.133758e-33,-1.751529e-33,-2.954700e-33,-2.001873e-33,-3.745336e-34,6.469148e-34,7.280611e-34,1.698680e-34,-5.762826e-34,-1.180820e-33,-1.495558e-33,-1.509340e-33,-1.282755e-33,-8.981462e-34,-4.315297e-34,5.869219e-35,5.332367e-34,9.690037e-34,1.354865e-33,1.687716e-33,1.969348e-33,2.204203e-33,2.397896e-33,2.556285e-33,2.684954e-33,2.788943e-33,2.872649e-33,2.939816e-33,2.993579e-33,3.036528e-33,3.070786e-33,3.098079e-33,3.119801e-33
Rh-104m,2.939149e+10,2.409303e+09,1.028007e+08,1.925384e+06,1.276775e+04,2.286035e+01,7.852235e-03,3.362577e-07,1.042528e-12,1.179227e-19,2.050519e-28,8.670342e-33,-4.921653e-33,9.272034e-33,8.728265e-34,-1.121375e-33,4.780681e-33,9.203093e-33,-6.109705e-33,2.541218e-34,1.762171e-33,-3.250170e-35,-4.771720e-33,9.372880e-33,-6.347907e-33,-5.395559e-33,8.248084e-33,5.987328e-33,-5.528662e-33,-9.473096e-33,-3.527903e-33,4.849675e-33,9.355422e-33,8.562708e-33,4.265700e-33,-1.036076e-33,-5.535000e-33,-8.408066e-33,-9.573053e-33,-9.339332e-33,-8.140854e-33,-6.385102e-33,-4.390957e-33,-2.378624e-33,-4.835464e-34,1.222437e-33,2.710883e-33,3.980544e-33,5.045635e-33,5.927944e-33,6.651857e-33,7.241437e-33,7.718871e-33,8.103767e-33,8.412983e-33,8.660718e-33,8.858771e-33,9.016837e-33,9.142820e-33,9.243126e-33
Rh-105,3.256561e+21,4.224176e+21,5.384267e+21,6.752962e+21,8.337724e+21,1.012959e+22,1.209390e+22,1.416053e+22,1.621600e+22,1.810188e+22,1.962506e+22,2.058466e+22,2.081480e+22,2.023212e+22,1.886657e+22,1.685535e+22,1.440025e+22,1.171651e+22,9.006263e+21,6.458149e+21,4.245259e+21,2.501108e+21,1.283462e+21,5.533507e+20,1.915322e+20,5.025873e+19,9.300680e+18,1.108057e+18,7.575823e+16,2.571361e+15,3.608889e+13,1.663222e+11,1.882132e+08,3.624740e+04,7.483065e-01,9.244953e-07,3.277317e-14,1.408076e-23,-1.263597e-24,1.038789e-24,-7.248481e-25,-1.231098e-24,-1.081567e-26,-5.138676e-25,-3.974024e-25,1.013331e-25,-3.731554e-26,1.330395e-24,-4.265961e-25,-3.417518e-25,-2.734744e-25,-1.288029e-24,-2.772936e-25,9.164539e-25,7.067237e-25,1.042001e-25,1.272445e-25,6.600224e-25,1.132055e-24,1.205112e-24
Rh-105m,1.750957e+19,1.688398e+19,1.605749e+19,1.505331e+19,1.387249e+19,1.251418e+19,1.098925e+19,9.328295e+18,7.586829e+18,5.846460e+18,4.209065e+18,2.781169e+18,1.649281e+18,8.533465e+17,3.717556e+17,1.303744e+17,3.478095e+16,6.572008e+15,8.038261e+14,5.681026e+13,2.010550e+12,2.974536e+10,1.465094e+08,1.802898e+05,3.859284e+01,9.103357e-04,1.330548e-09,5.830486e-17,2.929762e-26,-1.036862e-27,4.271464e-28,1.431469e-28,-1.741821e-28,-6.405873e-28,-8.561119e-28,-2.745279e-28,-2.515134e-28,-4.257270e-28,6.018903e-28,1.480315e-28,5.987098e-28,9.215464e-28,1.142893e-28,3.837325e-28,8.180471e-28,4.030699e-28,-2.252633e-28,-3.778752e-28,-1.111685e-28,1.906091e-28,2.787660e-28,1.340551e-28,-1.399185e-28,-4.283279e-28,-6.571564e-28,-7.982587e-28,-8.548581e-28,-8.452105e-28,-7.911392e-28,-7.119928e-28
Rh-106,1.089428e+16,1.089406e+16,1.089378e+16,1.089343e+16,1.089298e+16,1.089243e+16,1.089172e+16,1.089083e+16,1.088971e+16,1.088830e+16,1.088652e+16,1.088428e+16,1.088145e+16,1.087788e+16,1.087338e+16,1.086772e+16,1.086057e+16,1.085157e+16,1.084023e+16,1.082595e+16,1.080797e+16,1.078533e+16,1.075685e+16,1.072105e+16,1.067607e+16,1.061962e+16,1.054886e+16,1.046030e+16,1.034969e+16,1.021186e+16,1.004067e+16,9.828886e+15,9.568172e+15,9.249240e+15,8.862169e+15,8.397068e+15,7.845199e+15,7.200684e+15,6.462868e+15,5.639257e+15,4.748589e+15,3.823134e+15,2.908705e+15,2.060585e+15,1.334144e+15,7.711441e+14,3.863009e+14,1.615668e+14,5.382194e+13,1.345714e+13,2.343173e+12,2.585207e+11,1.604353e+10,4.819368e+08,5.798447e+06,2.200591e+04,1.949273e+01,2.756565e-03,3.855025e-08,2.914453e-14
Rh-107,7.678781e+20,4.656624e+20,2.477972e+20,1.118410e+20,4.101288e+19,1.157481e+19,2.347989e+18,3.140739e+17,2.484935e+16,1.013951e+15,1.795024e+13,1.108696e+11,1.814982e+08,5.568241e+04,2.067876e+00,5.356947e-06,4.831006e-13,6.313148e-22,-8.496286e-26,1.065117e-25,-2.228924e-26,1.015462e-25,-1.505522e-25,2.833729e-26,2.404919e-25,-1.126584e-25,-1.519066e-25,5.131407e-26,9.433747e-26,3.394106e-26,7.527771e-26,-2.054686e-25,-1.854009e-25,2.295900e-26,5.420302e-26,-1.749887e-26,-8.439695e-27,9.430727e-26,1.998734e-25,2.399470e-25,2.061519e-25,1.265557e-25,3.502357e-26,-4.481841e-26,-1.022983e-25,-1.362336e-25,-1.504389e-25,-1.503643e-25,-1.412010e-25,-1.270920e-25,-1.109859e-25,-9.479051e-26,-7.961983e-26,-6.603422e-26,-5.423549e-26,-4.421003e-26,-3.582669e-26,-2.890004e-26,-2.322877e-26,-1.861765e-26
Rh-108,1.130775e+16,1.040361e+15,5.134699e+13,1.155489e+12,9.658387e+09,2.315576e+07,1.149346e+04,7.829687e-01,4.359156e-06,1.031618e-12,4.551354e-21,-4.442348e-27,-1.384360e-27,2.692357e-27,5.127826e-28,4.754849e-28,4.770999e-27,4.826459e-27,-5.947082e-28,-2.241483e-28,-5.283834e-27,-3.125600e-27,-5.041277e-27,1.367406e-27,2.135735e-28,4.178911e-28,4.678557e-27,5.280308e-27,2.318303e-27,3.505034e-28,8.767290e-28,2.381100e-27,3.163928e-27,2.668421e-27,1.246701e-27,-4.754282e-28,-2.005501e-27,-3.098573e-27,-3.711259e-27,-3.914013e-27,-3.818791e-27,-3.535835e-27,-3.154473e-27,-2.738653e-27,-2.329658e-27,-1.951273e-27,-1.615012e-27,-1.324448e-27,-1.078405e-27,-8.731667e-28,-7.038915e-28,-5.654779e-28,-4.530493e-28,-3.621968e-28,-2.890739e-28,-2.304052e-28,-1.834495e-28,-1.459410e-28,-1.160246e-28,-9.219243e-29
Rh-109,4.557604e+07,1.326575e+04,4.610236e-01,1.098447e-06,8.914107e-14,1.019100e-22,-3.050455e-26,-2.193418e-26,2.350673e-26,1.796017e-26,-5.377389e-26,2.643274e-26,8.985941e-27,2.237272e-26,-4.495472e-26,2.121175e-26,2.324091e-26,-3.157803e-26,4.224784e-28,-1.880188e-26,2.099788e-26,5.570219e-26,8.918142e-27,-5.659954e-26,-6.992730e-26,-3.177634e-26,1.925303e-26,5.301453e-26,6.143503e-26,5.085393e-26,3.145898e-26,1.132189e-26,-5.134868e-27,-1.645525e-26,-2.292953e-26,-2.559382e-26,-2.561988e-26,-2.402388e-26,-2.157330e-26,-1.879391e-26,-1.601583e-26,-1.342657e-26,-1.111730e-26,-9.118364e-27,-7.424311e-27,-6.010704e-27,-4.844671e-27,-3.891234e-27,-3.116841e-27,-2.491115e-27,-1.987542e-27,-1.583544e-27,-1.260226e-27,-1.001975e-27,-7.960071e-28,-6.319347e-28,-5.013589e-28,-3.975186e-28,-3.149881e-28,-2.494250e-28
Rh-110,3.426183e+02,5.553749e+02,2.063721e+02,1.442370e+02,-1.192524e+02,-1.179621e+02,2.047024e+01,-8.573472e+01,-5.994716e+01,3.341242e+01,-3.779274e+01,-7.035871e+00,-1.779479e+00,-5.181939e+00,-2.026825e+01,2.671126e+00,9.596901e+00,7.611132e+00,-6.869525e-01,-1.492101e+00,-3.823296e+00,-3.517295e+00,2.537366e+00,-5.602138e-02,1.479630e+00,1.186542e+00,9.279876e-01,-7.726407e-01,-2.384443e-01,1.058960e+00,3.609200e-01,-3.078089e-01,-2.455424e-01,-1.525231e-01,-1.570043e-01,1.433956e-01,8.966008e-02,-1.025784e-03,1.385816e-02,5.852499e-02,4.372170e-02,1.091386e-04,9.630813e-04,-1.756246e-02,1.663868e-02,-1.207878e-02,2.899651e-03,-3.223363e-04,-6.663901e-04,-1.252856e-03,2.103886e-04,6.205968e-05,-6.263141e-04,-1.906519e-03,-1.636418e-04,2.354711e-05,-1.083493e-03,1.309674e-04,-4.992812e-04,-5.173185e-05
Rh-110m,1.203945e-17,1.205960e-26,4.531367e-26,3.662032e-27,-8.811832e-27,-1.440153e-26,3.257953e-26,-5.171335e-26,1.337184e-26,1.560197e-26,-4.060623e-26,5.726882e-26,-3.229005e-26,-1.060801e-26,1.100522e-27,-2.863634e-27,3.206342e-26,2.688063e-26,-2.428300e-26,-5.711261e-26,-4.300651e-26,-2.637209e-27,3.355670e-26,5.029895e-26,4.806854e-26,3.450023e-26,1.741862e-26,1.955106e-27,-9.595945e-27,-1.688129e-26,-2.053678e-26,-2.152331e-26,-2.076651e-26,-1.900956e-26,-1.678561e-26,-1.444438e-26,-1.219542e-26,-1.015009e-26,-8.355611e-27,-6.820090e-27,-5.529633e-27,-4.459492e-27,-3.580909e-27,-2.865089e-27,-2.285298e-27,-1.817817e-27,-1.442226e-27,-1.141298e-27,-9.007124e-28,-7.086988e-28,-5.556564e-28,-4.338051e-28,-3.368690e-28,-2.598047e-28,-1.985706e-28,-1.499350e-28,-1.113186e-28,-8.066524e-29,-5.633796e-29,-3.703435e-29
Rh-111,-2.986404e-27,2.501057e-26,-3.822450e-27,-2.137922e-27,8.870537e-28,5.586187e-27,-2.368436e-26,1.567250e-26,-4.400166e-28,1.959135e-26,-4.907580e-27,-2.636244e-26,-7.327194e-27,4.631599e-27,-2.955071e-27,-7.203973e-27,2.179408e-27,1.693333e-26,2.633607e-26,2.640547e-26,1.916503e-26,8.742558e-27,-1.383091e-27,-9.284850e-27,-1.438930e-26,-1.694233e-26,-1.753653e-26,-1.681328e-26,-1.531899e-26,-1.346066e-26,-1.151235e-26,-9.641571e-27,-7.938863e-27,-6.443343e-27,-5.162212e-27,-4.084460e-27,-3.189933e-27,-2.454997e-27,-1.855853e-27,-1.370328e-27,-9.787004e-28,-6.639521e-28,-4.117071e-28,-2.100023e-28,-4.899330e-29,7.935377e-29,1.815535e-28,2.628628e-28,3.275080e-28,3.788768e-28,4.196785e-28,4.520759e-28,4.777933e-28,4.982037e-28,5.143995e-28,5.272494e-28,5.374435e-28,5.455300e-28,5.519442e-28,5.570317e-28
Rh-112,6.702028e-26,-6.942578e-26,3.664231e-26,2.868295e-26,-5.057859e-26,-1.245169e-26,3.922156e-26,2.553899e-26,-1.344944e-26,-3.058275e-26,-2.095986e-26,-1.552592e-27,1.328920e-26,1.886305e-26,1.692740e-26,1.117912e-26,4.695765e-27,-7.702985e-28,-4.580016e-27,-6.763100e-27,-7.645648e-27,-7.620440e-27,-7.035412e-27,-6.155913e-27,-5.164624e-27,-4.176508e-27,-3.256869e-27,-2.437361e-27,-1.728349e-27,-1.127685e-27,-6.265785e-28,-2.133026e-28,1.245817e-28,3.989911e-28,6.207048e-28,7.991267e-28,9.422624e-28,1.056810e-27,1.148303e-27,1.221272e-27,1.279397e-27,1.325656e-27,1.362442e-27,1.391679e-27,1.414906e-27,1.433350e-27,1.447992e-27,1.459614e-27,1.468837e-27,1.476154e-27,1.481960e-27,1.486565e-27,1.490218e-27,1.493116e-27,1.495414e-27,1.497236e-27,1.498682e-27,1.499828e-27,1.500738e-27,1.501459e-27
Rh-113,-6.128581e-27,5.211002e-27,-1.398156e-26,1.008569e-26,7.583156e-27,-7.676077e-27,4.440487e-28,4.314369e-27,-5.642373e-27,-1.235962e-26,-7.030171e-27,4.452264e-27,1.334011e-26,1.570878e-26,1.243288e-26,6.337263e-27,4.553867e-30,-5.040007e-27,-8.264623e-27,-9.766520e-27,-9.926327e-27,-9.181953e-27,-7.915258e-27,-6.413615e-27,-4.871109e-27,-3.405881e-27,-2.080795e-27,-9.216975e-28,6.851250e-29,8.999296e-28,1.589050e-27,2.154654e-27,2.615405e-27,2.988568e-27,3.289434e-27,3.531157e-27,3.724827e-27,3.879663e-27,4.003240e-27,4.101736e-27,4.180158e-27,4.242546e-27,4.292144e-27,4.331554e-27,4.362856e-27,4.387710e-27,4.407439e-27,4.423096e-27,4.435520e-27,4.445377e-27,4.453197e-27,4.459400e-27,4.464320e-27,4.468223e-27,4.471318e-27,4.473773e-27,4.475720e-27,4.477264e-27,4.478488e-27,4.479459e-27
Rh-114,-5.104499e-27,1.911972e-27,4.459881e-27,-3.902345e-27,-7.378784e-28,3.404222e-27,-3.762033e-28,-4.973874e-27,-4.206558e-27,4.613859e-28,4.815257e-27,6.425845e-27,5.301910e-27,2.658832e-27,-2.398690e-28,-2.591300e-27,-4.082909e-27,-4.732189e-27,-4.714829e-27,-4.245957e-27,-3.517853e-27,-2.677060e-27,-1.823160e-27,-1.016810e-27,-2.900501e-28,3.443479e-28,8.855802e-28,1.339608e-27,1.715692e-27,2.024231e-27,2.275491e-27,2.478939e-27,2.642941e-27,2.774686e-27,2.880231e-27,2.964605e-27,3.031942e-27,3.085609e-27,3.128337e-27,3.162328e-27,3.189350e-27,3.210822e-27,3.227875e-27,3.241415e-27,3.252163e-27,3.260693e-27,3.267462e-27,3.272832e-27,3.277092e-27,3.280471e-27,3.283151e-27,3.285277e-27,3.286964e-27,3.288301e-27,3.289361e-27,3.290203e-27,3.290870e-27,3.291399e-27,3.291818e-27,3.292151e-27
Rh-115,-2.038534e-27,-2.253869e-27,2.472601e-27,2.348189e-27,-1.232352e-27,-2.904130e-27,-1.505525e-27,9.239506e-28,2.444744e-27,2.489385e-27,1.474374e-27,8.216962e-29,-1.164004e-27,-2.007138e-27,-2.400439e-27,-2.413345e-27,-2.156544e-27,-1.738141e-27,-1.244659e-27,-7.369494e-28,-2.532213e-28,1.855884e-28,5.704853e-28,9.000654e-28,1.177325e-27,1.407490e-27,1.596639e-27,1.750880e-27,1.875901e-27,1.976766e-27,2.057845e-27,2.122833e-27,2.174806e-27,2.216297e-27,2.249375e-27,2.275715e-27,2.296672e-27,2.313335e-27,2.326577e-27,2.337094e-27,2.345446e-27,2.352075e-27,2.357337e-27,2.361512e-27,2.364825e-27,2.367453e-27,2.369538e-27,2.371191e-27,2.372503e-27,2.373543e-27,2.374368e-27,2.375022e-27,2.375541e-27,2.375953e-27,2.376279e-27,2.376538e-27,2.376743e-27,2.376906e-27,2.377035e-27,2.377137e-27
Rh-116,2.619033e-28,5.223148e-28,-1.238539e-28,-5.916934e-28,-3.907590e-28,1.406547e-28,5.350211e-28,5.992072e-28,3.932774e-28,7.072854e-29,-2.362991e-28,-4.556442e-28,-5.680274e-28,-5.858292e-28,-5.342425e-28,-4.394940e-28,-3.233098e-28,-2.013650e-28,-8.374835e-29,2.382813e-29,1.187389e-28,2.003563e-28,2.692361e-28,3.265549e-28,3.737468e-28,4.122844e-28,4.435564e-28,4.688079e-28,4.891200e-28,5.054096e-28,5.184426e-28,5.288506e-28,5.371501e-28,5.437607e-28,5.490211e-28,5.532041e-28,5.565286e-28,5.591694e-28,5.612665e-28,5.629312e-28,5.642526e-28,5.653011e-28,5.661330e-28,5.667930e-28,5.673166e-28,5.677319e-28,5.680613e-28,5.683226e-28,5.685298e-28,5.686941e-28,5.688244e-28,5.689278e-28,5.690098e-28,5.690748e-28,5.691263e-28,5.691672e-28,5.691996e-28,5.692253e-28,5.692457e-28,5.692619e-28
Rh-117,-7.807423e-30,-2.905513e-28,-2.302244e-28,3.431773e-29,2.530986e-28,3.061686e-28,2.125760e-28,4.957999e-29,-1.115969e-28,-2.299562e-28,-2.929248e-28,-3.056427e-28,-2.808406e-28,-2.322935e-28,-1.716313e-28,-1.073551e-28,-4.500037e-29,1.225335e-29,6.290524e-29,1.065505e-28,1.434398e-28,1.741726e-28,1.994978e-28,2.201928e-28,2.369950e-28,2.505681e-28,2.614896e-28,2.702506e-28,2.772614e-28,2.828611e-28,2.873269e-28,2.908843e-28,2.937154e-28,2.959667e-28,2.977561e-28,2.991775e-28,3.003063e-28,3.012025e-28,3.019137e-28,3.024782e-28,3.029260e-28,3.032813e-28,3.035631e-28,3.037867e-28,3.039640e-28,3.041047e-28,3.042162e-28,3.043047e-28,3.043749e-28,3.044305e-28,3.044746e-28,3.045096e-28,3.045374e-28,3.045594e-28,3.045768e-28,3.045907e-28,3.046016e-28,3.046103e-28,3.046172e-28,3.046227e-28
Rh-118,-1.498263e-29,6.121695e-30,2.120968e-29,2.308530e-29,1.445733e-29,1.505425e-30,-1.058248e-29,-1.904178e-29,-2.319428e-29,-2.358910e-29,-2.125720e-29,-1.725211e-29,-1.243801e-29,-7.433607e-30,-2.633870e-30,1.740228e-30,5.589716e-30,8.894143e-30,1.167922e-29,1.399456e-29,1.589943e-29,1.745409e-29,1.871508e-29,1.973296e-29,2.055152e-29,2.120784e-29,2.173286e-29,2.215208e-29,2.248634e-29,2.275256e-29,2.296439e-29,2.313283e-29,2.326669e-29,2.337302e-29,2.345745e-29,2.352448e-29,2.357768e-29,2.361989e-29,2.365339e-29,2.367996e-29,2.370104e-29,2.371776e-29,2.373102e-29,2.374154e-29,2.374988e-29,2.375649e-29,2.376174e-29,2.376590e-29,2.376920e-29,2.377182e-29,2.377390e-29,2.377554e-29,2.377685e-29,2.377788e-29,2.377870e-29,2.377935e-29,2.377987e-29,2.378028e-29,2.378060e-29,2.378086e-29
Rh-119,1.036907e-30,1.195285e-30,7.918933e-31,1.379066e-31,-4.917156e-31,-9.439436e-31,-1.175886e-30,-1.211556e-30,-1.102585e-30,-9.033597e-31,-6.591905e-31,-4.028847e-31,-1.556124e-31,7.061186e-32,2.702485e-31,4.419583e-31,5.868943e-31,7.075200e-31,8.068450e-31,8.879623e-31,9.537907e-31,1.006949e-30,1.049711e-30,1.084006e-30,1.111445e-30,1.133359e-30,1.150833e-30,1.164751e-30,1.175827e-30,1.184635e-30,1.191635e-30,1.197195e-30,1.201611e-30,1.205116e-30,1.207898e-30,1.210106e-30,1.211858e-30,1.213247e-30,1.214350e-30,1.215224e-30,1.215918e-30,1.216468e-30,1.216904e-30,1.217250e-30,1.217525e-30,1.217742e-30,1.217915e-30,1.218052e-30,1.218160e-30,1.218246e-30,1.218315e-30,1.218369e-30,1.218412e-30,1.218446e-30,1.218473e-30,1.218494e-30,1.218511e-30,1.218524e-30,1.218535e-30,1.218544e-30
Rh-120,1.538104e-30,1.026066e-30,1.872708e-31,-6.235012e-31,-1.207741e-30,-1.508984e-30,-1.557399e-30,-1.419131e-30,-1.164131e-30,-8.507934e-31,-5.214611e-31,-2.034930e-31,8.755611e-32,3.444896e-31,5.655377e-31,7.521543e-31,9.074918e-31,1.035413e-30,1.139893e-30,1.224687e-30,1.293163e-30,1.348250e-30,1.392431e-30,1.427780e-30,1.456011e-30,1.478524e-30,1.496456e-30,1.510726e-30,1.522073e-30,1.531092e-30,1.538256e-30,1.543944e-30,1.548461e-30,1.552045e-30,1.554890e-30,1.557147e-30,1.558937e-30,1.560357e-30,1.561484e-30,1.562378e-30,1.563087e-30,1.563649e-30,1.564094e-30,1.564448e-30,1.564728e-30,1.564951e-30,1.565127e-30,1.565267e-30,1.565378e-30,1.565466e-30,1.565536e-30,1.565591e-30,1.565635e-30,1.565670e-30,1.565697e-30,1.565719e-30,1.565736e-30,1.565750e-30,1.565761e-30,1.565770e-30
Rh-121,9.342495e-33,7.969024e-33,3.493374e-33,-1.675853e-33,-5.897431e-33,-8.481310e-33,-9.417187e-33,-9.036977e-33,-7.768579e-33,-6.001618e-33,-4.035378e-33,-2.073412e-33,-2.388434e-34,1.404709e-33,2.833760e-33,4.049683e-33,5.067769e-33,5.909932e-33,6.600145e-33,7.161802e-33,7.616321e-33,7.982557e-33,8.276661e-33,8.512214e-33,8.700481e-33,8.850707e-33,8.970423e-33,9.065728e-33,9.141538e-33,9.201803e-33,9.249685e-33,9.287714e-33,9.317908e-33,9.341875e-33,9.360895e-33,9.375987e-33,9.387961e-33,9.397460e-33,9.404995e-33,9.410971e-33,9.415712e-33,9.419471e-33,9.422453e-33,9.424818e-33,9.426694e-33,9.428181e-33,9.429360e-33,9.430296e-33,9.431037e-33,9.431626e-33,9.432092e-33,9.432462e-33,9.432756e-33,9.432988e-33,9.433173e-33,9.433319e-33,9.433435e-33,9.433527e-33,9.433600e-33,9.433658e-33
Rh-122,1.228532e-34,2.290957e-35,-7.387730e-35,-1.437286e-34,-1.798347e-34,-1.857549e-34,-1.693659e-34,-1.390137e-34,-1.016716e-34,-6.239946e-35,-2.446876e-35,1.025903e-35,4.092126e-35,6.730414e-35,8.957948e-35,1.081225e-34,1.233935e-34,1.358667e-34,1.459899e-34,1.541653e-34,1.607422e-34,1.660171e-34,1.702377e-34,1.736083e-34,1.762963e-34,1.784373e-34,1.801411e-34,1.814960e-34,1.825727e-34,1.834281e-34,1.841074e-34,1.846466e-34,1.850746e-34,1.854142e-34,1.856837e-34,1.858975e-34,1.860671e-34,1.862016e-34,1.863083e-34,1.863929e-34,1.864600e-34,1.865133e-34,1.865555e-34,1.865890e-34,1.866155e-34,1.866366e-34,1.866533e-34,1.866665e-34,1.866770e-34,1.866853e-34,1.866919e-34,1.866972e-34,1.867013e-34,1.867046e-34,1.867072e-34,1.867093e-34,1.867110e-34,1.867123e-34,1.867133e-34,1.867141e-34
Rh-123,-4.867390e-36,-5.547277e-36,-5.415295e-36,-4.722868e-36,-3.706370e-36,-2.550914e-36,-1.384405e-36,-2.855614e-37,7.038230e-37,1.567162e-36,2.303671e-36,2.921558e-36,3.433436e-36,3.853438e-36,4.195513e-36,4.472528e-36,4.695856e-36,4.875274e-36,5.019021e-36,5.133941e-36,5.225659e-36,5.298762e-36,5.356966e-36,5.403269e-36,5.440080e-36,5.469329e-36,5.492561e-36,5.511007e-36,5.525649e-36,5.537269e-36,5.546490e-36,5.553806e-36,5.559609e-36,5.564213e-36,5.567865e-36,5.570761e-36,5.573058e-36,5.574880e-36,5.576325e-36,5.577471e-36,5.578380e-36,5.579100e-36,5.579672e-36,5.580125e-36,5.580485e-36,5.580770e-36,5.580996e-36,5.581175e-36,5.581317e-36,5.581430e-36,5.581519e-36,5.581590e-36,5.581646e-36,5.581691e-36,5.581726e-36,5.581754e-36,5.581776e-36,5.581794e-36,5.581808e-36,5.581819e-36
Pd-102,5.255363e+08,6.627051e+08,8.356719e+08,1.053777e+09,1.328796e+09,1.675575e+09,2.112828e+09,2.664144e+09,3.359257e+09,4.235631e+09,5.340476e+09,6.733257e+09,8.488861e+09,1.070156e+10,1.349000e+10,1.700335e+10,2.142911e+10,2.700269e+10,3.401935e+10,4.284883e+10,5.395336e+10,6.790940e+10,8.543375e+10,1.074144e+11,1.349460e+11,1.693696e+11,2.123149e+11,2.657414e+11,3.319727e+11,4.137126e+11,5.140271e+11,6.362682e+11,7.839039e+11,9.602139e+11,1.167801e+12,1.407882e+12,1.679358e+12,1.977747e+12,2.294201e+12,2.615052e+12,2.922462e+12,3.196766e+12,3.420609e+12,3.583921e+12,3.687514e+12,3.742764e+12,3.766647e+12,3.774822e+12,3.777206e+12,3.778073e+12,3.778603e+12,3.778980e+12,3.779223e+12,3.779355e+12,3.779413e+12,3.779432e+12,3.779437e+12,3.779438e+12,3.779438e+12,3.779438e+12
Pd-104,5.657957e+14,5.658278e+14,5.658305e+14,5.658306e+14,5.658306e+14,5.658306e+14,5.658306e+14,5.658306e+14,5.658306e+14,5.658306e+14,5.658306e+14,5.658306e+14,5.658306e+14,5.658306e+14,5.658306e+14,5.658306e+14,5.658306e+14,5.658306e+14,5.658306e+14,5.658306e+14,5.658306e+14,5.658306e+14,5.658306e+14,5.658306e+14,5.658306e+14,5.658306e+14,5.658306e+14,5.658306e+14,5.658306e+14,5.658306e+14,5.658306e+14,5.658306e+14,5.658306e+14,5.658306e+14,5.658306e+14,5.658306e+14,5.658306e+14,5.658306e+14,5.658306e+14,5.658306e+14,5.658306e+14,5.658306e+14,5.658306e+14,5.658306e+14,5.658306e+14,5.658306e+14,5.658306e+14,5.658306e+14,5.658306e+14,5.658306e+14,5.658306e+14,5.658306e+14,5.658306e+14,5.658306e+14,5.658306e+14,5.658306e+14,5.658306e+14,5.658306e+14,5.658306e+14,5.658306e+14
Pd-105,2.743192e+19,4.658846e+19,7.762403e+19,1.270729e+20,2.046240e+20,3.243370e+20,5.060661e+20,7.768982e+20,1.172193e+21,1.735532e+21,2.516659e+21,3.566540e+21,4.929303e+21,6.632104e+21,8.675401e+21,1.102631e+22,1.361594e+22,1.633938e+22,1.905774e+22,2.160691e+22,2.381988e+22,2.556403e+22,2.678168e+22,2.751179e+22,2.787361e+22,2.801488e+22,2.805584e+22,2.806403e+22,2.806506e+22,2.806514e+22,2.806514e+22,2.806514e+22,2.806514e+22,2.806514e+22,2.806514e+22,2.806514e+22,2.806514e+22,2.806514e+22,2.806514e+22,2.806514e+22,2.806514e+22,2.806514e+22,2.806514e+22,2.806514e+22,2.806514e+22,2.806514e+22,2.806514e+22,2.806514e+22,2.806514e+22,2.806514e+22,2.806514e+22,2.806514e+22,2.806514e+22,2.806514e+22,2.806514e+22,2.806514e+22,2.806514e+22,2.806514e+22,2.806514e+22,2.806514e+22
Pd-106,8.773276e+17,1.113310e+18,1.410883e+18,1.786122e+18,2.259292e+18,2.855946e+18,3.608301e+18,4.556974e+18,5.753169e+18,7.261432e+18,9.163118e+18,1.156076e+19,1.458355e+19,1.839426e+19,2.319790e+19,2.925260e+19,3.688327e+19,4.649861e+19,5.861250e+19,7.387042e+19,9.308247e+19,1.172640e+20,1.476853e+20,1.859331e+20,2.339833e+20,2.942888e+20,3.698814e+20,4.644884e+20,5.826591e+20,7.298961e+20,9.127744e+20,1.139025e+21,1.417544e+21,1.758256e+21,2.171761e+21,2.668624e+21,3.258181e+21,3.946711e+21,4.734913e+21,5.614770e+21,6.566263e+21,7.554918e+21,8.531794e+21,9.437834e+21,1.021388e+22,1.081533e+22,1.122646e+22,1.146654e+22,1.158164e+22,1.162476e+22,1.163664e+22,1.163886e+22,1.163912e+22,1.163914e+22,1.163914e+22,1.163914e+22,1.163914e+22,1.163914e+22,1.163914e+22,1.163914e+22
Pd-107,3.470107e+21,3.772391e+21,3.990260e+21,4.126217e+21,4.197045e+21,4.226483e+21,4.235710e+21,4.237744e+21,4.238033e+21,4.238057e+21,4.238058e+21,4.238058e+21,4.238058e+21,4.238058e+21,4.238058e+21,4.238058e+21,4.238058e+21,4.238058e+21,4.238058e+21,4.238058e+21,4.238058e+21,4.238058e+21,4.238058e+21,4.238058e+21,4.238058e+21,4.238058e+21,4.238058e+21,4.238058e+21,4.238058e+21,4.238058e+21,4.238058e+21,4.238058e+21,4.238058e+21,4.238058e+21,4.238058e+21,4.238058e+21,4.238058e+21,4.238057e+21,4.238057e+21,4.238057e+21,4.238057e+21,4.238057e+21,4.238057e+21,4.238057e+21,4.238056e+21,4.238056e+21,4.238056e+21,4.238055e+21,4.238054e+21,4.238053e+21,4.238052e+21,4.238051e+21,4.238049e+21,4.238047e+21,4.238044e+21,4.238040e+21,4.238035e+21,4.238029e+21,4.238022e+21,4.238013e+21
Pd-108,1.573788e+21,1.573955e+21,1.573971e+21,1.573972e+21,1.573972e+21,1.573972e+21,1.573972e+21,1.573972e+21,1.573972e+21,1.573972e+21,1.573972e+21,1.573972e+21,1.573972e+21,1.573972e+21,1.573972e+21,1.573972e+21,1.573972e+21,1.573972e+21,1.573972e+21,1.573972e+21,1.573972e+21,1.573972e+21,1.573972e+21,1.573972e+21,1.573972e+21,1.573972e+21,1.573972e+21,1.573972e+21,1.573972e+21,1.573972e+21,1.573972e+21,1.573972e+21,1.573972e+21,1.573972e+21,1.573972e+21,1.573972e+21,1.573972e+21,1.573972e+21,1.573972e+21,1.573972e+21,1.573972e+21,1.573972e+21,1.573972e+21,1.573972e+21,1.573972e+21,1.573972e+21,1.573972e+21,1.573972e+21,1.573972e+21,1.573972e+21,1.573972e+21,1.573972e+21,1.573972e+21,1.573972e+21,1.573972e+21,1.573972e+21,1.573972e+21,1.573972e+21,1.573972e+21,1.573972e+21
Pd-109,8.573416e+20,8.460943e+20,8.321213e+20,8.148294e+20,7.935351e+20,7.674739e+20,7.358267e+20,6.977722e+20,6.525773e+20,5.997345e+20,5.391547e+20,4.714073e+20,3.979757e+20,3.214555e+20,2.455717e+20,1.748680e+20,1.139590e+20,6.641180e+19,3.361473e+19,1.424371e+19,4.823664e+18,1.231353e+18,2.200891e+17,2.509692e+16,1.623666e+15,5.140151e+13,6.607467e+11,2.725848e+09,2.682461e+06,4.331675e+02,7.161176e-03,6.685788e-09,1.664767e-16,9.116782e-26,2.614425e-26,3.149319e-26,4.616434e-27,8.293762e-27,7.152523e-28,-1.120355e-26,6.642458e-27,1.533812e-26,-2.345410e-26,1.321668e-26,-2.716563e-26,-3.207161e-27,-3.363428e-27,-3.490083e-26,-1.457016e-26,3.617432e-27,-1.436368e-26,-3.594069e-26,-3.544125e-26,-1.912052e-26,-3.878375e-27,8.956241e-28,-4.491063e-27,-1.513932e-26,-2.614363e-26,-3.451523e-26
Pd-109m,2.231878e+09,2.205005e+08,1.190544e+07,3.000426e+05,2.892993e+03,8.304588e+00,5.173003e-03,4.692624e-07,3.749038e-12,1.399021e-18,1.095978e-26,-3.560224e-34,1.975079e-34,-2.830854e-34,2.209786e-34,3.319305e-34,2.613240e-34,-1.075288e-34,-3.138384e-34,3.388426e-34,-2.781177e-34,2.902420e-34,-3.497367e-34,3.115987e-34,-2.090297e-35,-3.309767e-34,1.736233e-34,3.241956e-34,-7.081111e-35,-3.515760e-34,-2.307788e-34,8.415003e-35,3.142656e-34,3.469862e-34,2.203156e-34,2.659624e-35,-1.556068e-34,-2.839408e-34,-3.476215e-34,-3.545938e-34,-3.202558e-34,-2.604621e-34,-1.882690e-34,-1.130511e-34,-4.080900e-35,2.508790e-35,8.311946e-35,1.329580e-34,1.749784e-34,2.099212e-34,2.386751e-34,2.621463e-34,2.811863e-34,2.965571e-34,3.089188e-34,3.188310e-34,3.267606e-34,3.330925e-34,3.381414e-34,3.421625e-34
Pd-110,7.419657e+20,7.419657e+20,7.419657e+20,7.419657e+20,7.419657e+20,7.419657e+20,7.419657e+20,7.419657e+20,7.419657e+20,7.419657e+20,7.419657e+20,7.419657e+20,7.419657e+20,7.419657e+20,7.419657e+20,7.419657e+20,7.419657e+20,7.419657e+20,7.419657e+20,7.419657e+20,7.419657e+20,7.419657e+20,7.419657e+20,7.419657e+20,7.419657e+20,7.419657e+20,7.419657e+20,7.419657e+20,7.419657e+20,7.419657e+20,7.419657e+20,7.419657e+20,7.419657e+20,7.419657e+20,7.419657e+20,7.419657e+20,7.419657e+20,7.419657e+20,7.419657e+20,7.419657e+20,7.419657e+20,7.419657e+20,7.419657e+20,7.419657e+20,7.419657e+20,7.419657e+20,7.419657e+20,7.419657e+20,7.419657e+20,7.419657e+20,7.419657e+20,7.419657e+20,7.419657e+20,7.419657e+20,7.419657e+20,7.419657e+20,7.419657e+20,7.419657e+20,7.419657e+20,7.419657e+20
Pd-111,8.616276e+19,5.418213e+19,3.018695e+19,1.443816e+19,5.698075e+18,1.766322e+18,4.057661e+17,6.613318e+16,9.316478e+15,3.065837e+15,2.125435e+15,1.516050e+15,9.942562e+14,5.840926e+14,2.986503e+14,1.281744e+14,4.411101e+13,1.149131e+13,2.107192e+12,2.481686e+11,1.672260e+10,5.572870e+08,7.642823e+06,3.421176e+04,3.731786e+01,6.861508e-03,1.336119e-07,1.533448e-13,4.953701e-21,-4.278844e-27,1.445036e-26,-1.087980e-27,-1.103329e-26,3.754879e-27,5.392899e-27,-9.093785e-27,-1.837759e-26,-1.463458e-26,-5.177709e-27,1.237569e-27,1.380244e-27,-3.324447e-27,-9.903236e-27,-1.591628e-26,-2.009425e-26,-2.215647e-26,-2.239376e-26,-2.131420e-26,-1.942858e-26,-1.715298e-26,-1.478415e-26,-1.251104e-26,-1.043914e-26,-8.615660e-27,-7.050377e-27,-5.731127e-27,-4.634394e-27,-3.732103e-27,-2.995700e-27,-2.398396e-27
Pd-111m,1.207307e+17,1.168237e+17,1.120765e+17,1.063642e+17,9.957409e+16,9.162599e+16,8.250128e+16,7.227875e+16,6.117365e+16,4.956870e+16,3.801927e+16,2.720999e+16,1.784562e+16,1.048371e+16,5.360390e+15,2.300566e+15,7.917360e+14,2.062542e+14,3.782139e+13,4.454308e+12,3.001492e+11,1.000259e+10,1.371789e+08,6.140572e+05,6.698078e+02,1.231553e-01,2.398163e-06,2.752343e-12,8.891231e-20,3.391164e-29,-2.324788e-30,2.039395e-30,-2.943114e-30,-2.634681e-30,-2.759381e-30,-2.832126e-30,1.207873e-30,1.753624e-30,-2.769937e-30,2.867717e-30,-2.404252e-30,8.171582e-31,1.852100e-30,-3.008842e-30,-1.410315e-31,3.087693e-30,7.266418e-31,-2.597297e-30,-2.677026e-30,-2.156793e-31,2.216891e-30,3.092294e-30,2.383730e-30,8.167402e-31,-8.496292e-31,-2.139542e-30,-2.878331e-30,-3.092117e-30,-2.900783e-30,-2.444593e-30
Pd-112,3.659285e+20,3.627937e+20,3.588789e+20,3.540024e+20,3.479473e+20,3.404592e+20,3.312457e+20,3.199817e+20,3.063221e+20,2.899250e+20,2.704931e+20,2.478347e+20,2.219476e+20,1.931223e+20,1.620480e+20,1.298874e+20,9.826789e+19,6.912435e+19,4.435781e+19,2.535239e+19,1.252132e+19,5.144103e+18,1.675417e+18,4.071606e+17,6.839791e+16,7.212635e+15,4.227971e+14,1.181928e+13,1.298760e+11,4.396356e+08,3.371309e+05,3.974832e+01,4.419647e-04,2.502253e-10,3.315929e-18,-7.746204e-27,8.170506e-28,-1.558658e-26,-9.898144e-27,-4.636758e-27,-6.933662e-27,-1.486400e-26,-1.264458e-26,1.960516e-28,-1.652832e-26,-9.299493e-29,-1.685157e-26,-2.403370e-27,-6.767985e-27,-1.682935e-26,-5.817631e-27,-1.753328e-28,-8.801979e-27,-1.653194e-26,-1.471152e-26,-7.356650e-27,-1.377663e-27,-1.576918e-29,-2.685720e-27,-7.231257e-27
Pd-113,9.461222e+08,8.594539e+05,1.254632e+02,1.826314e-03,1.452269e-09,2.953648e-17,1.192415e-26,-5.614744e-27,-7.463375e-28,2.568785e-27,5.031647e-27,-6.411486e-27,-1.958520e-26,-1.294087e-26,-3.812434e-28,-1.247944e-26,1.246314e-26,-1.734846e-27,1.453788e-26,1.412001e-26,1.518964e-28,9.686248e-27,1.599970e-26,5.286951e-27,-6.230440e-27,-7.075464e-27,-6.775915e-28,5.059166e-27,5.959573e-27,2.328436e-27,-3.501216e-27,-9.269929e-27,-1.363871e-26,-1.617580e-26,-1.702949e-26,-1.660447e-26,-1.534759e-26,-1.364115e-26,-1.176823e-26,-9.916187e-27,-8.195480e-27,-6.661221e-27,-5.331965e-27,-4.204047e-27,-3.261644e-27,-2.483370e-27,-1.846337e-27,-1.328479e-27,-9.097357e-28,-5.725380e-28,-3.018862e-28,-8.519983e-29,8.793399e-29,2.260509e-28,3.360961e-28,4.236888e-28,4.933559e-28,5.487317e-28,5.927264e-28,6.276657e-28
Pd-114,1.098563e+13,1.237692e+11,4.323732e+08,3.449991e+05,4.276569e+01,5.065249e-04,3.105580e-10,4.550365e-18,6.084658e-27,6.543038e-27,-9.878896e-27,-8.316926e-27,-2.468785e-27,-1.684338e-27,-5.097109e-27,1.144035e-28,1.149847e-26,-2.182924e-27,1.174678e-26,-3.099472e-27,7.870927e-27,3.851934e-27,-6.001856e-27,2.178114e-27,6.467839e-27,-1.355031e-27,-8.631771e-27,-7.771459e-27,-2.006019e-27,2.784315e-27,3.758920e-27,1.345043e-27,-2.655796e-27,-6.579004e-27,-9.467610e-27,-1.103137e-26,-1.139556e-26,-1.086320e-26,-9.761251e-27,-8.365631e-27,-6.878199e-27,-5.430657e-27,-4.098960e-27,-2.919321e-27,-1.901970e-27,-1.041560e-27,-3.244167e-28,2.667451e-28,7.499489e-28,1.142336e-27,1.459361e-27,1.714485e-27,1.919157e-27,2.082956e-27,2.213791e-27,2.318139e-27,2.401263e-27,2.467417e-27,2.520027e-27,2.561840e-27
Pd-115,1.454533e-23,2.283463e-27,3.748525e-28,1.012776e-27,-2.849016e-27,-1.892780e-27,1.270867e-27,6.070674e-27,-4.641817e-27,-5.094599e-27,2.077328e-27,-2.059003e-27,-5.356862e-28,8.845554e-27,-3.156960e-27,-3.125116e-28,9.145715e-27,5.590273e-27,-3.588908e-27,-6.249938e-27,-1.767540e-27,3.978671e-27,6.556584e-27,5.228738e-27,1.491532e-27,-2.781883e-27,-6.300960e-27,-8.516743e-27,-9.415749e-27,-9.256634e-27,-8.376205e-27,-7.082840e-27,-5.614628e-27,-4.134524e-27,-2.742049e-27,-1.489597e-27,-3.976324e-28,5.332841e-28,1.313845e-27,1.960210e-27,2.490378e-27,2.922063e-27,3.271568e-27,3.553290e-27,3.779590e-27,3.960879e-27,4.105800e-27,4.221455e-27,4.313631e-27,4.387017e-27,4.445396e-27,4.491807e-27,4.528683e-27,4.557972e-27,4.581227e-27,4.599686e-27,4.614336e-27,4.625960e-27,4.635183e-27,4.642499e-27
Pd-116,-5.277958e-27,-4.605208e-27,-4.199326e-27,-4.187738e-27,2.074069e-27,2.991421e-27,-5.224968e-27,4.184323e-27,-4.484695e-27,1.465678e-27,3.176456e-27,-4.489492e-27,5.073038e-28,5.708728e-27,1.660017e-27,-3.860761e-27,-4.026877e-27,-7.753143e-29,3.770421e-27,5.049760e-27,3.749578e-27,1.072597e-27,-1.737888e-27,-3.908603e-27,-5.160317e-27,-5.541243e-27,-5.251400e-27,-4.522798e-27,-3.557841e-27,-2.507921e-27,-1.473782e-27,-5.149150e-28,3.390975e-28,1.078516e-27,1.705686e-27,2.229571e-27,2.662145e-27,3.016178e-27,3.303958e-27,3.536647e-27,3.724015e-27,3.874403e-27,3.994802e-27,4.091001e-27,4.167742e-27,4.228886e-27,4.277554e-27,4.316262e-27,4.347029e-27,4.371474e-27,4.390886e-27,4.406298e-27,4.418532e-27,4.428240e-27,4.435943e-27,4.442054e-27,4.446902e-27,4.450748e-27,4.453798e-27,4.456217e-27
Pd-117,-5.638554e-27,5.855350e-27,-4.111425e-27,4.599356e-27,-6.125556e-27,5.142775e-27,-9.283151e-28,-5.563513e-27,3.312424e-27,5.668848e-27,-1.086048e-27,-5.675160e-27,-3.485821e-27,1.834232e-27,5.600051e-27,5.993141e-27,3.714371e-27,3.439419e-28,-2.794476e-27,-4.996927e-27,-6.092085e-27,-6.221631e-27,-5.649922e-27,-4.646817e-27,-3.433654e-27,-2.168984e-27,-9.541396e-28,1.540431e-28,1.129939e-27,1.968026e-27,2.674616e-27,3.262170e-27,3.745642e-27,4.140280e-27,4.460406e-27,4.718834e-27,4.926667e-27,5.093316e-27,5.226631e-27,5.333084e-27,5.417965e-27,5.485569e-27,5.539362e-27,5.582137e-27,5.616130e-27,5.643133e-27,5.664575e-27,5.681597e-27,5.695107e-27,5.705828e-27,5.714334e-27,5.721082e-27,5.726435e-27,5.730681e-27,5.734049e-27,5.736720e-27,5.738839e-27,5.740519e-27,5.741852e-27,5.742908e-27
Pd-118,-1.163243e-27,2.429943e-30,1.595267e-27,-1.934294e-27,-4.957926e-28,2.057548e-27,7.989990e-28,-1.587701e-27,-1.908479e-27,-3.342851e-28,1.396190e-27,2.121916e-27,1.732251e-27,6.946132e-28,-4.598643e-28,-1.381961e-27,-1.932550e-27,-2.118196e-27,-2.016578e-27,-1.723537e-27,-1.324844e-27,-8.856841e-28,-4.500004e-28,-4.411495e-29,3.185823e-28,6.333659e-28,9.008408e-28,1.124568e-27,1.309493e-27,1.460962e-27,1.584161e-27,1.683825e-27,1.764107e-27,1.828563e-27,1.880179e-27,1.921427e-27,1.954337e-27,1.980561e-27,2.001436e-27,2.018040e-27,2.031239e-27,2.041726e-27,2.050054e-27,2.056667e-27,2.061915e-27,2.066080e-27,2.069386e-27,2.072008e-27,2.074088e-27,2.075738e-27,2.077047e-27,2.078085e-27,2.078908e-27,2.079561e-27,2.080079e-27,2.080489e-27,2.080815e-27,2.081073e-27,2.081278e-27,2.081441e-27
Pd-119,-2.818563e-28,-6.551828e-30,2.853871e-28,6.106942e-29,-2.429570e-28,-2.443268e-28,-1.418993e-29,2.094883e-28,2.877016e-28,2.198698e-28,7.375561e-29,-8.059292e-29,-1.995794e-28,-2.674094e-28,-2.867164e-28,-2.686807e-28,-2.262896e-28,-1.708727e-28,-1.108981e-28,-5.199165e-29,2.534195e-30,5.104362e-29,9.301191e-29,1.285899e-28,1.582970e-28,1.828191e-28,2.028843e-28,2.191918e-28,2.323758e-28,2.429909e-28,2.515102e-28,2.583303e-28,2.637792e-28,2.681259e-28,2.715890e-28,2.743455e-28,2.765378e-28,2.782803e-28,2.796647e-28,2.807641e-28,2.816370e-28,2.823298e-28,2.828796e-28,2.833159e-28,2.836620e-28,2.839365e-28,2.841543e-28,2.843271e-28,2.844641e-28,2.845727e-28,2.846589e-28,2.847273e-28,2.847815e-28,2.848245e-28,2.848586e-28,2.848856e-28,2.849070e-28,2.849240e-28,2.849375e-28,2.849482e-28
Pd-120,1.157031e-27,-9.701841e-28,-6.541185e-24,1.132992e-27,8.585591e-28,1.719090e-27,1.598134e-27,8.168556e-28,-1.622581e-28,-1.000296e-27,-1.540427e-27,-1.764413e-27,-1.728040e-27,-1.511214e-27,-1.189510e-27,-8.223163e-28,-4.507843e-28,-1.003181e-28,2.155330e-28,4.913282e-28,7.267217e-28,9.242742e-28,1.087978e-27,1.222328e-27,1.331768e-27,1.420404e-27,1.491870e-27,1.549288e-27,1.595294e-27,1.632075e-27,1.661432e-27,1.684831e-27,1.703461e-27,1.718283e-27,1.730066e-27,1.739429e-27,1.746865e-27,1.752770e-27,1.757457e-27,1.761177e-27,1.764129e-27,1.766471e-27,1.768328e-27,1.769802e-27,1.770971e-27,1.771898e-27,1.772634e-27,1.773217e-27,1.773679e-27,1.774046e-27,1.774337e-27,1.774568e-27,1.774751e-27,1.774896e-27,1.775011e-27,1.775102e-27,1.775175e-27,1.775232e-27,1.775278e-27,1.775314e-27
Pd-121,-2.568089e-29,-2.036474e-31,2.341163e-29,3.096686e-29,2.300166e-29,7.003254e-30,-9.557265e-30,-2.213480e-29,-2.915459e-29,-3.097494e-29,-2.883081e-29,-2.412476e-29,-1.806801e-29,-1.155967e-29,-5.193442e-30,6.837691e-31,5.902948e-30,1.041245e-29,1.423162e-29,1.741827e-29,2.004727e-29,2.219754e-29,2.394454e-29,2.535657e-29,2.649323e-29,2.740534e-29,2.813543e-29,2.871868e-29,2.918392e-29,2.955456e-29,2.984955e-29,3.008416e-29,3.027064e-29,3.041878e-29,3.053643e-29,3.062983e-29,3.070397e-29,3.076280e-29,3.080948e-29,3.084651e-29,3.087589e-29,3.089919e-29,3.091768e-29,3.093234e-29,3.094397e-29,3.095319e-29,3.096050e-29,3.096630e-29,3.097090e-29,3.097455e-29,3.097744e-29,3.097974e-29,3.098155e-29,3.098300e-29,3.098414e-29,3.098505e-29,3.098577e-29,3.098634e-29,3.098679e-29,3.098715e-29
Pd-122,2.522145e-30,3.100473e-30,2.174702e-30,5.251318e-31,-1.118447e-30,-2.331633e-30,-2.981213e-30,-3.116878e-30,-2.867524e-30,-2.373733e-30,-1.754640e-30,-1.097551e-30,-4.594429e-31,1.268761e-31,6.458471e-31,1.093194e-30,1.471398e-30,1.786550e-30,2.046292e-30,2.258571e-30,2.430936e-30,2.570187e-30,2.682241e-30,2.772132e-30,2.844068e-30,2.901527e-30,2.947352e-30,2.983856e-30,3.012908e-30,3.036011e-30,3.054373e-30,3.068959e-30,3.080543e-30,3.089739e-30,3.097038e-30,3.102831e-30,3.107426e-30,3.111072e-30,3.113965e-30,3.116259e-30,3.118079e-30,3.119522e-30,3.120667e-30,3.121575e-30,3.122295e-30,3.122866e-30,3.123319e-30,3.123678e-30,3.123963e-30,3.124188e-30,3.124367e-30,3.124510e-30,3.124622e-30,3.124711e-30,3.124782e-30,3.124838e-30,3.124883e-30,3.124918e-30,3.124946e-30,3.124969e-30
Pd-123,-8.065435e-32,1.437753e-31,2.566593e-31,2.270336e-31,1.066791e-31,-3.701313e-32,-1.566970e-31,-2.316035e-31,-2.604612e-31,-2.520693e-31,-2.182528e-31,-1.699480e-31,-1.156360e-31,-6.113060e-32,-9.979153e-33,3.595983e-32,7.597374e-32,1.100641e-31,1.386355e-31,1.622872e-31,1.816824e-31,1.974720e-31,2.102541e-31,2.205562e-31,2.288309e-31,2.354594e-31,2.407580e-31,2.449863e-31,2.483562e-31,2.510391e-31,2.531733e-31,2.548699e-31,2.562180e-31,2.572887e-31,2.581388e-31,2.588136e-31,2.593491e-31,2.597741e-31,2.601112e-31,2.603787e-31,2.605908e-31,2.607591e-31,2.608926e-31,2.609985e-31,2.610824e-31,2.611490e-31,2.612018e-31,2.612437e-31,2.612769e-31,2.613032e-31,2.613241e-31,2.613407e-31,2.613538e-31,2.613642e-31,2.613725e-31,2.613791e-31,2.613842e-31,2.613884e-31,2.613916e-31,2.613942e-31
Pd-124,-1.783037e-31,-1.721780e-31,-1.488013e-31,-1.156320e-31,-7.843950e-32,-4.117063e-32,-6.228309e-33,2.513301e-32,5.243687e-32,7.569088e-32,9.517530e-32,1.113016e-31,1.245238e-31,1.352868e-31,1.439989e-31,1.510201e-31,1.566594e-31,1.611765e-31,1.647872e-31,1.676686e-31,1.699648e-31,1.717930e-31,1.732472e-31,1.744033e-31,1.753219e-31,1.760514e-31,1.766307e-31,1.770905e-31,1.774554e-31,1.777449e-31,1.779746e-31,1.781569e-31,1.783014e-31,1.784161e-31,1.785070e-31,1.785791e-31,1.786364e-31,1.786817e-31,1.787177e-31,1.787462e-31,1.787689e-31,1.787868e-31,1.788010e-31,1.788123e-31,1.788213e-31,1.788284e-31,1.788340e-31,1.788385e-31,1.788420e-31,1.788448e-31,1.788470e-31,1.788488e-31,1.788502e-31,1.788513e-31,1.788522e-31,1.788529e-31,1.788535e-31,1.788539e-31,1.788542e-31,1.788545e-31
Ag-107,2.438188e+10,3.592073e+10,5.150832e+10,7.204565e+10,9.858250e+10,1.324263e+11,1.752815e+11,2.293841e+11,2.976235e+11,3.836776e+11,4.921947e+11,6.290379e+11,8.016014e+11,1.019209e+12,1.293619e+12,1.639658e+12,2.076024e+12,2.626294e+12,3.320202e+12,4.195240e+12,5.298689e+12,6.690172e+12,8.444874e+12,1.065761e+13,1.344793e+13,1.696661e+13,2.140377e+13,2.699916e+13,3.405512e+13,4.295290e+13,5.417326e+13,6.832247e+13,8.616506e+13,1.086651e+14,1.370383e+14,1.728178e+14,2.179368e+14,2.748333e+14,3.465814e+14,4.370579e+14,5.511515e+14,6.950270e+14,8.764583e+14,1.105249e+15,1.393760e+15,1.757582e+15,2.216372e+15,2.794920e+15,3.524486e+15,4.444490e+15,5.604644e+15,7.067632e+15,8.912502e+15,1.123894e+16,1.417264e+16,1.787213e+16,2.253729e+16,2.842019e+16,3.583869e+16,4.519363e+16
Ag-109,4.168829e+19,5.294458e+19,6.692884e+19,8.423463e+19,1.055460e+20,1.316281e+20,1.633008e+20,2.013859e+20,2.466171e+20,2.995023e+20,3.601307e+20,4.279326e+20,5.014231e+20,5.780048e+20,6.539495e+20,7.247100e+20,7.856679e+20,8.332533e+20,8.660767e+20,8.854633e+20,8.948909e+20,8.984861e+20,8.994982e+20,8.996933e+20,8.997168e+20,8.997184e+20,8.997184e+20,8.997184e+20,8.997184e+20,8.997184e+20,8.997184e+20,8.997184e+20,8.997184e+20,8.997184e+20,8.997184e+20,8.997184e+20,8.997184e+20,8.997184e+20,8.997184e+20,8.997184e+20,8.997184e+20,8.997184e+20,8.997184e+20,8.997184e+20,8.997184e+20,8.997184e+20,8.997184e+20,8.997184e+20,8.997184e+20,8.997184e+20,8.997184e+20,8.997184e+20,8.997184e+20,8.997184e+20,8.997184e+20,8.997184e+20,8.997184e+20,8.997184e+20,8.997184e+20,8.997184e+20
Ag-109m,6.885354e+17,6.795027e+17,6.682809e+17,6.543937e+17,6.372921e+17,6.163622e+17,5.909461e+17,5.603844e+17,5.240881e+17,4.816498e+17,4.329979e+17,3.785896e+17,3.196163e+17,2.581626e+17,1.972199e+17,1.404373e+17,9.152104e+16,5.333566e+16,2.699616e+16,1.143920e+16,3.873909e+15,9.889057e+14,1.767547e+14,2.015546e+13,1.303974e+12,4.128081e+10,5.306490e+08,2.189143e+06,2.154298e+03,3.478791e-01,5.751177e-06,5.369391e-12,1.336987e-19,6.738411e-29,2.379091e-29,3.095423e-29,1.076506e-29,1.409136e-29,7.737655e-30,-2.456077e-30,1.109586e-29,1.726434e-29,-1.466780e-29,1.407888e-29,-1.896730e-29,-2.505877e-31,-8.156936e-31,-2.650733e-29,-1.047786e-29,3.886065e-30,-1.075098e-29,-2.823774e-29,-2.796362e-29,-1.495805e-29,-2.798271e-30,9.709134e-31,-3.406828e-30,-1.199963e-29,-2.086995e-29,-2.761923e-29
Ag-110,1.025489e+03,1.025458e+03,1.025419e+03,1.025370e+03,1.025307e+03,1.025229e+03,1.025131e+03,1.025006e+03,1.024849e+03,1.024651e+03,1.024402e+03,1.024088e+03,1.023691e+03,1.023192e+03,1.022562e+03,1.021769e+03,1.020769e+03,1.019510e+03,1.017925e+03,1.015929e+03,1.013418e+03,1.010260e+03,1.006292e+03,1.001310e+03,9.950627e+02,9.872405e+02,9.774640e+02,9.652735e+02,9.501174e+02,9.313439e+02,9.081978e+02,8.798283e+02,8.453133e+02,8.037125e+02,7.541587e+02,6.960019e+02,6.290145e+02,5.536542e+02,4.713568e+02,3.847847e+02,2.979070e+02,2.157415e+02,1.436163e+02,8.596909e+01,4.500981e+01,1.990277e+01,7.112337e+00,1.942927e+00,3.782646e-01,4.804310e-02,3.560741e-03,1.338018e-04,2.134988e-06,1.156753e-08,1.605280e-11,3.998693e-15,1.141902e-19,2.123946e-25,1.261331e-32,1.011459e-41
Ag-110m,6.614438e+10,6.614238e+10,6.613986e+10,6.613669e+10,6.613268e+10,6.612764e+10,6.612127e+10,6.611325e+10,6.610313e+10,6.609037e+10,6.607429e+10,6.605401e+10,6.602845e+10,6.599623e+10,6.595562e+10,6.590445e+10,6.583998e+10,6.575877e+10,6.565651e+10,6.552777e+10,6.536579e+10,6.516211e+10,6.490616e+10,6.458483e+10,6.418189e+10,6.367735e+10,6.304677e+10,6.226047e+10,6.128290e+10,6.007200e+10,5.857907e+10,5.674923e+10,5.452300e+10,5.183973e+10,4.864350e+10,4.489236e+10,4.057165e+10,3.571089e+10,3.040267e+10,2.481875e+10,1.921511e+10,1.391540e+10,9.263304e+09,5.545036e+09,2.903149e+09,1.283735e+09,4.587482e+08,1.253195e+08,2.439820e+07,3.098796e+06,2.296690e+05,8.630265e+03,1.377075e+02,7.461094e-01,1.035411e-03,2.579171e-07,7.365308e-12,1.369952e-17,8.135624e-25,6.264281e-34
Ag-111,4.106270e+20,4.434816e+20,4.678765e+20,4.835058e+20,4.916181e+20,4.944554e+20,4.942847e+20,4.926402e+20,4.901887e+20,4.870451e+20,4.830995e+20,4.781653e+20,4.720107e+20,4.643579e+20,4.548799e+20,4.431998e+20,4.288952e+20,4.115116e+20,3.905908e+20,3.657184e+20,3.365987e+20,3.031601e+20,2.656871e+20,2.249631e+20,1.823855e+20,1.399858e+20,1.002730e+20,6.583554e+19,3.872938e+19,1.983691e+19,8.532202e+18,2.944444e+18,7.697233e+17,1.417659e+17,1.678857e+16,1.139190e+15,3.829891e+13,5.310953e+11,2.410799e+09,2.676412e+06,5.031568e+02,1.007616e-02,1.198010e-08,4.046374e-16,1.699046e-25,2.889447e-27,2.066606e-26,7.137620e-28,-9.315051e-28,-3.707604e-27,-5.903269e-27,6.758222e-27,5.656556e-27,-1.225173e-26,6.442460e-27,-1.392494e-26,-3.762568e-27,-4.113353e-28,-1.917840e-26,-9.548379e-27
Ag-111m,4.139917e+18,2.603344e+18,1.450447e+18,6.937638e+17,2.738259e+17,8.491327e+16,1.953807e+16,3.214521e+15,4.789652e+14,1.726964e+14,1.215965e+14,8.678025e+13,5.691264e+13,3.343430e+13,1.709517e+13,7.336884e+12,2.524977e+12,6.577789e+11,1.206187e+11,1.420552e+10,9.572255e+08,3.189990e+07,4.374861e+05,1.958330e+03,2.136128e+00,3.927625e-04,7.648137e-09,8.777677e-15,2.835554e-22,-4.843471e-28,8.904172e-28,4.910628e-28,2.229797e-28,1.026625e-27,1.113134e-27,3.699440e-28,-1.537486e-28,-6.447686e-29,2.978448e-28,5.193116e-28,4.481413e-28,1.541458e-28,-2.197991e-28,-5.571598e-28,-7.979724e-28,-9.298936e-28,-9.680140e-28,-9.377639e-28,-8.645813e-28,-7.692278e-28,-6.666100e-28,-5.663427e-28,-4.739352e-28,-3.920131e-28,-3.213363e-28,-2.615537e-28,-2.117233e-28,-1.706464e-28,-1.370715e-28,-1.098074e-28
Ag-112,1.099763e+19,1.342569e+19,1.625711e+19,1.948793e+19,2.307130e+19,2.689851e+19,3.078108e+19,3.444067e+19,3.751753e+19,3.960880e+19,4.034184e+19,3.947168e+19,3.696816e+19,3.304621e+19,2.811324e+19,2.266182e+19,1.717543e+19,1.208638e+19,7.756384e+18,4.433126e+18,2.189482e+18,8.994996e+17,2.929640e+17,7.119623e+16,1.196008e+16,1.261204e+15,7.393045e+13,2.066723e+12,2.271017e+10,7.687484e+07,5.895083e+04,6.950405e+00,7.728209e-05,4.375448e-11,5.798248e-19,-1.251946e-27,2.293500e-27,-2.325700e-27,9.923909e-28,-8.379181e-28,5.539601e-28,1.000912e-28,-1.677051e-27,2.174003e-28,-9.792321e-28,2.929431e-27,-6.265409e-28,5.802808e-28,-1.073787e-27,-2.894780e-27,-3.972247e-28,1.406406e-27,6.442346e-28,-1.949515e-28,3.663973e-28,1.663743e-27,2.554147e-27,2.536365e-27,1.765911e-27,6.576064e-28
Ag-113,2.393144e+20,2.313854e+20,2.217602e+20,2.101913e+20,1.964590e+20,1.804138e+20,1.620350e+20,1.415037e+20,1.192801e+20,9.616109e+19,7.328358e+19,5.202527e+19,3.377402e+19,1.958726e+19,9.853771e+18,4.143310e+18,1.389564e+18,3.503958e+17,6.166800e+16,6.896264e+15,4.353233e+14,1.336059e+13,1.651597e+11,6.485715e+08,5.997734e+05,8.954863e+01,1.341060e-03,1.105272e-09,2.351735e-17,-5.402656e-27,-1.133674e-26,-7.296535e-27,-5.212188e-27,3.097136e-27,5.078600e-27,3.155923e-27,8.826290e-27,1.333793e-26,5.991113e-28,1.120449e-26,-2.215803e-27,4.901492e-27,3.071238e-27,-6.809295e-27,-9.180802e-28,3.593503e-27,-2.593628e-27,-9.324030e-27,-9.232470e-27,-4.491380e-27,-1.942712e-28,9.402857e-28,-9.164989e-28,-4.271045e-27,-7.663973e-27,-1.022215e-26,-1.165518e-26,-1.204729e-26,-1.164972e-26,-1.074284e-26
Ag-113m,2.561161e+09,2.326713e+06,3.396559e+02,4.944226e-03,3.931607e-09,7.996163e-17,4.389961e-26,1.459868e-26,-3.224435e-26,-4.849014e-26,-3.210050e-26,-1.321928e-26,5.366904e-28,-2.365020e-26,3.820367e-26,-4.315590e-26,4.993797e-26,-4.925924e-26,1.867195e-26,3.258779e-26,-4.183574e-26,-1.900209e-26,3.339934e-26,2.836888e-26,-8.222880e-27,-2.878590e-26,-2.288663e-26,-4.774483e-27,1.089077e-26,1.813969e-26,1.776438e-26,1.304750e-26,7.031064e-27,1.596572e-27,-2.457079e-27,-5.026885e-27,-6.347112e-27,-6.754659e-27,-6.567608e-27,-6.038295e-27,-5.346369e-27,-4.609163e-27,-3.896912e-27,-3.247103e-27,-2.675927e-27,-2.186602e-27,-1.775058e-27,-1.433599e-27,-1.153161e-27,-9.246189e-28,-7.394723e-28,-5.901703e-28,-4.702035e-28,-3.740770e-28,-2.972218e-28,-2.358800e-28,-1.869866e-28,-1.480569e-28,-1.170866e-28,-9.246484e-29
Ag-114,3.594159e+11,4.049350e+09,1.414592e+07,1.128731e+04,1.399162e+00,1.657194e-05,1.016050e-11,1.488750e-19,-1.285701e-29,4.656929e-28,-8.217019e-29,-2.207109e-28,-7.478357e-29,2.924547e-29,-3.064677e-29,8.792317e-29,3.254324e-28,-2.788694e-28,5.105871e-29,-5.035321e-28,-1.540011e-28,-2.464466e-28,-4.971039e-28,-1.400339e-28,9.570616e-29,-6.698746e-29,-2.188445e-28,-1.139708e-28,1.410940e-28,3.541958e-28,4.332006e-28,3.931540e-28,2.941350e-28,1.917022e-28,1.181639e-28,8.389191e-29,8.553616e-29,1.138110e-28,1.585403e-28,2.111235e-28,2.653041e-28,3.170544e-28,3.641162e-28,4.054868e-28,4.409773e-28,4.708792e-28,4.957328e-28,5.161779e-28,5.328630e-28,5.463959e-28,5.573196e-28,5.661040e-28,5.731474e-28,5.787816e-28,5.832805e-28,5.868677e-28,5.897246e-28,5.919979e-28,5.938055e-28,5.952420e-28
Ag-115,4.257090e+19,2.473883e+19,1.247705e+19,5.263190e+18,1.772293e+18,4.491897e+17,7.956505e+16,8.970087e+15,5.720498e+14,1.778465e+13,2.234515e+11,8.956510e+08,8.499506e+05,1.311056e+02,2.045791e-03,1.775793e-09,4.033647e-17,1.314458e-26,5.401031e-27,6.739125e-27,-5.339113e-27,-7.801956e-27,-1.184140e-26,-1.407273e-26,-2.625889e-27,7.633081e-27,-2.733127e-27,1.459240e-26,7.966880e-28,1.092779e-26,9.815861e-27,-2.699976e-27,4.128505e-27,9.454166e-27,1.244624e-27,-7.886011e-27,-8.485811e-27,-3.110743e-27,1.864661e-27,2.974207e-27,3.825609e-28,-4.059884e-27,-8.526921e-27,-1.192104e-26,-1.387598e-26,-1.449773e-26,-1.410386e-26,-1.304955e-26,-1.164014e-26,-1.010221e-26,-8.585777e-27,-7.179170e-27,-5.926234e-27,-4.841423e-27,-3.921337e-27,-3.152826e-27,-2.518303e-27,-1.999022e-27,-1.576939e-27,-1.235673e-27
Ag-115m,8.079989e-28,-7.484407e-28,-3.562140e-28,2.287862e-28,7.819396e-30,-7.617485e-28,-3.898027e-28,8.759095e-28,-8.799370e-28,8.798919e-28,-8.853492e-28,5.943318e-28,2.111931e-28,-8.904005e-28,2.423331e-28,8.741399e-28,-1.331870e-29,-8.432885e-28,-6.726246e-28,9.641062e-29,7.338490e-28,8.884365e-28,6.151413e-28,1.393864e-28,-3.308198e-28,-6.757200e-28,-8.586238e-28,-8.946162e-28,-8.209644e-28,-6.779774e-28,-4.996784e-28,-3.109308e-28,-1.279183e-28,4.007049e-29,1.886584e-28,3.166741e-28,4.248628e-28,5.149890e-28,5.892532e-28,6.499370e-28,6.992042e-28,7.390021e-28,7.710248e-28,7.967122e-28,8.172680e-28,8.336861e-28,8.467796e-28,8.572096e-28,8.655100e-28,8.721108e-28,8.773569e-28,8.815245e-28,8.848340e-28,8.874613e-28,8.895467e-28,8.912015e-28,8.925145e-28,8.935562e-28,8.943825e-28,8.950380e-28
Ag-116,1.002912e+16,6.422062e+14,2.006892e+13,2.537954e+11,1.025647e+09,9.834234e+05,1.536834e+02,2.437830e-03,2.160397e-09,5.037173e-17,1.729928e-26,4.995563e-27,9.711097e-29,-1.343499e-26,-5.121952e-27,-5.565865e-28,-3.913028e-27,7.009335e-28,2.855890e-27,-1.365887e-26,4.275364e-27,-8.956884e-27,5.237718e-27,7.596515e-27,-3.409584e-27,6.142404e-27,1.352311e-26,5.400951e-27,-4.259457e-27,-4.829780e-27,1.046953e-27,6.426703e-27,7.516550e-27,4.509794e-27,-5.432606e-28,-5.619229e-27,-9.500370e-27,-1.177841e-26,-1.256869e-26,-1.222186e-26,-1.113119e-26,-9.635467e-27,-7.986676e-27,-6.352248e-27,-4.831322e-27,-3.473719e-27,-2.296595e-27,-1.297190e-27,-4.618000e-28,2.283268e-28,7.933523e-28,1.252765e-27,1.624306e-27,1.923529e-27,2.163723e-27,2.356039e-27,2.509710e-27,2.632306e-27,2.729988e-27,2.807742e-27
Ag-116m,2.032407e-28,3.688967e-29,3.488350e-28,-1.790984e-28,-2.459167e-28,8.677620e-29,5.011856e-28,-2.051477e-28,-1.032158e-28,1.907188e-28,-9.260397e-29,-1.750588e-28,4.663343e-28,-3.754572e-28,-2.322513e-28,4.529802e-28,2.754046e-28,-3.193043e-28,-4.854007e-28,-1.540003e-28,2.761444e-28,4.921699e-28,4.350332e-28,2.041346e-28,-7.134309e-29,-3.006994e-28,-4.441809e-28,-4.993900e-28,-4.832131e-28,-4.183233e-28,-3.256831e-28,-2.215453e-28,-1.170492e-28,-1.899080e-29,6.907059e-29,1.457712e-28,2.111156e-28,2.658800e-28,3.112138e-28,3.483888e-28,3.786526e-28,4.031517e-28,4.228973e-28,4.387571e-28,4.514617e-28,4.616171e-28,4.697213e-28,4.761801e-28,4.813222e-28,4.854127e-28,4.886645e-28,4.912483e-28,4.933004e-28,4.949297e-28,4.962231e-28,4.972495e-28,4.980640e-28,4.987101e-28,4.992227e-28,4.996294e-28
Ag-117,4.314076e+05,5.612652e+01,7.065758e-04,4.678423e-10,7.553007e-18,-1.436175e-27,6.436788e-27,6.560820e-28,-7.539417e-27,-5.094748e-27,4.302807e-28,-4.192330e-28,1.555803e-27,5.461113e-27,-1.323413e-26,1.120784e-27,-1.125862e-26,4.213814e-27,5.033224e-27,-2.243484e-27,8.103444e-27,1.384272e-26,5.981216e-27,-2.206712e-27,-2.298897e-27,2.706447e-27,6.792374e-27,6.988166e-27,3.717813e-27,-1.143029e-27,-5.850130e-27,-9.397680e-27,-1.148121e-26,-1.223573e-26,-1.198564e-26,-1.108196e-26,-9.822553e-27,-8.427116e-27,-7.040915e-27,-5.749732e-27,-4.596672e-27,-3.596678e-27,-2.747577e-27,-2.037796e-27,-1.451432e-27,-9.713632e-28,-5.810325e-28,-2.653643e-28,-1.114239e-29,1.929255e-28,3.563144e-28,4.868695e-28,5.910234e-28,6.740109e-28,7.400680e-28,7.926077e-28,8.343701e-28,8.675497e-28,8.939002e-28,9.148208e-28
Ag-117m,1.429916e-28,-9.895697e-28,7.780354e-28,-5.492258e-28,6.227119e-28,-8.957016e-28,9.503535e-28,-2.429727e-28,-8.452027e-28,6.063722e-28,8.387781e-28,-3.097897e-28,-9.918928e-28,-5.688132e-28,3.130938e-28,9.068448e-28,9.474586e-28,5.662634e-28,2.247120e-29,-4.737848e-28,-8.141341e-28,-9.750368e-28,-9.817043e-28,-8.777350e-28,-7.067607e-28,-5.041756e-28,-2.951130e-28,-9.548485e-29,8.590683e-29,2.452148e-28,3.817615e-28,4.967195e-28,5.922086e-28,6.707185e-28,7.347626e-28,7.866894e-28,8.285925e-28,8.622820e-28,8.892894e-28,9.108907e-28,9.281371e-28,9.418870e-28,9.528371e-28,9.615498e-28,9.684774e-28,9.739826e-28,9.783555e-28,9.818278e-28,9.845843e-28,9.867720e-28,9.885080e-28,9.898854e-28,9.909781e-28,9.918449e-28,9.925324e-28,9.930778e-28,9.935103e-28,9.938534e-28,9.941254e-28,9.943412e-28
Ag-118,2.417238e-27,-2.939415e-27,9.683096e-28,-1.974594e-27,4.882211e-27,6.844906e-28,-1.168645e-26,2.046864e-27,1.395305e-26,4.874114e-27,-9.330590e-27,-1.296268e-26,-6.313345e-27,2.811499e-27,8.621753e-27,9.739010e-27,7.493310e-27,3.842217e-27,2.671829e-28,-2.469886e-27,-4.165267e-27,-4.928705e-27,-4.992043e-27,-4.596949e-27,-3.944337e-27,-3.180810e-27,-2.403056e-27,-1.668653e-27,-1.007428e-27,-4.309789e-28,6.019912e-29,4.717773e-28,8.123748e-28,1.091578e-27,1.318800e-27,1.502686e-27,1.650856e-27,1.769842e-27,1.865138e-27,1.941303e-27,2.002076e-27,2.050507e-27,2.089061e-27,2.119729e-27,2.144107e-27,2.163477e-27,2.178860e-27,2.191074e-27,2.200769e-27,2.208463e-27,2.214568e-27,2.219412e-27,2.223254e-27,2.226302e-27,2.228720e-27,2.230637e-27,2.232158e-27,2.233364e-27,2.234321e-27,2.235079e-27
Ag-118m,3.491232e-27,-4.097485e-27,3.173961e-27,2.657835e-28,-3.179387e-27,9.148676e-28,2.772822e-27,6.530349e-29,-2.338602e-27,-1.942017e-27,6.143320e-29,1.740822e-27,2.207255e-27,1.604858e-27,4.912469e-28,-6.263503e-28,-1.457678e-27,-1.912649e-27,-2.024631e-27,-1.879630e-27,-1.571048e-27,-1.177807e-27,-7.576498e-28,-3.482564e-28,2.862892e-29,3.626124e-28,6.507186e-28,8.944177e-28,1.097559e-27,1.265025e-27,1.401915e-27,1.513081e-27,1.602898e-27,1.675178e-27,1.733166e-27,1.779574e-27,1.816643e-27,1.846207e-27,1.869759e-27,1.888502e-27,1.903408e-27,1.915255e-27,1.924666e-27,1.932140e-27,1.938073e-27,1.942783e-27,1.946520e-27,1.949485e-27,1.951838e-27,1.953704e-27,1.955184e-27,1.956358e-27,1.957290e-27,1.958028e-27,1.958614e-27,1.959079e-27,1.959447e-27,1.959739e-27,1.959971e-27,1.960155e-27
Ag-119,3.502435e-27,-4.578283e-27,4.592483e-27,-1.636230e-27,-3.913636e-27,3.797917e-27,4.364984e-27,-2.156964e-27,-5.764020e-27,-3.294454e-27,1.629959e-27,4.978738e-27,5.337634e-27,3.405437e-27,5.591913e-28,-2.081933e-27,-3.934473e-27,-4.862271e-27,-4.987544e-27,-4.531700e-27,-3.718845e-27,-2.731947e-27,-1.701693e-27,-7.114458e-28,1.920842e-28,9.878353e-28,1.671235e-27,2.247405e-27,2.726501e-27,3.120720e-27,3.442495e-27,3.703511e-27,3.914216e-27,4.083668e-27,4.219539e-27,4.328231e-27,4.415022e-27,4.484225e-27,4.539341e-27,4.583198e-27,4.618071e-27,4.645785e-27,4.667800e-27,4.685281e-27,4.699159e-27,4.710173e-27,4.718913e-27,4.725848e-27,4.731349e-27,4.735714e-27,4.739175e-27,4.741921e-27,4.744099e-27,4.745826e-27,4.747196e-27,4.748282e-27,4.749144e-27,4.749827e-27,4.750369e-27,4.750798e-27
Ag-120,1.307407e-27,-9.687377e-28,-8.413994e-24,6.926101e-27,2.120230e-28,-5.221919e-27,-5.976100e-27,-2.275065e-27,2.341735e-27,5.202650e-27,5.681353e-27,4.446750e-27,2.478948e-27,5.287415e-28,-1.009046e-27,-2.020386e-27,-2.552032e-27,-2.715792e-27,-2.631392e-27,-2.400058e-27,-2.096849e-27,-1.772259e-27,-1.457259e-27,-1.168792e-27,-9.144494e-28,-6.960126e-28,-5.119305e-28,-3.589539e-28,-2.331561e-28,-1.305335e-28,-4.733026e-29,1.980752e-29,7.378126e-29,1.170465e-28,1.516490e-28,1.792738e-28,2.012971e-28,2.188351e-28,2.327892e-28,2.438839e-28,2.527005e-28,2.597036e-28,2.652644e-28,2.696787e-28,2.731821e-28,2.759621e-28,2.781678e-28,2.799177e-28,2.813057e-28,2.824068e-28,2.832801e-28,2.839727e-28,2.845221e-28,2.849577e-28,2.853033e-28,2.855773e-28,2.857946e-28,2.859669e-28,2.861036e-28,2.862119e-28
Ag-120m,-2.859667e-28,-1.312938e-28,1.215799e-28,2.721240e-28,2.635103e-28,1.429402e-28,-1.475326e-29,-1.527738e-28,-2.437553e-28,-2.834428e-28,-2.802565e-28,-2.469898e-28,-1.959756e-28,-1.370132e-28,-7.695165e-29,-2.005764e-29,3.136239e-29,7.635159e-29,1.148067e-28,1.471153e-28,1.739104e-28,1.959148e-28,2.138483e-28,2.283783e-28,2.400970e-28,2.495145e-28,2.570615e-28,2.630962e-28,2.679133e-28,2.717531e-28,2.748107e-28,2.772432e-28,2.791772e-28,2.807140e-28,2.819347e-28,2.829039e-28,2.836733e-28,2.842839e-28,2.847684e-28,2.851528e-28,2.854578e-28,2.856997e-28,2.858916e-28,2.860438e-28,2.861645e-28,2.862603e-28,2.863362e-28,2.863964e-28,2.864442e-28,2.864821e-28,2.865121e-28,2.865359e-28,2.865548e-28,2.865698e-28,2.865817e-28,2.865911e-28,2.865985e-28,2.866045e-28,2.866092e-28,2.866129e-28
Ag-121,-7.965830e-28,1.557016e-27,9.416639e-28,-1.136343e-27,-1.724767e-27,-5.640015e-28,9.576731e-28,1.738381e-27,1.561341e-27,7.680826e-28,-1.908702e-28,-9.966493e-28,-1.507558e-27,-1.712687e-27,-1.669165e-27,-1.455015e-27,-1.142812e-27,-7.890494e-28,-4.325865e-28,-9.723788e-29,2.044233e-28,4.674708e-28,6.917572e-28,8.798443e-28,1.035614e-27,1.163393e-27,1.267445e-27,1.351694e-27,1.419607e-27,1.474163e-27,1.517869e-27,1.552808e-27,1.580692e-27,1.602915e-27,1.620609e-27,1.634685e-27,1.645875e-27,1.654766e-27,1.661828e-27,1.667435e-27,1.671886e-27,1.675418e-27,1.678221e-27,1.680445e-27,1.682209e-27,1.683608e-27,1.684718e-27,1.685599e-27,1.686297e-27,1.686851e-27,1.687290e-27,1.687638e-27,1.687914e-27,1.688133e-27,1.688307e-27,1.688445e-27,1.688554e-27,1.688641e-27,1.688710e-27,1.688764e-27
Ag-122,1.897195e-28,-6.583036e-29,-2.252402e-28,-1.341531e-28,6.610301e-29,2.048169e-28,2.186744e-28,1.353789e-28,1.320200e-29,-9.980843e-29,-1.784291e-28,-2.167647e-28,-2.201647e-28,-1.983180e-28,-1.610376e-28,-1.163362e-28,-6.993286e-29,-2.546862e-29,1.502587e-29,5.064636e-29,8.121207e-29,1.069666e-28,1.283728e-28,1.459811e-28,1.603502e-28,1.720039e-28,1.814101e-28,1.889738e-28,1.950381e-28,1.998891e-28,2.037623e-28,2.068506e-28,2.093101e-28,2.112672e-28,2.128233e-28,2.140599e-28,2.150423e-28,2.158223e-28,2.164415e-28,2.169330e-28,2.173230e-28,2.176324e-28,2.178779e-28,2.180726e-28,2.182271e-28,2.183496e-28,2.184468e-28,2.185238e-28,2.185849e-28,2.186334e-28,2.186719e-28,2.187023e-28,2.187265e-28,2.187457e-28,2.187609e-28,2.187730e-28,2.187825e-28,2.187901e-28,2.187961e-28,2.188009e-28
Ag-122m,9.731014e-29,2.090985e-28,1.995837e-28,1.060616e-28,-1.438916e-29,-1.189812e-28,-1.873835e-28,-2.167056e-28,-2.135343e-28,-1.876637e-28,-1.484708e-28,-1.033772e-28,-5.755430e-29,-1.421335e-29,2.491784e-29,5.913052e-29,8.835886e-29,1.129059e-28,1.332579e-28,1.499673e-28,1.635830e-28,1.746132e-28,1.835083e-28,1.906561e-28,1.963838e-28,2.009635e-28,2.046190e-28,2.075329e-28,2.098530e-28,2.116988e-28,2.131663e-28,2.143324e-28,2.152587e-28,2.159941e-28,2.165779e-28,2.170412e-28,2.174088e-28,2.177005e-28,2.179319e-28,2.181155e-28,2.182611e-28,2.183765e-28,2.184681e-28,2.185408e-28,2.185984e-28,2.186441e-28,2.186803e-28,2.187090e-28,2.187318e-28,2.187499e-28,2.187642e-28,2.187756e-28,2.187846e-28,2.187918e-28,2.187974e-28,2.188019e-28,2.188055e-28,2.188083e-28,2.188106e-28,2.188123e-28
Ag-123,-1.691095e-28,-3.873692e-29,1.119423e-28,1.792612e-28,1.501670e-28,6.342741e-29,-3.516646e-29,-1.148968e-28,-1.631407e-28,-1.800348e-28,-1.720539e-28,-1.473820e-28,-1.134139e-28,-7.580277e-29,-3.837809e-29,-3.445804e-30,2.781116e-29,5.496503e-29,7.805437e-29,9.737765e-29,1.133560e-28,1.264478e-28,1.370988e-28,1.457167e-28,1.526597e-28,1.582347e-28,1.626994e-28,1.662677e-28,1.691148e-28,1.713836e-28,1.731897e-28,1.746263e-28,1.757683e-28,1.766757e-28,1.773963e-28,1.779684e-28,1.784226e-28,1.787830e-28,1.790690e-28,1.792959e-28,1.794759e-28,1.796186e-28,1.797319e-28,1.798217e-28,1.798930e-28,1.799495e-28,1.799943e-28,1.800298e-28,1.800580e-28,1.800803e-28,1.800981e-28,1.801121e-28,1.801233e-28,1.801321e-28,1.801391e-28,1.801447e-28,1.801491e-28,1.801526e-28,1.801553e-28,1.801575e-28
Ag-124,3.044901e-28,3.562727e-28,2.394021e-28,4.585693e-29,-1.419999e-28,-2.778349e-28,-3.482727e-28,-3.601212e-28,-3.286200e-28,-2.699533e-28,-1.976590e-28,-1.215680e-28,-4.804162e-29,1.929682e-29,7.876471e-29,1.299409e-28,1.731544e-28,2.091304e-28,2.387602e-28,2.629627e-28,2.826062e-28,2.984706e-28,3.112333e-28,3.214697e-28,3.296602e-28,3.362015e-28,3.414178e-28,3.455728e-28,3.488793e-28,3.515087e-28,3.535984e-28,3.552584e-28,3.565766e-28,3.576231e-28,3.584537e-28,3.591129e-28,3.596358e-28,3.600507e-28,3.603799e-28,3.606409e-28,3.608480e-28,3.610122e-28,3.611425e-28,3.612458e-28,3.613277e-28,3.613927e-28,3.614442e-28,3.614851e-28,3.615175e-28,3.615432e-28,3.615636e-28,3.615797e-28,3.615926e-28,3.616027e-28,3.616108e-28,3.616172e-28,3.616222e-28,3.616263e-28,3.616294e-28,3.616320e-28
Ag-125,9.786989e-34,1.043026e-33,6.376237e-34,4.504766e-35,-5.016403e-34,-8.802609e-34,-1.062554e-33,-1.074867e-33,-9.645629e-34,-7.795224e-34,-5.587982e-34,-3.302328e-34,-1.115250e-34,8.748092e-35,2.624301e-34,4.124904e-34,5.388926e-34,6.439299e-34,7.303167e-34,8.008031e-34,8.579637e-34,9.040971e-34,9.411917e-34,9.709315e-34,9.947199e-34,1.013713e-33,1.028857e-33,1.040917e-33,1.050514e-33,1.058144e-33,1.064208e-33,1.069025e-33,1.072849e-33,1.075886e-33,1.078295e-33,1.080208e-33,1.081725e-33,1.082929e-33,1.083883e-33,1.084641e-33,1.085241e-33,1.085718e-33,1.086096e-33,1.086395e-33,1.086633e-33,1.086822e-33,1.086971e-33,1.087090e-33,1.087184e-33,1.087258e-33,1.087317e-33,1.087364e-33,1.087401e-33,1.087431e-33,1.087454e-33,1.087473e-33,1.087487e-33,1.087499e-33,1.087508e-33,1.087516e-33
Ag-126,1.987792e-34,3.123816e-35,-1.288174e-34,-2.430450e-34,-3.010131e-34,-3.091150e-34,-2.806078e-34,-2.293503e-34,-1.668436e-34,-1.013929e-34,-3.834280e-35,1.928373e-35,7.010265e-35,1.137909e-34,1.506534e-34,1.813243e-34,2.065739e-34,2.271915e-34,2.439210e-34,2.574291e-34,2.682946e-34,2.770082e-34,2.839796e-34,2.895467e-34,2.939861e-34,2.975219e-34,3.003356e-34,3.025730e-34,3.043512e-34,3.057637e-34,3.068854e-34,3.077758e-34,3.084825e-34,3.090434e-34,3.094883e-34,3.098413e-34,3.101214e-34,3.103435e-34,3.105197e-34,3.106594e-34,3.107703e-34,3.108582e-34,3.109279e-34,3.109832e-34,3.110270e-34,3.110618e-34,3.110893e-34,3.111112e-34,3.111285e-34,3.111423e-34,3.111532e-34,3.111618e-34,3.111687e-34,3.111741e-34,3.111785e-34,3.111819e-34,3.111846e-34,3.111867e-34,3.111884e-34,3.111898e-34
Ag-127,7.004367e-35,1.499368e-35,-3.905675e-35,-7.849803e-35,-9.924626e-35,-1.031172e-34,-9.443181e-35,-7.783210e-35,-5.722353e-35,-3.545356e-35,-1.437165e-35,4.963615e-36,2.205601e-35,3.677580e-35,4.921197e-35,5.956945e-35,6.810253e-35,7.507424e-35,8.073375e-35,8.530510e-35,8.898313e-35,9.193335e-35,9.429410e-35,9.617960e-35,9.768326e-35,9.888101e-35,9.983420e-35,1.005922e-34,1.011946e-34,1.016732e-34,1.020532e-34,1.023549e-34,1.025944e-34,1.027844e-34,1.029352e-34,1.030548e-34,1.031497e-34,1.032250e-34,1.032847e-34,1.033320e-34,1.033696e-34,1.033994e-34,1.034230e-34,1.034417e-34,1.034566e-34,1.034683e-34,1.034777e-34,1.034851e-34,1.034910e-34,1.034956e-34,1.034993e-34,1.035023e-34,1.035046e-34,1.035064e-34,1.035079e-34,1.035090e-34,1.035100e-34,1.035107e-34,1.035113e-34,1.035117e-34
Ag-128,-4.913401e-36,-6.754795e-36,-7.337011e-36,-6.936198e-36,-5.885569e-36,-4.480581e-36,-2.944408e-36,-1.426691e-36,-1.648298e-38,1.241424e-36,2.331772e-36,3.257390e-36,4.031079e-36,4.670242e-36,5.193559e-36,5.619075e-36,5.963216e-36,6.240382e-36,6.462876e-36,6.641025e-36,6.783378e-36,6.896948e-36,6.987439e-36,7.059470e-36,7.116762e-36,7.162302e-36,7.198484e-36,7.227219e-36,7.250032e-36,7.268141e-36,7.282511e-36,7.293914e-36,7.302960e-36,7.310136e-36,7.315829e-36,7.320344e-36,7.323926e-36,7.326766e-36,7.329019e-36,7.330805e-36,7.332222e-36,7.333346e-36,7.334237e-36,7.334944e-36,7.335504e-36,7.335948e-36,7.336301e-36,7.336580e-36,7.336802e-36,7.336978e-36,7.337117e-36,7.337228e-36,7.337315e-36,7.337385e-36,7.337440e-36,7.337484e-36,7.337518e-36,7.337546e-36,7.337568e-36,7.337585e-36
Ag-129,-1.760184e-39,-1.912078e-39,-1.807740e-39,-1.534008e-39,-1.167889e-39,-7.675571e-40,-3.720180e-40,-4.487084e-42,3.233569e-40,6.075342e-40,8.487803e-40,1.050430e-39,1.217019e-39,1.353415e-39,1.464321e-39,1.554017e-39,1.626257e-39,1.684248e-39,1.730681e-39,1.767784e-39,1.797385e-39,1.820970e-39,1.839744e-39,1.854677e-39,1.866547e-39,1.875977e-39,1.883467e-39,1.889413e-39,1.894133e-39,1.897878e-39,1.900850e-39,1.903208e-39,1.905078e-39,1.906562e-39,1.907739e-39,1.908672e-39,1.909413e-39,1.910000e-39,1.910466e-39,1.910835e-39,1.911128e-39,1.911360e-39,1.911544e-39,1.911690e-39,1.911806e-39,1.911898e-39,1.911971e-39,1.912029e-39,1.912074e-39,1.912111e-39,1.912139e-39,1.912162e-39,1.912180e-39,1.912195e-39,1.912206e-39,1.912215e-39,1.912222e-39,1.912228e-39,1.912233e-39,1.912236e-39
Ag-130,-3.714326e-30,-4.315731e-30,-4.265140e-30,-3.757385e-30,-2.980101e-30,-2.082296e-30,-1.168068e-30,-3.022402e-31,4.801709e-31,1.164660e-30,1.749693e-30,2.241189e-30,2.648795e-30,2.983513e-30,3.256300e-30,3.477312e-30,3.655559e-30,3.798803e-30,3.913595e-30,4.005384e-30,4.078651e-30,4.137055e-30,4.183560e-30,4.220558e-30,4.249974e-30,4.273348e-30,4.291914e-30,4.306656e-30,4.318358e-30,4.327645e-30,4.335015e-30,4.340862e-30,4.345500e-30,4.349180e-30,4.352098e-30,4.354413e-30,4.356249e-30,4.357705e-30,4.358860e-30,4.359776e-30,4.360503e-30,4.361079e-30,4.361535e-30,4.361898e-30,4.362185e-30,4.362413e-30,4.362593e-30,4.362737e-30,4.362850e-30,4.362940e-30,4.363012e-30,4.363068e-30,4.363113e-30,4.363149e-30,4.363177e-30,4.363200e-30,4.363217e-30,4.363232e-30,4.363243e-30,4.363252e-30
Cd-110,7.647750e+06,9.644164e+06,1.216162e+07,1.533606e+07,1.933892e+07,2.438629e+07,3.075064e+07,3.877539e+07,4.889346e+07,6.165045e+07,7.773387e+07,9.800998e+07,1.235699e+08,1.557876e+08,1.963927e+08,2.475613e+08,3.120299e+08,3.932369e+08,4.954985e+08,6.242268e+08,7.861973e+08,9.898763e+08,1.245817e+09,1.567133e+09,1.970056e+09,2.474572e+09,3.105132e+09,3.891392e+09,4.868926e+09,6.079774e+09,7.572641e+09,9.402414e+09,1.162855e+10,1.431171e+10,1.750781e+10,2.125879e+10,2.557933e+10,3.043990e+10,3.574789e+10,4.133159e+10,4.693500e+10,5.223449e+10,5.688640e+10,6.060452e+10,6.324630e+10,6.486564e+10,6.569060e+10,6.602401e+10,6.612493e+10,6.614623e+10,6.614910e+10,6.614932e+10,6.614933e+10,6.614933e+10,6.614933e+10,6.614933e+10,6.614933e+10,6.614933e+10,6.614933e+10,6.614933e+10
Cd-111,3.864624e+18,4.531143e+18,5.289055e+18,6.170929e+18,7.225437e+18,8.516764e+18,1.012253e+19,1.213324e+19,1.465536e+19,1.781718e+19,2.177532e+19,2.672092e+19,3.288547e+19,4.054609e+19,5.002948e+19,6.171280e+19,7.601904e+19,9.340319e+19,1.143242e+20,1.391967e+20,1.683163e+20,2.017549e+20,2.392280e+20,2.799520e+20,3.225295e+20,3.649292e+20,4.046421e+20,4.390795e+20,4.661857e+20,4.850781e+20,4.963829e+20,5.019706e+20,5.041453e+20,5.047733e+20,5.048983e+20,5.049139e+20,5.049150e+20,5.049151e+20,5.049151e+20,5.049151e+20,5.049151e+20,5.049151e+20,5.049151e+20,5.049151e+20,5.049151e+20,5.049151e+20,5.049151e+20,5.049151e+20,5.049151e+20,5.049151e+20,5.049151e+20,5.049151e+20,5.049151e+20,5.049151e+20,5.049151e+20,5.049151e+20,5.049151e+20,5.049151e+20,5.049151e+20,5.049151e+20
Cd-112,1.270813e+18,1.977524e+18,3.060898e+18,4.706573e+18,7.178268e+18,1.083924e+19,1.617018e+19,2.377449e+19,3.435732e+19,4.866316e+19,6.736195e+19,9.089050e+19,1.192811e+20,1.520284e+20,1.880357e+20,2.256477e+20,2.627536e+20,2.969862e+20,3.260827e+20,3.484114e+20,3.634861e+20,3.721533e+20,3.762285e+20,3.777186e+20,3.781165e+20,3.781884e+20,3.781964e+20,3.781969e+20,3.781969e+20,3.781969e+20,3.781969e+20,3.781969e+20,3.781969e+20,3.781969e+20,3.781969e+20,3.781969e+20,3.781969e+20,3.781969e+20,3.781969e+20,3.781969e+20,3.781969e+20,3.781969e+20,3.781969e+20,3.781969e+20,3.781969e+20,3.781969e+20,3.781969e+20,3.781969e+20,3.781969e+20,3.781969e+20,3.781969e+20,3.781969e+20,3.781969e+20,3.781969e+20,3.781969e+20,3.781969e+20,3.781969e+20,3.781969e+20,3.781969e+20,3.781969e+20
Cd-113,1.722427e+20,1.800339e+20,1.894920e+20,2.008600e+20,2.143539e+20,2.301205e+20,2.481802e+20,2.683549e+20,2.901927e+20,3.129102e+20,3.353904e+20,3.562796e+20,3.742139e+20,3.881544e+20,3.977188e+20,4.033301e+20,4.060361e+20,4.070572e+20,4.073409e+20,4.073947e+20,4.074011e+20,4.074015e+20,4.074015e+20,4.074015e+20,4.074015e+20,4.074015e+20,4.074015e+20,4.074015e+20,4.074015e+20,4.074015e+20,4.074015e+20,4.074016e+20,4.074016e+20,4.074016e+20,4.074016e+20,4.074016e+20,4.074017e+20,4.074017e+20,4.074017e+20,4.074018e+20,4.074019e+20,4.074020e+20,4.074021e+20,4.074022e+20,4.074024e+20,4.074026e+20,4.074029e+20,4.074032e+20,4.074036e+20,4.074040e+20,4.074045e+20,4.074050e+20,4.074056e+20,4.074061e+20,4.074067e+20,4.074071e+20,4.074075e+20,4.074078e+20,4.074079e+20,4.074080e+20
Cd-113m,5.334777e+17,6.711572e+17,8.382906e+17,1.039175e+18,1.277624e+18,1.556233e+18,1.875360e+18,2.231858e+18,2.617738e+18,3.019157e+18,3.416370e+18,3.785452e+18,4.102298e+18,4.348541e+18,4.517424e+18,4.616410e+18,4.664006e+18,4.681771e+18,4.686431e+18,4.686936e+18,4.686485e+18,4.685783e+18,4.684889e+18,4.683762e+18,4.682341e+18,4.680549e+18,4.678290e+18,4.675444e+18,4.671857e+18,4.667337e+18,4.661644e+18,4.654475e+18,4.645451e+18,4.634095e+18,4.619815e+18,4.601870e+18,4.579340e+18,4.551087e+18,4.515707e+18,4.471483e+18,4.416333e+18,4.347756e+18,4.262794e+18,4.158017e+18,4.029553e+18,3.873200e+18,3.684653e+18,3.459919e+18,3.195959e+18,2.891612e+18,2.548791e+18,2.173814e+18,1.778567e+18,1.380921e+18,1.003645e+18,6.711433e+17,4.040467e+17,2.130695e+17,9.507532e+16,3.436651e+16
Cd-114,3.433258e+20,3.433258e+20,3.433258e+20,3.433258e+20,3.433258e+20,3.433258e+20,3.433258e+20,3.433258e+20,3.433258e+20,3.433258e+20,3.433258e+20,3.433258e+20,3.433258e+20,3.433258e+20,3.433258e+20,3.433258e+20,3.433258e+20,3.433258e+20,3.433258e+20,3.433258e+20,3.433258e+20,3.433258e+20,3.433258e+20,3.433258e+20,3.433258e+20,3.433258e+20,3.433258e+20,3.433258e+20,3.433258e+20,3.433258e+20,3.433258e+20,3.433258e+20,3.433258e+20,3.433258e+20,3.433258e+20,3.433258e+20,3.433258e+20,3.433258e+20,3.433258e+20,3.433258e+20,3.433258e+20,3.433258e+20,3.433258e+20,3.433258e+20,3.433258e+20,3.433258e+20,3.433258e+20,3.433258e+20,3.433258e+20,3.433258e+20,3.433258e+20,3.433258e+20,3.433258e+20,3.433258e+20,3.433258e+20,3.433258e+20,3.433258e+20,3.433258e+20,3.433258e+20,3.433258e+20
Cd-115,3.029247e+20,3.186754e+20,3.288465e+20,3.338590e+20,3.348775e+20,3.332642e+20,3.300328e+20,3.256376e+20,3.201045e+20,3.132519e+20,3.048186e+20,2.945069e+20,2.819993e+20,2.669813e+20,2.491781e+20,2.284102e+20,2.046706e+20,1.782194e+20,1.496809e+20,1.201143e+20,9.100720e+19,6.413541e+19,4.125240e+19,2.364691e+19,1.172237e+19,4.838435e+18,1.585178e+18,3.881046e+17,6.581068e+16,7.022320e+15,4.178224e+14,1.190182e+13,1.339197e+11,4.670772e+08,3.719313e+05,4.598582e+01,5.429023e-04,3.315039e-10,4.832300e-18,-5.839548e-27,1.256175e-27,-8.574838e-27,-1.312499e-27,6.729664e-27,6.414021e-27,8.937541e-29,2.838348e-27,1.277585e-26,-4.019477e-27,9.846067e-27,-7.098428e-27,4.458065e-27,-1.091496e-28,-1.081393e-26,-1.804578e-27,2.981093e-27,-5.397604e-27,-1.316674e-26,-1.208690e-26,-5.690451e-27
Cd-115m,1.691006e+19,1.793405e+19,1.863629e+19,1.904666e+19,1.924120e+19,1.930914e+19,1.932001e+19,1.931093e+19,1.929486e+19,1.927403e+19,1.924775e+19,1.921467e+19,1.917303e+19,1.912065e+19,1.905480e+19,1.897209e+19,1.886829e+19,1.873822e+19,1.857546e+19,1.837224e+19,1.811914e+19,1.780493e+19,1.741647e+19,1.693866e+19,1.635477e+19,1.564708e+19,1.479815e+19,1.379297e+19,1.262216e+19,1.128636e+19,9.801516e+18,8.204303e+18,6.555791e+18,4.940602e+18,3.458345e+18,2.205567e+18,1.250779e+18,6.117001e+17,2.482045e+17,7.958439e+16,1.896278e+16,3.107232e+15,3.175402e+14,1.789180e+13,4.758225e+11,4.909745e+09,1.535205e+07,1.065176e+04,1.107004e+00,1.049839e-05,4.863351e-12,5.004203e-20,-3.803362e-28,2.679983e-28,-6.297691e-28,-1.537280e-28,3.108512e-29,-1.115631e-28,-5.851716e-28,-6.678405e-28
Cd-116,3.844185e+20,3.844279e+20,3.844285e+20,3.844285e+20,3.844285e+20,3.844285e+20,3.844285e+20,3.844285e+20,3.844285e+20,3.844285e+20,3.844285e+20,3.844285e+20,3.844285e+20,3.844285e+20,3.844285e+20,3.844285e+20,3.844285e+20,3.844285e+20,3.844285e+20,3.844285e+20,3.844285e+20,3.844285e+20,3.844285e+20,3.844285e+20,3.844285e+20,3.844285e+20,3.844285e+20,3.844285e+20,3.844285e+20,3.844285e+20,3.844285e+20,3.844285e+20,3.844285e+20,3.844285e+20,3.844285e+20,3.844285e+20,3.844285e+20,3.844285e+20,3.844285e+20,3.844285e+20,3.844285e+20,3.844285e+20,3.844285e+20,3.844285e+20,3.844285e+20,3.844285e+20,3.844285e+20,3.844285e+20,3.844285e+20,3.844285e+20,3.844285e+20,3.844285e+20,3.844285e+20,3.844285e+20,3.844285e+20,3.844285e+20,3.844285e+20,3.844285e+20,3.844285e+20,3.844285e+20
Cd-117,2.306971e+20,2.145284e+20,1.957447e+20,1.743844e+20,1.507391e+20,1.254371e+20,9.949374e+19,7.428448e+19,5.138973e+19,3.229119e+19,1.797289e+19,8.584764e+18,3.381248e+18,1.044238e+18,2.373146e+17,3.663387e+16,3.472406e+15,1.779421e+14,4.198615e+12,3.725567e+10,9.630917e+07,5.256795e+04,4.036893e+00,2.614085e-05,7.484767e-12,4.198363e-20,-9.888931e-27,-7.350061e-27,-6.289433e-27,5.324841e-27,9.016106e-27,1.111266e-26,6.321441e-27,-6.293136e-28,1.124559e-26,4.528482e-28,7.846212e-27,-4.403697e-27,7.081317e-27,-2.066206e-27,-7.643775e-27,1.427716e-27,2.492419e-27,-6.046715e-27,-1.142894e-26,-9.049324e-27,-3.310522e-27,5.683630e-28,6.817639e-28,-2.103991e-27,-6.007335e-27,-9.571419e-27,-1.204078e-26,-1.324932e-26,-1.337141e-26,-1.271072e-26,-1.157211e-26,-1.020349e-26,-8.781453e-27,-7.418285e-27
Cd-117m,5.543856e+19,5.253221e+19,4.908343e+19,4.505532e+19,4.044361e+19,3.529494e+19,2.972612e+19,2.393856e+19,1.821841e+19,1.291124e+19,8.363544e+18,4.837136e+18,2.425006e+18,1.015221e+18,3.386099e+17,8.479368e+16,1.479314e+16,1.636129e+15,1.018513e+14,3.071510e+12,3.713737e+10,1.418191e+08,1.266098e+05,1.808214e+01,2.560440e-04,1.966353e-10,3.827364e-18,8.688352e-28,-1.771656e-28,-7.913378e-28,-8.793344e-28,4.816005e-28,4.252843e-28,-4.605135e-28,7.187270e-28,2.113415e-27,-1.017537e-27,1.812582e-27,-1.410020e-27,6.361951e-28,1.982632e-28,-2.079906e-27,-4.371456e-28,7.276475e-28,-7.792762e-28,-2.372279e-27,-2.259815e-27,-1.020678e-27,7.579647e-29,3.684549e-28,-8.677342e-29,-9.123641e-28,-1.744637e-27,-2.367881e-27,-2.711505e-27,-2.797534e-27,-2.688928e-27,-2.455466e-27,-2.156770e-27,-1.836804e-27
Cd-118,1.440676e+20,1.161008e+20,8.843775e+19,6.274611e+19,4.070326e+19,2.358354e+19,1.185003e+19,4.975200e+18,1.665395e+18,4.189459e+17,7.351025e+16,8.189337e+15,5.144723e+14,1.569447e+13,1.925352e+11,7.488303e+08,6.841338e+05,1.005924e+02,1.477649e-03,1.188559e-09,2.452501e-17,1.866607e-26,8.206808e-27,3.105220e-27,-2.834114e-27,3.781859e-29,-2.524409e-27,-7.736109e-27,-2.049201e-27,4.053505e-27,-1.048348e-26,3.730129e-27,-1.109706e-26,-8.798297e-28,-1.988880e-27,-1.266798e-26,-4.441752e-27,1.766314e-27,-5.073914e-27,-1.258928e-26,-1.194226e-26,-5.805741e-27,-3.194982e-28,1.271074e-27,-7.957818e-28,-4.699478e-27,-8.671012e-27,-1.165377e-26,-1.329578e-26,-1.369711e-26,-1.315908e-26,-1.201796e-26,-1.056189e-26,-9.003663e-27,-7.483177e-27,-6.081747e-27,-4.838628e-27,-3.765422e-27,-2.857060e-27,-2.099490e-27
Cd-119,4.549680e+13,8.041077e+11,4.956201e+09,8.092150e+06,2.474377e+03,9.150654e-02,2.358030e-07,2.112393e-14,2.737320e-23,4.602602e-27,-1.033020e-27,1.934251e-28,-5.575082e-27,-4.830836e-27,8.150507e-28,7.057856e-27,8.258509e-28,2.681488e-27,5.735230e-27,2.448211e-27,8.410530e-28,6.944421e-27,-2.778147e-27,-2.065264e-27,4.538838e-27,2.079849e-27,-4.758976e-27,-6.981940e-27,-3.837375e-27,4.356540e-28,2.496352e-27,1.700496e-27,-9.073862e-28,-3.961652e-27,-6.502995e-27,-8.112395e-27,-8.767378e-27,-8.650128e-27,-8.004051e-27,-7.054052e-27,-5.974652e-27,-4.885711e-27,-3.860646e-27,-2.938238e-27,-2.133737e-27,-1.447695e-27,-8.723296e-28,-3.957987e-28,-4.879647e-30,3.134577e-28,5.712158e-28,7.789981e-28,9.459136e-28,1.079635e-27,1.186535e-27,1.271848e-27,1.339844e-27,1.393981e-27,1.437047e-27,1.471284e-27
Cd-119m,7.824212e+11,5.628690e+09,1.116807e+07,4.366497e+03,2.201600e-01,8.386759e-07,1.229958e-13,2.967483e-22,4.239276e-27,-1.818405e-27,2.268990e-27,2.293251e-28,-5.381899e-28,1.366236e-27,2.246458e-27,-1.720968e-27,1.938279e-27,1.277342e-27,1.959196e-27,-5.651517e-28,3.881698e-27,-8.358320e-28,-1.438179e-27,2.439431e-27,1.891206e-27,-1.761604e-27,-3.366930e-27,-1.909096e-27,4.732772e-28,1.813106e-27,1.586350e-27,2.825864e-28,-1.354155e-27,-2.768459e-27,-3.698443e-27,-4.109417e-27,-4.089697e-27,-3.768822e-27,-3.270399e-27,-2.692166e-27,-2.102253e-27,-1.543045e-27,-1.037451e-27,-5.949984e-28,-2.167638e-28,1.010363e-28,3.646141e-28,5.810707e-28,7.574840e-28,9.004183e-28,1.015698e-27,1.108340e-27,1.182582e-27,1.241947e-27,1.289334e-27,1.327107e-27,1.357185e-27,1.381115e-27,1.400140e-27,1.415258e-27
Cd-120,1.629906e-01,4.402009e-07,4.183987e-14,5.840710e-23,3.240317e-27,2.610601e-27,1.080201e-26,-1.857735e-28,-5.051416e-27,-1.862078e-27,3.948915e-27,-6.268870e-27,-1.654306e-27,3.730661e-27,1.293882e-27,-1.703172e-28,1.053276e-26,-2.927050e-27,-1.542414e-27,8.856920e-27,5.740768e-27,-4.244643e-27,-7.560594e-27,-2.871252e-27,3.569468e-27,6.743402e-27,5.642556e-27,1.803983e-27,-2.733346e-27,-6.527155e-27,-8.941089e-27,-9.933850e-27,-9.773093e-27,-8.820364e-27,-7.411041e-27,-5.805967e-27,-4.184619e-27,-2.657135e-27,-1.281864e-27,-8.191477e-29,9.416454e-28,1.800264e-27,2.511508e-27,3.095048e-27,3.570288e-27,3.955120e-27,4.265356e-27,4.514587e-27,4.714261e-27,4.873890e-27,5.001287e-27,5.102826e-27,5.183670e-27,5.247983e-27,5.299112e-27,5.339738e-27,5.372005e-27,5.397626e-27,5.417962e-27,5.434102e-27
Cd-121,3.118045e-28,2.433499e-27,2.993573e-27,4.935704e-27,2.202766e-27,-3.451528e-27,2.219598e-27,-3.816597e-27,1.044606e-27,-4.289459e-27,4.029646e-27,-1.877521e-29,-1.948795e-27,4.071848e-27,4.949497e-27,1.250278e-28,-2.910845e-27,-1.546031e-27,1.656480e-27,3.719576e-27,3.592709e-27,1.809204e-27,-5.894075e-28,-2.761796e-27,-4.276741e-27,-5.044103e-27,-5.169379e-27,-4.831503e-27,-4.209050e-27,-3.447011e-27,-2.648707e-27,-1.880013e-27,-1.177894e-27,-5.591183e-28,-2.747358e-29,4.208891e-28,7.937918e-28,1.100678e-27,1.351200e-27,1.554433e-27,1.718506e-27,1.850461e-27,1.956271e-27,2.040917e-27,2.108510e-27,2.162405e-27,2.205331e-27,2.239488e-27,2.266648e-27,2.288233e-27,2.305379e-27,2.318994e-27,2.329803e-27,2.338381e-27,2.345189e-27,2.350590e-27,2.354875e-27,2.358274e-27,2.360970e-27,2.363109e-27
Cd-121m,1.859851e-27,2.279831e-27,1.360433e-27,-2.328714e-27,1.527015e-27,-6.142068e-28,8.796231e-28,-2.181385e-27,2.385739e-27,-1.191716e-27,-1.896334e-27,1.989966e-27,2.148638e-27,-8.860745e-28,-2.375982e-27,-1.088275e-27,1.155271e-27,2.518403e-27,2.446887e-27,1.346451e-27,-1.076511e-28,-1.394323e-27,-2.257879e-27,-2.654267e-27,-2.657002e-27,-2.381230e-27,-1.939064e-27,-1.420149e-27,-8.874968e-28,-3.806391e-28,7.880761e-29,4.816132e-28,8.264179e-28,1.116421e-27,1.357128e-27,1.554918e-27,1.716191e-27,1.846904e-27,1.952355e-27,2.037118e-27,2.105057e-27,2.159390e-27,2.202764e-27,2.237341e-27,2.264876e-27,2.286784e-27,2.304202e-27,2.318043e-27,2.329038e-27,2.337768e-27,2.344698e-27,2.350198e-27,2.354562e-27,2.358025e-27,2.360772e-27,2.362951e-27,2.364680e-27,2.366051e-27,2.367138e-27,2.368000e-27
Cd-122,3.879394e-27,-8.215748e-27,4.717508e-27,-2.584094e-27,3.500903e-27,-6.668625e-27,8.188593e-27,-3.213973e-27,-6.131539e-27,6.157360e-27,6.794050e-27,-3.011083e-27,-7.985825e-27,-3.946556e-27,3.312864e-27,7.822735e-27,7.722930e-27,4.279388e-27,-3.403226e-28,-4.448914e-27,-7.211039e-27,-8.475893e-27,-8.475186e-27,-7.577613e-27,-6.143751e-27,-4.462541e-27,-2.737356e-27,-1.095886e-27,3.920028e-28,1.696468e-27,2.813120e-27,3.752314e-27,4.531875e-27,5.172455e-27,5.694776e-27,6.118127e-27,6.459665e-27,6.734199e-27,6.954244e-27,7.130220e-27,7.270704e-27,7.382698e-27,7.471881e-27,7.542838e-27,7.599255e-27,7.644086e-27,7.679696e-27,7.707972e-27,7.730418e-27,7.748232e-27,7.762368e-27,7.773584e-27,7.782482e-27,7.789540e-27,7.795138e-27,7.799579e-27,7.803101e-27,7.805894e-27,7.808109e-27,7.809866e-27
Cd-123,4.091237e-27,-5.917653e-27,6.491332e-27,-2.192227e-27,-5.817076e-27,4.295213e-27,5.678411e-27,-2.181014e-27,-6.628349e-27,-3.559021e-27,2.488144e-27,6.450841e-27,6.601984e-27,3.892074e-27,1.076335e-28,-3.321201e-27,-5.665420e-27,-6.773908e-27,-6.824988e-27,-6.119521e-27,-4.956669e-27,-3.578342e-27,-2.155977e-27,-7.979530e-28,4.358560e-28,1.519327e-27,2.447902e-27,3.229599e-27,3.878867e-27,4.412656e-27,4.848072e-27,5.201094e-27,5.485962e-27,5.714986e-27,5.898582e-27,6.045425e-27,6.162662e-27,6.256131e-27,6.330566e-27,6.389792e-27,6.436883e-27,6.474305e-27,6.504030e-27,6.527634e-27,6.546371e-27,6.561242e-27,6.573042e-27,6.582405e-27,6.589833e-27,6.595725e-27,6.600399e-27,6.604106e-27,6.607046e-27,6.609378e-27,6.611227e-27,6.612694e-27,6.613857e-27,6.614779e-27,6.615511e-27,6.616091e-27
Cd-124,7.704013e-27,-6.167292e-27,-4.717995e-27,7.246175e-27,5.183189e-27,-4.653197e-27,-7.799133e-27,-2.502127e-27,4.714847e-27,8.468742e-27,7.614416e-27,3.754461e-27,-9.357037e-28,-4.898296e-27,-7.432121e-27,-8.475084e-27,-8.300575e-27,-7.287072e-27,-5.788487e-27,-4.081235e-27,-2.356023e-27,-7.301404e-28,7.341378e-28,2.012041e-27,3.102296e-27,4.016996e-27,4.774785e-27,5.396569e-27,5.902993e-27,6.313101e-27,6.643730e-27,6.909352e-27,7.122165e-27,7.292300e-27,7.428086e-27,7.536313e-27,7.622482e-27,7.691032e-27,7.745530e-27,7.788833e-27,7.823226e-27,7.850535e-27,7.872212e-27,7.889416e-27,7.903067e-27,7.913898e-27,7.922490e-27,7.929305e-27,7.934712e-27,7.939000e-27,7.942401e-27,7.945098e-27,7.947237e-27,7.948933e-27,7.950279e-27,7.951346e-27,7.952192e-27,7.952863e-27,7.953395e-27,7.953817e-27
Cd-125,1.659891e-27,3.335813e-27,-6.279783e-28,-3.554983e-27,-2.399822e-27,7.910483e-28,3.163948e-27,3.536755e-27,2.274017e-27,3.110804e-28,-1.547585e-27,-2.864225e-27,-3.524028e-27,-3.605103e-27,-3.263176e-27,-2.659631e-27,-1.927813e-27,-1.163698e-27,-4.288661e-28,2.419976e-28,8.331423e-28,1.341049e-27,1.769419e-27,2.125725e-27,2.418977e-27,2.658388e-27,2.852622e-27,3.009437e-27,3.135563e-27,3.236702e-27,3.317615e-27,3.382227e-27,3.433748e-27,3.474782e-27,3.507435e-27,3.533400e-27,3.554034e-27,3.570426e-27,3.583442e-27,3.593775e-27,3.601976e-27,3.608484e-27,3.613648e-27,3.617744e-27,3.620994e-27,3.623571e-27,3.625616e-27,3.627237e-27,3.628523e-27,3.629543e-27,3.630352e-27,3.630994e-27,3.631502e-27,3.631906e-27,3.632226e-27,3.632480e-27,3.632681e-27,3.632840e-27,3.632967e-27,3.633067e-27
Cd-126,4.097749e-27,-2.161616e-27,-5.292592e-27,-2.657539e-27,2.028855e-27,4.955083e-27,4.936687e-27,2.782756e-27,-1.241201e-28,-2.708488e-27,-4.438253e-27,-5.217542e-27,-5.194050e-27,-4.602564e-27,-3.672555e-27,-2.587772e-27,-1.477412e-27,-4.224619e-28,5.329047e-28,1.369977e-27,2.086216e-27,2.688441e-27,3.188190e-27,3.598770e-27,3.933508e-27,4.204791e-27,4.423631e-27,4.599527e-27,4.740505e-27,4.853245e-27,4.943244e-27,5.014989e-27,5.072121e-27,5.117576e-27,5.153716e-27,5.182434e-27,5.205245e-27,5.223358e-27,5.237737e-27,5.249148e-27,5.258203e-27,5.265387e-27,5.271087e-27,5.275608e-27,5.279194e-27,5.282039e-27,5.284295e-27,5.286084e-27,5.287503e-27,5.288629e-27,5.289521e-27,5.290229e-27,5.290790e-27,5.291235e-27,5.291588e-27,5.291868e-27,5.292090e-27,5.292266e-27,5.292406e-27,5.292516e-27
Cd-127,-4.288808e-27,-4.772635e-27,-6.473657e-28,3.655006e-27,5.338703e-27,4.239698e-27,1.577439e-27,-1.319066e-27,-3.596250e-27,-4.927058e-27,-5.342489e-27,-5.044589e-27,-4.275953e-27,-3.251242e-27,-2.132387e-27,-1.027837e-27,-2.042088e-30,9.126522e-28,1.705308e-27,2.378087e-27,2.940361e-27,3.404821e-27,3.785068e-27,4.094233e-27,4.344262e-27,4.545623e-27,4.707261e-27,4.836680e-27,4.940093e-27,5.022594e-27,5.088330e-27,5.140655e-27,5.182273e-27,5.215354e-27,5.241637e-27,5.262510e-27,5.279082e-27,5.292236e-27,5.302675e-27,5.310958e-27,5.317529e-27,5.322742e-27,5.326877e-27,5.330157e-27,5.332759e-27,5.334822e-27,5.336458e-27,5.337756e-27,5.338785e-27,5.339602e-27,5.340249e-27,5.340762e-27,5.341169e-27,5.341492e-27,5.341748e-27,5.341951e-27,5.342112e-27,5.342240e-27,5.342341e-27,5.342421e-27
Cd-128,-1.818955e-27,1.473445e-28,1.848976e-27,2.314394e-27,1.647570e-27,4.253258e-28,-8.041330e-28,-1.718278e-27,-2.213107e-27,-2.323131e-27,-2.143572e-27,-1.779326e-27,-1.319705e-27,-8.303756e-28,-3.543196e-28,8.361807e-29,4.715712e-28,8.061811e-28,1.089198e-27,1.325110e-27,1.519593e-27,1.678569e-27,1.807673e-27,1.911986e-27,1.995934e-27,2.063283e-27,2.117183e-27,2.160236e-27,2.194575e-27,2.221929e-27,2.243699e-27,2.261012e-27,2.274772e-27,2.285703e-27,2.294384e-27,2.301276e-27,2.306746e-27,2.311087e-27,2.314531e-27,2.317263e-27,2.319431e-27,2.321150e-27,2.322514e-27,2.323596e-27,2.324454e-27,2.325134e-27,2.325674e-27,2.326102e-27,2.326441e-27,2.326710e-27,2.326924e-27,2.327093e-27,2.327227e-27,2.327333e-27,2.327418e-27,2.327485e-27,2.327538e-27,2.327580e-27,2.327613e-27,2.327640e-27
Cd-129,4.330059e-31,5.138581e-30,8.201688e-30,8.237266e-30,5.875086e-30,2.467821e-30,-8.346186e-31,-3.393997e-30,-5.021741e-30,-5.802018e-30,-5.934233e-30,-5.633506e-30,-5.082692e-30,-4.417602e-30,-3.729316e-30,-3.073122e-30,-2.478503e-30,-1.957758e-30,-1.512566e-30,-1.138591e-30,-8.285255e-31,-5.739809e-31,-3.665933e-31,-1.986116e-31,-6.316448e-32,4.566320e-32,1.328609e-31,2.025757e-31,2.582176e-31,3.025674e-31,3.378793e-31,3.659713e-31,3.883048e-31,4.060509e-31,4.201459e-31,4.313374e-31,4.402212e-31,4.472716e-31,4.528661e-31,4.573047e-31,4.608260e-31,4.636192e-31,4.658348e-31,4.675921e-31,4.689859e-31,4.700913e-31,4.709680e-31,4.716632e-31,4.722146e-31,4.726519e-31,4.729986e-31,4.732736e-31,4.734917e-31,4.736646e-31,4.738018e-31,4.739105e-31,4.739968e-31,4.740652e-31,4.741194e-31,4.741624e-31
Cd-130,5.364520e-26,5.384195e-26,3.064112e-26,-9.327731e-28,-2.911790e-26,-4.805605e-26,-5.665604e-26,-5.650062e-26,-5.013703e-26,-4.006391e-26,-2.828604e-26,-1.621522e-26,-4.737849e-27,5.661538e-27,1.477662e-26,2.257803e-26,2.913888e-26,3.458414e-26,3.905835e-26,4.270641e-26,4.566313e-26,4.804840e-26,4.996568e-26,5.150240e-26,5.273135e-26,5.371242e-26,5.449452e-26,5.511733e-26,5.561285e-26,5.600683e-26,5.631991e-26,5.656858e-26,5.676604e-26,5.692279e-26,5.704719e-26,5.714591e-26,5.722423e-26,5.728637e-26,5.733565e-26,5.737475e-26,5.740576e-26,5.743036e-26,5.744986e-26,5.746533e-26,5.747760e-26,5.748733e-26,5.749505e-26,5.750117e-26,5.750602e-26,5.750987e-26,5.751292e-26,5.751534e-26,5.751726e-26,5.751878e-26,5.751999e-26,5.752094e-26,5.752170e-26,5.752230e-26,5.752278e-26,5.752316e-26
Cd-131,-3.549675e-27,-6.935168e-27,-8.689313e-27,-8.982377e-27,-8.194660e-27,-6.729844e-27,-4.925537e-27,-3.026860e-27,-1.192394e-27,4.875566e-28,1.971076e-27,3.247697e-27,4.325655e-27,5.223054e-27,5.962141e-27,6.565842e-27,7.055819e-27,7.451529e-27,7.769872e-27,8.025198e-27,8.229494e-27,8.392652e-27,8.522763e-27,8.626400e-27,8.708874e-27,8.774457e-27,8.826580e-27,8.867985e-27,8.900865e-27,8.926968e-27,8.947685e-27,8.964125e-27,8.977170e-27,8.987518e-27,8.995728e-27,9.002239e-27,9.007404e-27,9.011501e-27,9.014750e-27,9.017327e-27,9.019370e-27,9.020991e-27,9.022276e-27,9.023295e-27,9.024104e-27,9.024745e-27,9.025253e-27,9.025656e-27,9.025976e-27,9.026229e-27,9.026430e-27,9.026590e-27,9.026716e-27,9.026816e-27,9.026896e-27,9.026959e-27,9.027009e-27,9.027048e-27,9.027080e-27,9.027105e-27
In-113,1.429544e+12,2.310574e+12,3.702900e+12,5.887112e+12,9.286688e+12,1.453165e+13,2.254294e+13,3.463799e+13,5.265253e+13,7.906499e+13,1.170998e+14,1.707808e+14,2.449188e+14,3.450581e+14,4.774781e+14,6.494028e+14,8.695461e+14,1.148972e+15,1.502082e+15,1.947559e+15,2.509306e+15,3.217596e+15,4.110618e+15,5.236502e+15,6.655891e+15,8.445168e+15,1.070052e+16,1.354304e+16,1.712508e+16,2.163822e+16,2.732321e+16,3.448226e+16,4.349434e+16,5.483394e+16,6.909402e+16,8.701377e+16,1.095119e+17,1.377258e+17,1.730563e+17,2.172179e+17,2.722909e+17,3.407723e+17,4.256156e+17,5.302458e+17,6.585293e+17,8.146636e+17,1.002946e+18,1.227366e+18,1.490957e+18,1.794878e+18,2.137219e+18,2.511671e+18,2.906364e+18,3.303453e+18,3.680201e+18,4.012237e+18,4.278960e+18,4.469670e+18,4.587499e+18,4.648123e+18
In-115,1.585863e+17,2.773178e+17,4.783224e+17,8.119247e+17,1.354048e+18,2.216143e+18,3.557265e+18,5.597251e+18,8.628228e+18,1.301947e+19,1.920895e+19,2.767513e+19,3.888710e+19,5.323996e+19,7.099187e+19,9.221862e+19,1.167834e+20,1.442968e+20,1.740448e+20,2.049079e+20,2.353455e+20,2.635262e+20,2.876448e+20,3.063799e+20,3.193297e+20,3.271762e+20,3.313988e+20,3.336454e+20,3.351504e+20,3.365472e+20,3.380389e+20,3.396365e+20,3.412850e+20,3.429002e+20,3.443824e+20,3.456352e+20,3.465900e+20,3.472291e+20,3.475926e+20,3.477612e+20,3.478218e+20,3.478377e+20,3.478404e+20,3.478407e+20,3.478408e+20,3.478408e+20,3.478408e+20,3.478408e+20,3.478408e+20,3.478408e+20,3.478408e+20,3.478408e+20,3.478408e+20,3.478408e+20,3.478408e+20,3.478408e+20,3.478408e+20,3.478408e+20,3.478408e+20,3.478408e+20
In-115m,2.556587e+18,3.489178e+18,4.666290e+18,6.106402e+18,7.813861e+18,9.775338e+18,1.195434e+19,1.428255e+19,1.665045e+19,1.890323e+19,2.084894e+19,2.228373e+19,2.303305e+19,2.299788e+19,2.218423e+19,2.069527e+19,1.868636e+19,1.631303e+19,1.370924e+19,1.100231e+19,8.336224e+18,5.874783e+18,3.778709e+18,2.166055e+18,1.073771e+18,4.432055e+17,1.452082e+17,3.555635e+16,6.033855e+15,6.482714e+14,4.264059e+13,4.746619e+12,2.933991e+12,2.201924e+12,1.541283e+12,9.829567e+11,5.574354e+11,2.726168e+11,1.106175e+11,3.546843e+10,8.451155e+09,1.384802e+09,1.415184e+08,7.973851e+06,2.120601e+05,2.188129e+03,6.841959e+00,4.747179e-03,4.933592e-07,4.678827e-12,2.167453e-18,2.215077e-26,-7.538336e-29,-5.326820e-28,7.163040e-28,1.428834e-27,7.896577e-28,9.042142e-29,1.224975e-28,5.952045e-28
In-116,-1.667379e-33,-2.522102e-35,9.473685e-34,5.053341e-34,-1.151661e-33,-1.052664e-33,1.681205e-33,-1.564950e-33,1.577102e-33,-1.680920e-33,1.258555e-33,2.168364e-34,-1.640146e-33,5.903424e-34,1.604077e-33,-1.381713e-34,-1.611558e-33,-1.198995e-33,2.597466e-34,1.414517e-33,1.654313e-33,1.110838e-33,2.115365e-34,-6.610279e-34,-1.291736e-33,-1.618565e-33,-1.673215e-33,-1.526522e-33,-1.253685e-33,-9.175954e-34,-5.639177e-34,-2.221955e-34,9.074705e-35,3.671003e-34,6.049134e-34,8.057198e-34,9.728914e-34,1.110572e-33,1.223033e-33,1.314308e-33,1.388024e-33,1.447326e-33,1.494890e-33,1.532948e-33,1.563342e-33,1.587580e-33,1.606886e-33,1.622249e-33,1.634467e-33,1.644176e-33,1.651890e-33,1.658015e-33,1.662877e-33,1.666737e-33,1.669799e-33,1.672229e-33,1.674157e-33,1.675686e-33,1.676900e-33,1.677862e-33
In-116m,6.925684e+13,5.670486e+13,4.406658e+13,3.206365e+13,2.147183e+13,1.294996e+13,6.844559e+12,3.062931e+12,1.111156e+12,3.093609e+11,6.168834e+10,8.075160e+09,6.217218e+08,2.451149e+07,4.155258e+05,2.429974e+03,3.713008e+00,1.044292e-03,3.475563e-08,7.841313e-14,5.940327e-21,6.228470e-30,4.936473e-34,1.668498e-33,1.342592e-33,-2.406886e-33,-2.926665e-33,-9.464228e-34,2.322873e-33,-1.975509e-33,-2.387722e-33,3.457124e-34,-2.381347e-33,-2.306349e-33,1.511255e-33,-4.222769e-33,-2.913434e-33,1.534150e-33,8.249139e-35,-3.891584e-33,-4.854815e-33,-2.554725e-33,2.959022e-34,1.662224e-33,1.209275e-33,-3.728240e-34,-2.221859e-33,-3.743358e-33,-4.683207e-33,-5.032986e-33,-4.909204e-33,-4.464387e-33,-3.838240e-33,-3.138470e-33,-2.438561e-33,-1.783118e-33,-1.195323e-33,-6.838708e-34,-2.484656e-34,1.162417e-34
In-116m2,-3.380718e-05,-4.747722e-06,1.966295e-06,-8.208975e-07,-2.776506e-06,-2.477347e-06,-9.370972e-07,-5.668148e-09,1.779791e-08,-4.768928e-09,-3.208513e-09,6.478891e-10,1.938248e-12,-1.605347e-12,1.248608e-15,-2.318656e-16,1.270855e-19,7.356257e-23,-5.743659e-26,8.354134e-28,-6.627074e-32,-8.558185e-34,-5.466316e-34,-2.060206e-34,1.052440e-34,3.797087e-34,6.156435e-34,8.147052e-34,9.803248e-34,1.116665e-33,1.227991e-33,1.318321e-33,1.391257e-33,1.449923e-33,1.496970e-33,1.534610e-33,1.564668e-33,1.588637e-33,1.607727e-33,1.622919e-33,1.634999e-33,1.644599e-33,1.652226e-33,1.658281e-33,1.663089e-33,1.666905e-33,1.669933e-33,1.672335e-33,1.674241e-33,1.675753e-33,1.676952e-33,1.677904e-33,1.678658e-33,1.679256e-33,1.679731e-33,1.680107e-33,1.680406e-33,1.680642e-33,1.680830e-33,1.680979e-33
In-117,1.534276e+19,1.800689e+19,2.067971e+19,2.311469e+19,2.497339e+19,2.585350e+19,2.536580e+19,2.326634e+19,1.961584e+19,1.488795e+19,9.915921e+18,5.618991e+18,2.610702e+18,9.527918e+17,2.605030e+17,5.085161e+16,6.780354e+15,5.907269e+14,3.124754e+13,8.692719e+11,1.021899e+10,3.876425e+07,3.457167e+04,4.936996e+00,6.990781e-05,5.368742e-11,1.044987e-18,-2.804042e-27,-7.337250e-27,1.341695e-28,-7.935504e-28,2.522677e-27,6.243237e-27,-9.699823e-27,6.760533e-27,-5.946183e-27,8.432115e-27,-1.085627e-26,7.183233e-27,3.790045e-27,-9.015084e-27,-1.918935e-27,7.389261e-27,5.006439e-27,-2.384541e-27,-5.982141e-27,-4.412901e-27,-6.821047e-28,2.386983e-27,3.722612e-27,3.548060e-27,2.539064e-27,1.301508e-27,2.027785e-28,-6.059733e-28,-1.110555e-27,-1.362000e-27,-1.430181e-27,-1.380071e-27,-1.262785e-27
In-117m,5.518705e+19,6.443301e+19,7.353116e+19,8.158452e+19,8.740707e+19,8.964184e+19,8.704098e+19,7.891641e+19,6.565697e+19,4.904469e+19,3.200843e+19,1.764210e+19,7.872852e+18,2.699817e+18,6.670921e+17,1.097263e+17,1.090723e+16,5.834850e+14,1.476973e+13,1.608714e+11,8.110228e+08,2.086205e+06,1.724873e+03,2.445769e-01,3.462057e-06,2.658754e-12,5.175073e-20,-1.251110e-26,-2.730525e-26,2.729047e-27,-4.978732e-29,1.103362e-26,2.313135e-26,-3.528255e-26,2.607604e-26,-2.358028e-26,3.264957e-26,-4.215529e-26,2.896120e-26,1.268402e-26,-3.431985e-26,-4.522894e-27,2.751002e-26,1.577458e-26,-1.047901e-26,-2.107783e-26,-1.397388e-26,-7.187961e-28,9.306208e-27,1.312162e-26,1.193385e-26,8.179332e-27,3.878691e-27,1.891972e-28,-2.455186e-27,-4.056532e-27,-4.812806e-27,-4.969391e-27,-4.746406e-27,-4.313444e-27
In-118,2.390767e+17,1.926665e+17,1.467603e+17,1.041256e+17,6.754607e+16,3.913631e+16,1.966483e+16,8.256223e+15,2.763682e+15,6.952305e+14,1.219885e+14,1.359001e+13,8.537543e+11,2.604459e+10,3.195075e+08,1.242666e+06,1.135303e+03,1.669306e-01,2.452122e-06,1.972385e-12,4.069899e-20,2.509339e-29,1.747016e-29,1.237769e-29,4.243550e-30,9.558562e-30,5.105794e-30,-4.169725e-30,4.440180e-30,1.368448e-29,-1.129217e-29,1.151745e-29,-1.377075e-29,2.599961e-30,2.682429e-31,-1.786084e-29,-4.544030e-30,5.485677e-30,-6.086144e-30,-1.873557e-29,-1.780476e-29,-7.735833e-30,1.276938e-30,3.843418e-30,3.553116e-31,-6.169120e-30,-1.279665e-29,-1.777577e-29,-2.052393e-29,-2.120844e-29,-2.033027e-29,-1.844826e-29,-1.604120e-29,-1.346270e-29,-1.094532e-29,-8.624301e-30,-6.565041e-30,-4.786989e-30,-3.281890e-30,-2.026550e-30
In-118m,4.321606e+12,3.768496e+11,1.738343e+10,3.592182e+08,2.696519e+06,5.645158e+03,2.361651e+00,1.296808e-04,5.501215e-10,9.240151e-17,2.645335e-25,5.028378e-31,-1.594123e-30,1.093968e-30,1.399680e-30,8.992664e-31,8.165618e-31,2.651443e-31,-1.546612e-30,1.273857e-31,-1.897968e-31,5.964622e-31,-3.299823e-31,1.669589e-30,1.163853e-32,-2.894971e-31,1.249323e-30,1.101983e-30,-3.485050e-31,-1.060526e-30,-5.631847e-31,3.326031e-31,8.440110e-31,7.470816e-31,2.238320e-31,-4.353927e-31,-1.010247e-30,-1.395030e-30,-1.574116e-30,-1.581258e-30,-1.467181e-30,-1.280709e-30,-1.060679e-30,-8.343125e-31,-6.186670e-31,-4.230734e-31,-2.515319e-31,-1.046592e-31,1.888727e-32,1.214420e-31,2.057168e-31,2.744353e-31,3.301339e-31,3.750692e-31,4.111891e-31,4.401402e-31,4.632932e-31,4.817766e-31,4.965116e-31,5.082454e-31
In-118m2,5.444609e-31,5.349085e-31,6.847353e-32,-5.493611e-31,4.381371e-31,-3.118434e-31,3.516265e-31,-5.008328e-31,5.270810e-31,-1.306202e-31,-4.723558e-31,3.343836e-31,4.683591e-31,-1.695580e-31,-5.515616e-31,-3.183149e-31,1.722196e-31,5.037112e-31,5.275551e-31,3.161952e-31,1.378933e-32,-2.625508e-31,-4.523044e-31,-5.422182e-31,-5.462424e-31,-4.886129e-31,-3.936143e-31,-2.809598e-31,-1.646541e-31,-5.356850e-32,4.738653e-32,1.360614e-31,2.120734e-31,2.760718e-31,3.292343e-31,3.729454e-31,4.086036e-31,4.375159e-31,4.608474e-31,4.796060e-31,4.946440e-31,5.066720e-31,5.162751e-31,5.239314e-31,5.300287e-31,5.348801e-31,5.387376e-31,5.418031e-31,5.442381e-31,5.461716e-31,5.477065e-31,5.489247e-31,5.498913e-31,5.506583e-31,5.512667e-31,5.517494e-31,5.521323e-31,5.524359e-31,5.526768e-31,5.528678e-31
In-119,1.672395e+17,9.146364e+16,4.275107e+16,1.638448e+16,4.888723e+15,1.063789e+15,1.554623e+14,1.375227e+13,6.459419e+11,1.365581e+10,1.054990e+08,2.290159e+05,1.002905e+02,5.833875e-03,2.661416e-08,4.899451e-15,1.576634e-23,-2.853828e-26,2.401892e-26,-9.266232e-27,-1.362817e-26,2.769295e-26,-1.043407e-26,-1.927578e-26,9.140154e-27,1.766315e-26,2.489884e-27,-1.132935e-26,-1.249123e-26,-5.135533e-27,2.838246e-27,7.429290e-27,8.242015e-27,6.500156e-27,3.742603e-27,1.089322e-27,-9.371072e-28,-2.242393e-27,-2.934452e-27,-3.175904e-27,-3.117817e-27,-2.879518e-27,-2.547585e-27,-2.180943e-27,-1.817118e-27,-1.478004e-27,-1.174653e-27,-9.110055e-28,-6.866383e-28,-4.986858e-28,-3.431169e-28,-2.155372e-28,-1.116591e-28,-2.755183e-29,4.024947e-29,9.471789e-29,1.383567e-28,1.732442e-28,2.010883e-28,2.232813e-28
In-119m,2.469619e+19,1.351153e+19,6.315498e+18,2.420434e+18,7.221977e+17,1.571507e+17,2.296602e+16,2.031585e+15,9.542324e+13,2.017335e+12,1.558508e+10,3.383190e+07,1.481565e+04,8.618224e-01,3.931638e-06,7.237826e-13,2.326032e-21,4.124572e-27,-7.626050e-27,4.832154e-27,6.792012e-27,-1.684051e-27,9.492448e-27,6.045001e-27,-1.039489e-26,-3.882536e-28,2.272864e-27,7.537559e-27,-2.443895e-27,2.535575e-27,-8.008459e-27,-9.009835e-27,1.846765e-27,5.072042e-27,9.872831e-28,-5.670594e-28,2.963707e-27,7.753704e-27,1.006169e-26,8.930825e-27,5.434043e-27,1.165385e-27,-2.668832e-27,-5.476024e-27,-7.147198e-27,-7.842958e-27,-7.822095e-27,-7.340444e-27,-6.606157e-27,-5.769220e-27,-4.927528e-27,-4.138650e-27,-3.431752e-27,-2.817474e-27,-2.295255e-27,-1.858389e-27,-1.497308e-27,-1.201586e-27,-9.610891e-28,-7.665646e-28
In-120,1.051993e-02,2.841196e-08,2.700478e-15,3.768837e-24,-7.024681e-29,2.553646e-28,4.394901e-28,-6.381467e-28,-3.545362e-28,6.341720e-28,1.118381e-27,-5.137551e-29,-3.789401e-28,-4.052074e-28,-6.083351e-28,-5.214299e-28,4.394374e-28,-1.733004e-28,1.066450e-28,8.908773e-28,7.348087e-28,8.512768e-29,-1.663614e-28,8.129781e-29,4.350962e-28,5.780791e-28,4.492453e-28,1.498345e-28,-1.878369e-28,-4.707595e-28,-6.583739e-28,-7.487267e-28,-7.598613e-28,-7.158563e-28,-6.390345e-28,-5.468248e-28,-4.513172e-28,-3.600457e-28,-2.771277e-28,-2.043429e-28,-1.419950e-28,-8.953475e-29,-4.598115e-29,-1.018751e-29,1.900048e-29,4.265900e-29,6.174603e-29,7.708873e-29,8.938636e-29,9.922115e-29,1.070724e-28,1.133314e-28,1.183157e-28,1.222813e-28,1.254342e-28,1.279398e-28,1.299299e-28,1.315102e-28,1.327646e-28,1.337602e-28
In-120m,2.127866e-05,-9.890727e-03,4.081619e+01,-1.474448e+02,-1.337615e+02,1.129171e+02,-1.401749e+01,-1.251459e+01,-2.260437e+01,-1.608874e+02,1.605788e+02,-1.569873e+02,1.599610e+02,-4.367649e+00,-9.795940e+01,-1.375800e-01,6.765988e+01,8.056184e-01,4.939058e+00,-3.082495e+01,3.235766e+01,-2.023627e+00,5.401386e-01,1.361019e+01,3.225589e-01,9.724267e+00,-1.805707e+00,2.139791e-01,1.035550e-03,-6.611288e-01,-2.491340e+00,2.537840e+00,1.705339e+00,-6.944366e-03,-1.434583e-01,1.186522e-01,7.205999e-01,6.237813e-01,3.113778e-02,9.178683e-03,3.050204e-01,-1.890629e-02,-1.065834e-08,1.039389e-21,-1.920304e-23,-1.548515e-22,6.072229e-22,-1.250068e-23,9.377557e-23,1.276464e-28,1.296829e-28,1.313052e-28,1.325964e-28,1.336232e-28,1.344393e-28,1.350877e-28,1.356025e-28,1.360113e-28,1.363357e-28,1.365932e-28
In-120m2,7.472281e-05,7.814393e-11,2.245080e-18,8.145438e-28,-5.490936e-04,2.118571e+02,4.162397e+02,-4.768810e+01,1.321101e+02,-1.945608e+01,8.323847e+00,1.400535e+01,1.729657e+01,2.371630e+00,1.156388e+01,8.381314e+01,-4.379941e+00,8.540654e+00,-8.002995e+00,1.603185e+00,-2.453802e+00,2.047089e+01,1.215515e+00,-6.021145e+00,-1.132161e+01,-1.084508e+01,7.039250e+00,-7.605609e+00,-5.120311e-03,-3.701948e+00,3.409509e+00,1.710930e-01,1.748544e+00,2.706779e+00,-3.953691e-02,-1.085901e+00,-2.782680e-02,-1.268761e-01,-5.507702e-01,-2.551294e-02,-5.687147e-02,-2.442738e-01,-1.587333e-08,-4.987604e-22,-5.777572e-23,-8.110951e-22,-1.247945e-22,-7.379014e-23,2.639246e-22,1.274128e-28,1.294967e-28,1.311570e-28,1.324784e-28,1.335294e-28,1.343648e-28,1.350285e-28,1.355555e-28,1.359740e-28,1.363061e-28,1.365697e-28
In-121,3.899312e+12,2.376107e+11,6.975264e+09,8.152251e+07,2.982705e+05,2.522898e+02,3.366040e-02,4.374258e-07,3.014675e-13,5.119131e-21,8.722289e-27,-1.031914e-26,4.080374e-27,3.084586e-27,-7.376623e-27,4.213032e-27,1.014597e-26,-1.307233e-27,-1.263816e-26,-1.190049e-26,-2.498532e-27,7.125711e-27,1.202741e-26,1.176457e-26,8.256641e-27,3.692853e-27,-4.528810e-28,-3.501661e-27,-5.331315e-27,-6.118487e-27,-6.145929e-27,-5.689445e-27,-4.969472e-27,-4.141972e-27,-3.307191e-27,-2.523479e-27,-1.820302e-27,-1.208523e-27,-6.878302e-28,-2.517692e-28,1.090037e-28,4.047326e-28,6.454181e-28,8.402211e-28,9.972070e-28,1.123289e-27,1.224280e-27,1.305004e-27,1.369422e-27,1.420759e-27,1.461631e-27,1.494143e-27,1.519989e-27,1.540526e-27,1.556836e-27,1.569786e-27,1.580066e-27,1.588224e-27,1.594697e-27,1.599833e-27
In-121m,2.949804e+15,1.797510e+14,5.276742e+12,6.167125e+10,2.256397e+08,1.908556e+05,2.546387e+01,3.309098e-04,2.280582e-10,3.872596e-18,-4.882651e-28,2.718432e-27,5.124148e-28,-3.716676e-27,-2.418850e-27,2.422611e-28,9.621367e-30,7.460784e-28,1.898357e-27,-5.613920e-27,2.827763e-28,-4.516287e-27,1.756402e-27,2.326743e-27,-6.233553e-28,3.486213e-27,5.835692e-27,2.673547e-27,-6.963846e-28,-8.238850e-28,1.128934e-27,2.741681e-27,2.802485e-27,1.469349e-27,-5.071441e-28,-2.424091e-27,-3.874248e-27,-4.733087e-27,-5.053934e-27,-4.967147e-27,-4.614283e-27,-4.115705e-27,-3.560354e-27,-3.007161e-27,-2.491032e-27,-2.029614e-27,-1.629148e-27,-1.288926e-27,-1.004415e-27,-7.693055e-28,-5.767727e-28,-4.202027e-28,-2.935647e-28,-1.915668e-28,-1.096849e-28,-4.412123e-29,8.269701e-30,5.006761e-29,8.337226e-29,1.098830e-28
In-122,1.576687e-27,-5.330308e-27,4.445204e-27,-5.159684e-28,-1.336783e-27,-3.591532e-27,5.527144e-27,1.260541e-27,-2.118648e-27,4.467149e-28,-2.751298e-28,-3.671552e-27,-4.255490e-27,-1.064669e-27,3.108499e-27,5.682964e-27,5.920655e-27,4.432234e-27,2.214333e-27,5.773124e-29,-1.615729e-27,-2.686901e-27,-3.213425e-27,-3.325051e-27,-3.159796e-27,-2.834052e-27,-2.433851e-27,-2.016745e-27,-1.617662e-27,-1.255297e-27,-9.375635e-28,-6.657156e-28,-4.372362e-28,-2.477343e-28,-9.212590e-29,3.467740e-29,1.374003e-28,2.202361e-28,2.867971e-28,3.401318e-28,3.827749e-28,4.168110e-28,4.439404e-28,4.655417e-28,4.827266e-28,4.963890e-28,5.072452e-28,5.158679e-28,5.227144e-28,5.281491e-28,5.324623e-28,5.358848e-28,5.386003e-28,5.407545e-28,5.424633e-28,5.438187e-28,5.448938e-28,5.457464e-28,5.464227e-28,5.469590e-28
In-122m,2.325996e+02,1.476773e+01,6.367780e+01,-2.481901e+02,-2.022518e+02,-1.573551e+02,-3.941829e+01,9.209674e+01,6.917939e+01,7.720662e+01,-1.275741e+01,1.027286e+01,4.587117e+00,3.197364e+01,3.051599e+01,1.988369e+01,1.338739e+01,3.267443e+00,7.414854e-01,2.530120e+00,-5.700656e+00,5.347758e+00,8.270654e+00,9.700038e-01,-4.819063e+00,-2.314792e+00,1.177402e+00,-1.133640e-01,-8.149211e-01,-7.517336e-01,7.820199e-03,-3.282586e-01,1.884013e-02,-3.489835e-01,-1.890254e-01,1.850814e-01,2.288467e-02,-1.015081e-01,6.091253e-03,1.121296e-02,-1.322562e-02,2.724336e-03,-3.031542e-02,-3.430362e-02,5.725926e-04,1.498203e-02,1.009718e-03,-5.500055e-04,6.845846e-04,7.091592e-03,-1.783021e-03,4.741276e-04,3.001851e-03,-3.456084e-03,-5.169558e-03,7.095242e-05,-1.055411e-03,1.448650e-04,-7.687823e-04,7.614097e-04
In-122m2,-2.669950e+02,-2.772543e+02,4.304108e+02,1.908157e+02,-1.085487e+02,-5.228209e+01,-1.536467e+02,-1.149562e+02,1.068342e+01,8.218395e+01,1.038898e+01,1.710907e+01,1.480265e+00,4.722111e+00,-3.644450e+00,-2.335879e+01,-2.383144e+00,-1.267212e+01,8.677702e+00,-1.927812e-02,-1.324112e+01,-1.640254e+00,-5.691726e+00,-3.800192e+00,-1.096390e-01,2.091705e+00,1.476256e+00,2.900398e-01,6.014429e-02,1.799264e+00,2.033166e-01,4.870781e-01,3.561742e-01,4.378414e-01,-5.700289e-02,-3.085518e-02,4.224580e-02,4.562879e-02,9.575032e-02,-1.006990e-01,-5.666849e-02,3.305180e-03,-4.333279e-03,3.484650e-03,7.455173e-04,2.077447e-02,2.084269e-02,9.609406e-03,1.139447e-02,-1.755569e-03,-4.452505e-03,-1.006185e-02,-2.990031e-03,-3.389236e-03,2.677297e-03,-4.280277e-05,2.215974e-05,8.230106e-05,-1.213447e-03,-1.740206e-04
In-123,-2.947020e-27,8.255095e-27,-3.904090e-27,-1.597165e-27,5.959016e-27,-4.183481e-27,-3.705605e-27,6.060437e-27,-1.596253e-27,-2.770076e-28,4.357295e-27,-2.606966e-28,-7.075643e-27,-7.246682e-27,-1.432506e-27,5.014572e-27,8.352481e-27,8.012860e-27,5.288882e-27,1.791829e-27,-1.337566e-27,-3.566091e-27,-4.808082e-27,-5.215901e-27,-5.022937e-27,-4.454869e-27,-3.692272e-27,-2.863157e-27,-2.049455e-27,-1.297959e-27,-6.310434e-28,-5.538455e-29,4.316483e-28,8.376330e-28,1.172297e-27,1.445828e-27,1.667933e-27,1.847365e-27,1.991751e-27,2.107576e-27,2.200264e-27,2.274297e-27,2.333339e-27,2.380371e-27,2.417800e-27,2.447565e-27,2.471221e-27,2.490014e-27,2.504938e-27,2.516785e-27,2.526189e-27,2.533651e-27,2.539572e-27,2.544269e-27,2.547995e-27,2.550951e-27,2.553296e-27,2.555155e-27,2.556630e-27,2.557799e-27
In-123m,3.082832e-03,3.319014e-09,9.891367e-17,3.763841e-26,1.041333e-27,-5.263078e-28,-9.087575e-27,-2.272751e-27,6.727509e-28,-2.130028e-27,-1.092207e-28,-1.354183e-27,-9.378965e-27,2.059718e-27,-4.164839e-27,3.973321e-27,6.937404e-27,-1.310217e-28,4.807717e-27,9.423509e-27,4.558433e-27,-1.838536e-27,-2.887594e-27,2.073361e-28,3.270024e-27,3.862551e-27,1.983172e-27,-1.171831e-27,-4.372875e-27,-6.861618e-27,-8.372154e-27,-8.963680e-27,-8.845061e-27,-8.255439e-27,-7.403037e-27,-6.444040e-27,-5.483157e-27,-4.583164e-27,-3.776363e-27,-3.074729e-27,-2.477748e-27,-1.977949e-27,-1.564568e-27,-1.225817e-27,-9.501944e-28,-7.271702e-28,-5.474815e-28,-4.031939e-28,-2.876380e-28,-1.952843e-28,-1.215944e-28,-6.287234e-29,-1.612539e-29,2.105860e-29,5.061712e-29,7.410213e-29,9.275415e-29,1.075631e-28,1.193178e-28,1.286464e-28
In-124,-1.702656e-26,1.584048e-26,4.248617e-27,-1.704658e-26,5.439742e-27,-3.201079e-27,6.904384e-27,1.847457e-26,7.759926e-28,-2.337188e-26,-2.685827e-26,-1.052155e-26,1.002965e-26,2.290535e-26,2.524197e-26,1.994201e-26,1.132595e-26,2.724771e-27,-4.096379e-27,-8.614972e-27,-1.102386e-26,-1.180829e-26,-1.149234e-26,-1.052092e-26,-9.224910e-27,-7.827567e-27,-6.466340e-27,-5.216868e-27,-4.113508e-27,-3.164897e-27,-2.364864e-27,-1.699640e-27,-1.152372e-27,-7.057798e-28,-3.436073e-28,-5.130958e-29,1.837109e-28,3.721245e-28,5.228270e-28,6.431487e-28,7.390778e-28,8.154735e-28,8.762594e-28,9.245912e-28,9.629994e-28,9.935080e-28,1.017733e-27,1.036964e-27,1.052227e-27,1.064339e-27,1.073948e-27,1.081572e-27,1.087619e-27,1.092416e-27,1.096221e-27,1.099239e-27,1.101632e-27,1.103530e-27,1.105035e-27,1.106229e-27
In-124m,6.858379e-28,-1.020677e-27,1.049115e-27,-8.928898e-28,3.341389e-28,6.348699e-28,-1.088024e-27,-2.108768e-29,1.110272e-27,2.382436e-28,-9.441084e-28,-9.522403e-28,-6.105290e-29,8.064818e-28,1.110697e-27,8.488368e-28,2.834125e-28,-3.140302e-28,-7.744467e-28,-1.036584e-27,-1.110647e-27,-1.039991e-27,-8.749760e-28,-6.595339e-28,-4.264972e-28,-1.976763e-28,1.409213e-29,2.024730e-28,3.654397e-28,5.035848e-28,6.189294e-28,7.141393e-28,7.920430e-28,8.553562e-28,9.065418e-28,9.477535e-28,9.808284e-28,1.007306e-27,1.028461e-27,1.045336e-27,1.058780e-27,1.069482e-27,1.077993e-27,1.084758e-27,1.090132e-27,1.094401e-27,1.097789e-27,1.100479e-27,1.102613e-27,1.104307e-27,1.105651e-27,1.106717e-27,1.107562e-27,1.108233e-27,1.108765e-27,1.109186e-27,1.109521e-27,1.109786e-27,1.109997e-27,1.110164e-27
In-125,3.646955e-27,-5.931567e-27,1.272448e-27,5.943084e-27,-3.617973e-27,-1.162616e-27,3.356918e-27,-6.913516e-28,-5.868472e-27,-5.027424e-27,3.926698e-28,5.598443e-27,7.702400e-27,6.611609e-27,3.673925e-27,3.419062e-28,-2.436467e-27,-4.271709e-27,-5.158522e-27,-5.281129e-27,-4.876128e-27,-4.159109e-27,-3.296563e-27,-2.403077e-27,-1.549597e-27,-7.746707e-28,-9.481936e-29,4.872644e-28,9.768350e-28,1.383149e-27,1.716976e-27,1.989136e-27,2.209696e-27,2.387612e-27,2.530609e-27,2.645215e-27,2.736862e-27,2.810021e-27,2.868340e-27,2.914780e-27,2.951727e-27,2.981103e-27,3.004446e-27,3.022987e-27,3.037710e-27,3.049396e-27,3.058671e-27,3.066031e-27,3.071871e-27,3.076503e-27,3.080178e-27,3.083093e-27,3.085405e-27,3.087239e-27,3.088693e-27,3.089847e-27,3.090761e-27,3.091487e-27,3.092062e-27,3.092518e-27
In-125m,-2.313631e-27,-6.845683e-27,-4.617481e-27,-4.689874e-28,5.654442e-27,6.830360e-29,-5.020519e-27,1.674638e-27,-3.989100e-27,-3.778549e-28,4.986179e-27,-2.965349e-27,6.922572e-28,7.090638e-27,3.916524e-27,-2.354307e-27,-3.682284e-27,-3.040132e-28,3.555801e-27,5.016953e-27,3.775669e-27,9.670909e-28,-2.103516e-27,-4.573994e-27,-6.100096e-27,-6.698586e-27,-6.563283e-27,-5.933757e-27,-5.025042e-27,-4.001239e-27,-2.973673e-27,-2.009750e-27,-1.144530e-27,-3.913076e-28,2.501068e-28,7.874656e-28,1.232149e-27,1.596708e-27,1.893429e-27,2.133589e-27,2.327126e-27,2.482559e-27,2.607058e-27,2.706570e-27,2.785978e-27,2.849261e-27,2.899642e-27,2.939718e-27,2.971576e-27,2.996889e-27,3.016993e-27,3.032955e-27,3.045626e-27,3.055681e-27,3.063660e-27,3.069990e-27,3.075012e-27,3.078995e-27,3.082155e-27,3.084661e-27
In-126,-7.572578e-27,1.096819e-26,3.259550e-28,9.741374e-28,5.548664e-27,-3.365039e-27,-1.387846e-26,-1.273780e-26,-1.910971e-27,9.594326e-27,1.568216e-26,1.547396e-26,1.111216e-26,5.258802e-27,-1.779620e-28,-4.270666e-27,-6.821952e-27,-8.031456e-27,-8.243781e-27,-7.803890e-27,-6.994010e-27,-6.018640e-27,-5.012426e-27,-4.055831e-27,-3.191044e-27,-2.435154e-27,-1.789935e-27,-1.248605e-27,-8.002291e-28,-4.324318e-28,-1.329613e-28,1.094854e-28,3.048973e-28,4.618554e-28,5.875858e-28,6.880877e-28,7.682892e-28,8.322065e-28,8.830931e-28,9.235723e-28,9.557518e-28,9.813201e-28,1.001627e-27,1.017751e-27,1.030549e-27,1.040706e-27,1.048766e-27,1.055160e-27,1.060232e-27,1.064256e-27,1.067448e-27,1.069979e-27,1.071987e-27,1.073580e-27,1.074842e-27,1.075844e-27,1.076638e-27,1.077268e-27,1.077768e-27,1.078164e-27
In-126m,-8.408145e-28,1.074300e-27,-4.454542e-28,-8.154523e-28,7.715762e-28,8.303072e-28,-4.480373e-28,-1.079509e-27,-5.367582e-28,4.189176e-28,1.012469e-27,1.005435e-27,5.643467e-28,-2.876148e-29,-5.551234e-28,-9.068224e-28,-1.064707e-27,-1.059091e-27,-9.379017e-28,-7.479102e-28,-5.265336e-28,-3.000633e-28,-8.496814e-29,1.097781e-28,2.803829e-28,4.263434e-28,5.490583e-28,6.508849e-28,7.345387e-28,8.027372e-28,8.580059e-28,9.025894e-28,9.384233e-28,9.671433e-28,9.901103e-28,1.008444e-27,1.023060e-27,1.034698e-27,1.043958e-27,1.051320e-27,1.057170e-27,1.061817e-27,1.065507e-27,1.068436e-27,1.070760e-27,1.072605e-27,1.074069e-27,1.075230e-27,1.076151e-27,1.076881e-27,1.077461e-27,1.077920e-27,1.078285e-27,1.078574e-27,1.078803e-27,1.078985e-27,1.079129e-27,1.079243e-27,1.079334e-27,1.079406e-27
In-127,8.347194e-27,-2.639652e-26,1.524498e-26,2.729422e-26,-1.265699e-26,-4.044525e-26,-2.644319e-26,8.606637e-27,3.554400e-26,4.182502e-26,3.065728e-26,1.133113e-26,-7.912977e-27,-2.239782e-26,-3.068162e-26,-3.331081e-26,-3.167976e-26,-2.730327e-26,-2.146431e-26,-1.510543e-26,-8.845894e-27,-3.047557e-27,2.111692e-27,6.574762e-27,1.035751e-26,1.351535e-26,1.612148e-26,1.825356e-26,1.998607e-26,2.138656e-26,2.251403e-26,2.341883e-26,2.414310e-26,2.472174e-26,2.518329e-26,2.555101e-26,2.584369e-26,2.607646e-26,2.626148e-26,2.640846e-26,2.652519e-26,2.661786e-26,2.669142e-26,2.674979e-26,2.679610e-26,2.683285e-26,2.686200e-26,2.688512e-26,2.690346e-26,2.691801e-26,2.692955e-26,2.693869e-26,2.694595e-26,2.695171e-26,2.695627e-26,2.695989e-26,2.696276e-26,2.696504e-26,2.696684e-26,2.696827e-26
In-127m,2.943267e-27,-3.931568e-27,3.990831e-27,-3.507223e-27,1.551772e-27,2.089092e-27,-4.059172e-27,1.594083e-28,4.097089e-27,6.949948e-28,-3.567908e-27,-3.434350e-27,-9.340045e-29,3.054766e-27,4.094783e-27,3.070706e-27,9.652805e-28,-1.229040e-27,-2.903760e-27,-3.844757e-27,-4.096175e-27,-3.820190e-27,-3.202362e-27,-2.403480e-27,-1.543168e-27,-7.005795e-28,7.792528e-29,7.696594e-28,1.367580e-27,1.874123e-27,2.296868e-27,2.645697e-27,2.931043e-27,3.162898e-27,3.350312e-27,3.501187e-27,3.622262e-27,3.719180e-27,3.796608e-27,3.858369e-27,3.907574e-27,3.946738e-27,3.977885e-27,4.002642e-27,4.022310e-27,4.037929e-27,4.050329e-27,4.060172e-27,4.067983e-27,4.074180e-27,4.079097e-27,4.082997e-27,4.086091e-27,4.088545e-27,4.090492e-27,4.092036e-27,4.093260e-27,4.094231e-27,4.095001e-27,4.095612e-27
In-128,-7.825327e-27,6.750221e-27,7.651258e-27,-6.832909e-27,-1.444648e-26,-7.775373e-27,4.737765e-27,1.345196e-26,1.484247e-26,1.047309e-26,3.623826e-27,-2.972565e-27,-7.838271e-27,-1.056954e-26,-1.139854e-26,-1.081492e-26,-9.331950e-27,-7.377014e-27,-5.260654e-27,-3.185077e-27,-1.267321e-27,4.359249e-28,1.907324e-27,3.153139e-27,4.192321e-27,5.049421e-27,5.750278e-27,6.319578e-27,6.779639e-27,7.149932e-27,7.447036e-27,7.684829e-27,7.874784e-27,8.026292e-27,8.146988e-27,8.243048e-27,8.319443e-27,8.380162e-27,8.428398e-27,8.466705e-27,8.497117e-27,8.521255e-27,8.540410e-27,8.555608e-27,8.567666e-27,8.577232e-27,8.584819e-27,8.590837e-27,8.595611e-27,8.599396e-27,8.602399e-27,8.604780e-27,8.606668e-27,8.608166e-27,8.609354e-27,8.610295e-27,8.611042e-27,8.611635e-27,8.612104e-27,8.612477e-27
In-128m,6.515824e-28,8.601704e-27,1.213445e-27,-7.606807e-27,-7.108998e-27,-2.002101e-29,6.524649e-27,8.600621e-27,6.371639e-27,1.921301e-27,-2.677266e-27,-6.165290e-27,-8.108384e-27,-8.607842e-27,-8.007431e-27,-6.696832e-27,-5.012272e-27,-3.203201e-27,-1.434247e-27,1.984584e-28,1.648136e-27,2.900555e-27,3.961164e-27,4.846059e-27,5.576070e-27,6.173127e-27,6.658197e-27,7.050248e-27,7.365840e-27,7.619081e-27,7.821785e-27,7.983719e-27,8.112885e-27,8.215788e-27,8.297688e-27,8.362824e-27,8.414596e-27,8.455725e-27,8.488388e-27,8.514319e-27,8.534902e-27,8.551235e-27,8.564195e-27,8.574477e-27,8.582633e-27,8.589103e-27,8.594235e-27,8.598305e-27,8.601533e-27,8.604093e-27,8.606124e-27,8.607734e-27,8.609011e-27,8.610024e-27,8.610827e-27,8.611464e-27,8.611969e-27,8.612369e-27,8.612687e-27,8.612939e-27
In-129,1.683455e-26,7.716305e-27,-1.560936e-26,-1.981190e-26,-4.104843e-27,1.443449e-26,2.324867e-26,2.040784e-26,1.032320e-26,-1.561411e-27,-1.149006e-26,-1.783691e-26,-2.051457e-26,-2.022240e-26,-1.789291e-26,-1.438659e-26,-1.037079e-26,-6.304028e-27,-2.467624e-27,9.891183e-28,4.006598e-27,6.581286e-27,8.741505e-27,1.053119e-26,1.199967e-26,1.319570e-26,1.416424e-26,1.494508e-26,1.557239e-26,1.607497e-26,1.647677e-26,1.679744e-26,1.705302e-26,1.725652e-26,1.741841e-26,1.754710e-26,1.764937e-26,1.773059e-26,1.779508e-26,1.784627e-26,1.788690e-26,1.791914e-26,1.794471e-26,1.796501e-26,1.798110e-26,1.799387e-26,1.800399e-26,1.801203e-26,1.801840e-26,1.802345e-26,1.802745e-26,1.803063e-26,1.803315e-26,1.803515e-26,1.803673e-26,1.803799e-26,1.803899e-26,1.803978e-26,1.804040e-26,1.804090e-26
In-129m,1.511183e-26,-1.293206e-26,-7.085133e-27,1.525495e-26,8.670168e-27,-1.094167e-26,-1.596935e-26,-4.740717e-27,9.426964e-27,1.635853e-26,1.427764e-26,6.545247e-27,-2.572309e-27,-1.011138e-26,-1.479166e-26,-1.655579e-26,-1.597219e-26,-1.379281e-26,-1.070906e-26,-7.255199e-27,-3.796432e-27,-5.548716e-28,2.353694e-27,4.885466e-27,7.041407e-27,8.847667e-27,1.034250e-26,1.156806e-26,1.256563e-26,1.337308e-26,1.402380e-26,1.454643e-26,1.496506e-26,1.529968e-26,1.556670e-26,1.577950e-26,1.594892e-26,1.608368e-26,1.619082e-26,1.627594e-26,1.634355e-26,1.639723e-26,1.643984e-26,1.647365e-26,1.650048e-26,1.652177e-26,1.653866e-26,1.655205e-26,1.656268e-26,1.657111e-26,1.657779e-26,1.658309e-26,1.658730e-26,1.659063e-26,1.659328e-26,1.659537e-26,1.659704e-26,1.659835e-26,1.659940e-26,1.660023e-26
In-130,-2.321294e-25,-1.217006e-25,3.772547e-26,1.459082e-25,1.760045e-25,1.473633e-25,9.129595e-26,3.246691e-26,-1.567642e-26,-4.870383e-26,-6.744995e-26,-7.498236e-26,-7.476994e-26,-6.981591e-26,-6.238364e-26,-5.401992e-26,-4.569298e-26,-3.795020e-26,-3.105533e-26,-2.509335e-26,-2.004461e-26,-1.583406e-26,-1.236241e-26,-9.524652e-27,-7.220363e-27,-5.358809e-27,-3.860891e-27,-2.659308e-27,-1.697775e-27,-9.298006e-28,-3.173412e-28,1.705178e-28,5.587629e-28,8.675062e-28,1.112884e-27,1.307812e-27,1.462606e-27,1.585493e-27,1.683028e-27,1.760427e-27,1.821839e-27,1.870560e-27,1.909209e-27,1.939866e-27,1.964183e-27,1.983469e-27,1.998765e-27,2.010897e-27,2.020518e-27,2.028147e-27,2.034198e-27,2.038997e-27,2.042802e-27,2.045820e-27,2.048213e-27,2.050111e-27,2.051616e-27,2.052810e-27,2.053756e-27,2.054507e-27
In-130m,1.895784e-27,-3.400963e-28,-2.010014e-27,-1.368169e-27,4.371141e-28,1.786671e-27,2.004617e-27,1.293698e-27,1.830609e-28,-8.706974e-28,-1.618427e-27,-1.994222e-27,-2.041868e-27,-1.849424e-27,-1.508326e-27,-1.094201e-27,-6.615222e-28,-2.452633e-28,1.348571e-28,4.698679e-28,7.577436e-28,1.000563e-27,1.202547e-27,1.368797e-27,1.504529e-27,1.614652e-27,1.703562e-27,1.775073e-27,1.832419e-27,1.878297e-27,1.914932e-27,1.944145e-27,1.967413e-27,1.985927e-27,2.000650e-27,2.012350e-27,2.021645e-27,2.029025e-27,2.034884e-27,2.039534e-27,2.043225e-27,2.046152e-27,2.048475e-27,2.050318e-27,2.051779e-27,2.052939e-27,2.053858e-27,2.054587e-27,2.055166e-27,2.055624e-27,2.055988e-27,2.056277e-27,2.056505e-27,2.056687e-27,2.056831e-27,2.056945e-27,2.057035e-27,2.057107e-27,2.057164e-27,2.057209e-27
In-130m2,1.895784e-27,-3.400963e-28,-2.010014e-27,-1.368169e-27,4.371141e-28,1.786671e-27,2.004617e-27,1.293698e-27,1.830609e-28,-8.706974e-28,-1.618427e-27,-1.994222e-27,-2.041868e-27,-1.849424e-27,-1.508326e-27,-1.094201e-27,-6.615222e-28,-2.452633e-28,1.348571e-28,4.698679e-28,7.577436e-28,1.000563e-27,1.202547e-27,1.368797e-27,1.504529e-27,1.614652e-27,1.703562e-27,1.775073e-27,1.832419e-27,1.878297e-27,1.914932e-27,1.944145e-27,1.967413e-27,1.985927e-27,2.000650e-27,2.012350e-27,2.021645e-27,2.029025e-27,2.034884e-27,2.039534e-27,2.043225e-27,2.046152e-27,2.048475e-27,2.050318e-27,2.051779e-27,2.052939e-27,2.053858e-27,2.054587e-27,2.055166e-27,2.055624e-27,2.055988e-27,2.056277e-27,2.056505e-27,2.056687e-27,2.056831e-27,2.056945e-27,2.057035e-27,2.057107e-27,2.057164e-27,2.057209e-27
In-131,-4.319271e-27,3.385244e-27,9.558636e-27,1.116869e-26,8.707369e-27,4.187098e-27,-4.988993e-28,-4.217234e-27,-6.569008e-27,-7.626516e-27,-7.676351e-27,-7.049217e-27,-6.033904e-27,-4.847797e-27,-3.637563e-27,-2.492206e-27,-1.458740e-27,-5.560722e-28,2.142882e-28,8.606456e-28,1.396098e-27,1.835407e-27,2.193172e-27,2.482862e-27,2.716388e-27,2.903983e-27,3.054271e-27,3.174413e-27,3.270294e-27,3.346712e-27,3.407554e-27,3.455954e-27,3.494431e-27,3.525004e-27,3.549287e-27,3.568567e-27,3.583871e-27,3.596017e-27,3.605654e-27,3.613300e-27,3.619366e-27,3.624178e-27,3.627995e-27,3.631022e-27,3.633423e-27,3.635327e-27,3.636838e-27,3.638035e-27,3.638985e-27,3.639738e-27,3.640336e-27,3.640809e-27,3.641185e-27,3.641483e-27,3.641719e-27,3.641907e-27,3.642055e-27,3.642173e-27,3.642266e-27,3.642340e-27
In-131m,-3.406232e-27,-2.756953e-27,3.547182e-28,2.959307e-27,3.609658e-27,2.515298e-27,5.884619e-28,-1.323490e-27,-2.730277e-27,-3.479867e-27,-3.631858e-27,-3.337002e-27,-2.759025e-27,-2.036391e-27,-1.270428e-27,-5.271748e-28,1.554035e-28,7.593603e-28,1.279829e-27,1.719769e-27,2.086311e-27,2.388375e-27,2.635222e-27,2.835642e-27,2.997548e-27,3.127828e-27,3.232337e-27,3.315971e-27,3.382770e-27,3.436045e-27,3.478482e-27,3.512255e-27,3.539112e-27,3.560458e-27,3.577415e-27,3.590881e-27,3.601572e-27,3.610057e-27,3.616790e-27,3.622133e-27,3.626371e-27,3.629734e-27,3.632401e-27,3.634516e-27,3.636194e-27,3.637525e-27,3.638580e-27,3.639417e-27,3.640081e-27,3.640607e-27,3.641025e-27,3.641356e-27,3.641618e-27,3.641827e-27,3.641992e-27,3.642123e-27,3.642227e-27,3.642309e-27,3.642374e-27,3.642426e-27
In-132,1.330972e-27,3.735679e-27,3.871698e-27,2.292203e-27,6.066560e-29,-1.966824e-27,-3.351751e-27,-4.001464e-27,-4.021125e-27,-3.589871e-27,-2.886249e-27,-2.054779e-27,-1.197915e-27,-3.804143e-28,3.619851e-28,1.013740e-27,1.572213e-27,2.042286e-27,2.432686e-27,2.753628e-27,3.015409e-27,3.227644e-27,3.398901e-27,3.536583e-27,3.646952e-27,3.735226e-27,3.805702e-27,3.861889e-27,3.906635e-27,3.942237e-27,3.970545e-27,3.993040e-27,4.010908e-27,4.025097e-27,4.036360e-27,4.045299e-27,4.052393e-27,4.058021e-27,4.062486e-27,4.066028e-27,4.068837e-27,4.071066e-27,4.072833e-27,4.074235e-27,4.075346e-27,4.076228e-27,4.076927e-27,4.077482e-27,4.077921e-27,4.078270e-27,4.078547e-27,4.078766e-27,4.078940e-27,4.079078e-27,4.079187e-27,4.079274e-27,4.079343e-27,4.079397e-27,4.079440e-27,4.079475e-27
In-133,1.017880e-28,1.068493e-28,6.420967e-29,3.033543e-30,-5.293934e-29,-9.141753e-29,-1.096891e-28,-1.105630e-28,-9.894014e-29,-7.973739e-29,-5.694828e-29,-3.341131e-29,-1.092534e-29,9.513280e-30,2.746776e-29,4.285961e-29,5.581956e-29,6.658570e-29,7.543812e-29,8.265985e-29,8.851546e-29,9.324091e-29,9.704019e-29,1.000860e-28,1.025221e-28,1.044672e-28,1.060179e-28,1.072529e-28,1.082355e-28,1.090168e-28,1.096377e-28,1.101309e-28,1.105225e-28,1.108334e-28,1.110801e-28,1.112759e-28,1.114313e-28,1.115545e-28,1.116523e-28,1.117298e-28,1.117913e-28,1.118401e-28,1.118788e-28,1.119095e-28,1.119338e-28,1.119531e-28,1.119684e-28,1.119806e-28,1.119902e-28,1.119978e-28,1.120039e-28,1.120087e-28,1.120125e-28,1.120155e-28,1.120179e-28,1.120198e-28,1.120213e-28,1.120225e-28,1.120234e-28,1.120242e-28
In-134,2.262146e-30,1.620639e-30,4.298102e-31,-7.730384e-31,-1.670211e-30,-2.158108e-30,-2.269358e-30,-2.096621e-30,-1.742407e-30,-1.294184e-30,-8.163489e-31,-3.511092e-31,7.709857e-32,4.565680e-31,7.839451e-31,1.060897e-30,1.291787e-30,1.482151e-30,1.637773e-30,1.764162e-30,1.866286e-30,1.948475e-30,2.014415e-30,2.067189e-30,2.109345e-30,2.142967e-30,2.169751e-30,2.191067e-30,2.208020e-30,2.221493e-30,2.232197e-30,2.240697e-30,2.247445e-30,2.252802e-30,2.257052e-30,2.260425e-30,2.263100e-30,2.265223e-30,2.266906e-30,2.268242e-30,2.269301e-30,2.270141e-30,2.270807e-30,2.271336e-30,2.271755e-30,2.272087e-30,2.272350e-30,2.272559e-30,2.272725e-30,2.272857e-30,2.272961e-30,2.273043e-30,2.273109e-30,2.273161e-30,2.273202e-30,2.273235e-30,2.273261e-30,2.273281e-30,2.273298e-30,2.273311e-30
In-135,1.401931e-33,-1.175097e-33,-3.200772e-33,-4.384341e-33,-4.753526e-33,-4.488147e-33,-3.804056e-33,-2.892223e-33,-1.896697e-33,-9.139445e-34,-1.290553e-36,8.125003e-34,1.517705e-33,2.116252e-33,2.616482e-33,3.029689e-33,3.367975e-33,3.643021e-33,3.865457e-33,4.044596e-33,4.188395e-33,4.303531e-33,4.395531e-33,4.468926e-33,4.527407e-33,4.573957e-33,4.610982e-33,4.640412e-33,4.663794e-33,4.682364e-33,4.697107e-33,4.708809e-33,4.718096e-33,4.725464e-33,4.731310e-33,4.735948e-33,4.739627e-33,4.742545e-33,4.744859e-33,4.746695e-33,4.748150e-33,4.749305e-33,4.750221e-33,4.750947e-33,4.751523e-33,4.751979e-33,4.752341e-33,4.752629e-33,4.752856e-33,4.753037e-33,4.753180e-33,4.753294e-33,4.753384e-33,4.753455e-33,4.753512e-33,4.753557e-33,4.753592e-33,4.753621e-33,4.753643e-33,4.753661e-33
Sn-115,7.967101e+15,1.406056e+16,2.443395e+16,4.172472e+16,6.991533e+16,1.148545e+17,1.848913e+17,2.915672e+17,4.502206e+17,6.802406e+17,1.004619e+18,1.448466e+18,2.036378e+18,2.789035e+18,3.719880e+18,4.832724e+18,6.120145e+18,7.561374e+18,9.118488e+18,1.073217e+19,1.232082e+19,1.378749e+19,1.503644e+19,1.599735e+19,1.664819e+19,1.702392e+19,1.720149e+19,1.726683e+19,1.728443e+19,1.728764e+19,1.728801e+19,1.728804e+19,1.728805e+19,1.728806e+19,1.728807e+19,1.728808e+19,1.728808e+19,1.728808e+19,1.728809e+19,1.728809e+19,1.728809e+19,1.728809e+19,1.728809e+19,1.728809e+19,1.728809e+19,1.728809e+19,1.728809e+19,1.728809e+19,1.728809e+19,1.728809e+19,1.728809e+19,1.728809e+19,1.728809e+19,1.728809e+19,1.728809e+19,1.728809e+19,1.728809e+19,1.728809e+19,1.728809e+19,1.728809e+19
Sn-116,1.541345e+14,1.666865e+14,1.793247e+14,1.913277e+14,2.019195e+14,2.104414e+14,2.165468e+14,2.203284e+14,2.222802e+14,2.230820e+14,2.233296e+14,2.233833e+14,2.233907e+14,2.233913e+14,2.233913e+14,2.233913e+14,2.233913e+14,2.233913e+14,2.233913e+14,2.233913e+14,2.233913e+14,2.233913e+14,2.233913e+14,2.233913e+14,2.233913e+14,2.233913e+14,2.233913e+14,2.233913e+14,2.233913e+14,2.233913e+14,2.233913e+14,2.233913e+14,2.233913e+14,2.233913e+14,2.233913e+14,2.233913e+14,2.233913e+14,2.233913e+14,2.233913e+14,2.233913e+14,2.233913e+14,2.233913e+14,2.233913e+14,2.233913e+14,2.233913e+14,2.233913e+14,2.233913e+14,2.233913e+14,2.233913e+14,2.233913e+14,2.233913e+14,2.233913e+14,2.233913e+14,2.233913e+14,2.233913e+14,2.233913e+14,2.233913e+14,2.233913e+14,2.233913e+14,2.233913e+14
Sn-117,1.358054e+19,2.073082e+19,3.117081e+19,4.604015e+19,6.657330e+19,9.385243e+19,1.283812e+20,1.695162e+20,2.149461e+20,2.605967e+20,3.013862e+20,3.328997e+20,3.532534e+20,3.638143e+20,3.680217e+20,3.692509e+20,3.695096e+20,3.695588e+20,3.695817e+20,3.696063e+20,3.696360e+20,3.696715e+20,3.697135e+20,3.697623e+20,3.698179e+20,3.698794e+20,3.699453e+20,3.700130e+20,3.700788e+20,3.701387e+20,3.701887e+20,3.702264e+20,3.702511e+20,3.702649e+20,3.702711e+20,3.702733e+20,3.702738e+20,3.702739e+20,3.702739e+20,3.702739e+20,3.702739e+20,3.702739e+20,3.702739e+20,3.702739e+20,3.702739e+20,3.702739e+20,3.702739e+20,3.702739e+20,3.702739e+20,3.702739e+20,3.702739e+20,3.702739e+20,3.702739e+20,3.702739e+20,3.702739e+20,3.702739e+20,3.702739e+20,3.702739e+20,3.702739e+20,3.702739e+20
Sn-117m,2.789202e+16,4.261212e+16,6.414751e+16,9.488984e+16,1.374479e+17,1.941332e+17,2.660590e+17,3.519211e+17,4.468557e+17,5.421742e+17,6.268945e+17,6.912524e+17,7.306999e+17,7.475664e+17,7.487065e+17,7.409897e+17,7.284049e+17,7.121699e+17,6.921109e+17,6.676097e+17,6.379450e+17,6.024088e+17,5.604047e+17,5.115860e+17,4.560402e+17,3.945101e+17,3.286114e+17,2.609683e+17,1.951485e+17,1.352679e+17,8.520709e+16,4.757329e+16,2.281291e+16,9.029879e+15,2.806202e+15,6.427863e+14,1.002170e+14,9.619053e+12,5.007770e+11,1.205390e+10,1.096804e+08,2.926634e+05,1.662567e+02,1.342744e-02,9.265458e-08,2.874296e-14,1.783712e-22,-2.352487e-29,-3.896816e-29,-5.556433e-29,-2.094568e-29,3.382858e-31,1.726505e-29,1.454783e-29,6.688755e-30,4.290362e-29,1.517927e-29,3.681395e-29,2.908914e-30,3.154208e-29
Sn-118,1.848320e+20,2.128452e+20,2.405542e+20,2.662885e+20,2.883679e+20,3.055161e+20,3.172690e+20,3.241553e+20,3.274706e+20,3.287191e+20,3.290651e+20,3.291305e+20,3.291382e+20,3.291387e+20,3.291387e+20,3.291387e+20,3.291387e+20,3.291387e+20,3.291387e+20,3.291387e+20,3.291387e+20,3.291387e+20,3.291387e+20,3.291387e+20,3.291387e+20,3.291387e+20,3.291387e+20,3.291387e+20,3.291387e+20,3.291387e+20,3.291387e+20,3.291387e+20,3.291387e+20,3.291387e+20,3.291387e+20,3.291387e+20,3.291387e+20,3.291387e+20,3.291387e+20,3.291387e+20,3.291387e+20,3.291387e+20,3.291387e+20,3.291387e+20,3.291387e+20,3.291387e+20,3.291387e+20,3.291387e+20,3.291387e+20,3.291387e+20,3.291387e+20,3.291387e+20,3.291387e+20,3.291387e+20,3.291387e+20,3.291387e+20,3.291387e+20,3.291387e+20,3.291387e+20,3.291387e+20
Sn-119,3.360626e+20,3.472813e+20,3.544993e+20,3.584066e+20,3.601106e+20,3.606782e+20,3.608138e+20,3.608361e+20,3.608397e+20,3.608419e+20,3.608445e+20,3.608479e+20,3.608521e+20,3.608573e+20,3.608640e+20,3.608724e+20,3.608830e+20,3.608963e+20,3.609131e+20,3.609342e+20,3.609608e+20,3.609942e+20,3.610363e+20,3.610891e+20,3.611554e+20,3.612385e+20,3.613425e+20,3.614725e+20,3.616343e+20,3.618353e+20,3.620840e+20,3.623900e+20,3.627644e+20,3.632186e+20,3.637641e+20,3.644113e+20,3.651667e+20,3.660309e+20,3.669949e+20,3.680363e+20,3.691172e+20,3.701835e+20,3.711706e+20,3.720141e+20,3.726658e+20,3.731096e+20,3.733675e+20,3.734905e+20,3.735362e+20,3.735486e+20,3.735510e+20,3.735512e+20,3.735512e+20,3.735512e+20,3.735512e+20,3.735512e+20,3.735512e+20,3.735512e+20,3.735512e+20,3.735512e+20
Sn-119m,1.262513e+19,1.266695e+19,1.269365e+19,1.270781e+19,1.271355e+19,1.271485e+19,1.271431e+19,1.271308e+19,1.271143e+19,1.270934e+19,1.270670e+19,1.270338e+19,1.269918e+19,1.269390e+19,1.268724e+19,1.267885e+19,1.266828e+19,1.265496e+19,1.263818e+19,1.261705e+19,1.259046e+19,1.255701e+19,1.251496e+19,1.246212e+19,1.239582e+19,1.231271e+19,1.220869e+19,1.207878e+19,1.191693e+19,1.171591e+19,1.146726e+19,1.116120e+19,1.078688e+19,1.033268e+19,9.787098e+18,9.139975e+18,8.384578e+18,7.520352e+18,6.556368e+18,5.514899e+18,4.434063e+18,3.367729e+18,2.380612e+18,1.537150e+18,8.854327e+17,4.416336e+17,1.837018e+17,6.077505e+16,1.506405e+16,2.594360e+15,2.823026e+14,1.721652e+13,5.059229e+11,5.920544e+09,2.169707e+07,1.838999e+04,2.459940e+00,3.207205e-05,2.219471e-11,3.788429e-19
Sn-120,3.658479e+20,3.658479e+20,3.658479e+20,3.658479e+20,3.658479e+20,3.658479e+20,3.658479e+20,3.658479e+20,3.658479e+20,3.658479e+20,3.658479e+20,3.658479e+20,3.658479e+20,3.658479e+20,3.658479e+20,3.658479e+20,3.658479e+20,3.658479e+20,3.658479e+20,3.658479e+20,3.658479e+20,3.658479e+20,3.658479e+20,3.658479e+20,3.658479e+20,3.658479e+20,3.658479e+20,3.658479e+20,3.658479e+20,3.658479e+20,3.658479e+20,3.658479e+20,3.658479e+20,3.658479e+20,3.658479e+20,3.658479e+20,3.658479e+20,3.658479e+20,3.658479e+20,3.658479e+20,3.658479e+20,3.658479e+20,3.658479e+20,3.658479e+20,3.658479e+20,3.658479e+20,3.658479e+20,3.658479e+20,3.658479e+20,3.658479e+20,3.658479e+20,3.658479e+20,3.658479e+20,3.658479e+20,3.658479e+20,3.658479e+20,3.658479e+20,3.658479e+20,3.658479e+20,3.658479e+20
Sn-121,3.416725e+20,3.393959e+20,3.365433e+20,3.329800e+20,3.285403e+20,3.230260e+20,3.162041e+20,3.078065e+20,2.975341e+20,2.850675e+20,2.700887e+20,2.523169e+20,2.315635e+20,2.078087e+20,1.812957e+20,1.526294e+20,1.228506e+20,9.343554e+19,6.616375e+19,4.281576e+19,2.473163e+19,1.237934e+19,5.172851e+18,1.721890e+18,4.309462e+17,7.615180e+16,9.754613e+15,2.053263e+15,1.560395e+15,1.544913e+15,1.544126e+15,1.543362e+15,1.542401e+15,1.541189e+15,1.539662e+15,1.537738e+15,1.535316e+15,1.532268e+15,1.528432e+15,1.523608e+15,1.517547e+15,1.509938e+15,1.500397e+15,1.488452e+15,1.473525e+15,1.454914e+15,1.431779e+15,1.403130e+15,1.367818e+15,1.324553e+15,1.271940e+15,1.208562e+15,1.133123e+15,1.044668e+15,9.429006e+14,8.285795e+14,7.039640e+14,5.731786e+14,4.423132e+14,3.189982e+14
Sn-121m,2.838131e+19,2.838130e+19,2.838128e+19,2.838126e+19,2.838123e+19,2.838120e+19,2.838116e+19,2.838110e+19,2.838103e+19,2.838095e+19,2.838084e+19,2.838071e+19,2.838053e+19,2.838032e+19,2.838005e+19,2.837970e+19,2.837927e+19,2.837872e+19,2.837804e+19,2.837717e+19,2.837608e+19,2.837470e+19,2.837296e+19,2.837076e+19,2.836800e+19,2.836451e+19,2.836011e+19,2.835457e+19,2.834758e+19,2.833877e+19,2.832766e+19,2.831366e+19,2.829602e+19,2.827379e+19,2.824577e+19,2.821049e+19,2.816605e+19,2.811012e+19,2.803975e+19,2.795126e+19,2.784006e+19,2.770048e+19,2.752545e+19,2.730631e+19,2.703246e+19,2.669103e+19,2.626662e+19,2.574104e+19,2.509322e+19,2.429951e+19,2.333429e+19,2.217160e+19,2.078764e+19,1.916490e+19,1.729793e+19,1.520066e+19,1.291453e+19,1.051521e+19,8.114430e+18,5.852162e+18
Sn-122,4.492392e+20,4.492392e+20,4.492392e+20,4.492392e+20,4.492392e+20,4.492392e+20,4.492392e+20,4.492392e+20,4.492392e+20,4.492392e+20,4.492392e+20,4.492392e+20,4.492392e+20,4.492392e+20,4.492392e+20,4.492392e+20,4.492393e+20,4.492393e+20,4.492393e+20,4.492393e+20,4.492394e+20,4.492394e+20,4.492394e+20,4.492394e+20,4.492394e+20,4.492394e+20,4.492394e+20,4.492394e+20,4.492394e+20,4.492394e+20,4.492394e+20,4.492394e+20,4.492394e+20,4.492394e+20,4.492394e+20,4.492394e+20,4.492394e+20,4.492394e+20,4.492394e+20,4.492394e+20,4.492394e+20,4.492394e+20,4.492394e+20,4.492394e+20,4.492394e+20,4.492394e+20,4.492394e+20,4.492394e+20,4.492394e+20,4.492394e+20,4.492394e+20,4.492394e+20,4.492394e+20,4.492394e+20,4.492394e+20,4.492394e+20,4.492394e+20,4.492394e+20,4.492394e+20,4.492394e+20
Sn-123,3.000676e+19,3.000501e+19,3.000280e+19,3.000002e+19,2.999651e+19,2.999208e+19,2.998650e+19,2.997947e+19,2.997060e+19,2.995942e+19,2.994532e+19,2.992756e+19,2.990518e+19,2.987698e+19,2.984145e+19,2.979671e+19,2.974039e+19,2.966952e+19,2.958038e+19,2.946837e+19,2.932772e+19,2.915131e+19,2.893036e+19,2.865413e+19,2.830955e+19,2.788093e+19,2.734966e+19,2.669412e+19,2.588982e+19,2.491003e+19,2.372717e+19,2.231529e+19,2.065401e+19,1.873424e+19,1.656564e+19,1.418516e+19,1.166471e+19,9.114567e+18,6.677779e+18,4.510886e+18,2.750552e+18,1.474001e+18,6.712074e+17,2.489070e+17,7.124604e+16,1.471204e+16,2.012595e+15,1.638067e+14,6.926826e+12,1.282728e+11,8.385448e+08,1.474584e+06,4.951221e+02,2.060382e-02,6.161294e-08,6.658767e-15,1.093195e-23,4.155024e-28,-4.285313e-28,4.804604e-28
Sn-123m,1.520629e+20,1.159666e+20,8.239901e+19,5.355145e+19,3.110059e+19,1.567336e+19,6.604976e+18,2.221357e+18,5.621240e+17,9.937261e+16,1.117530e+16,7.104475e+14,2.200002e+13,2.750372e+11,1.095497e+09,1.031374e+06,1.575045e+02,2.426872e-03,2.073289e-09,4.615739e-17,2.127516e-26,9.647334e-27,8.745731e-27,-3.467683e-27,-2.939726e-27,-6.572483e-27,-1.075511e-26,5.231585e-28,1.031047e-26,-5.946108e-27,1.374143e-26,-5.004180e-27,7.422301e-27,5.896875e-27,-9.376826e-27,-6.470762e-29,7.260773e-27,-2.455484e-27,-1.328745e-26,-1.341494e-26,-6.123056e-27,5.555601e-28,2.281355e-27,-7.128126e-28,-6.081018e-27,-1.151559e-26,-1.563011e-26,-1.795997e-26,-1.863526e-26,-1.805236e-26,-1.665509e-26,-1.482485e-26,-1.284419e-26,-1.089978e-26,-9.100943e-27,-7.501388e-27,-6.118109e-27,-4.945866e-27,-3.967341e-27,-3.159791e-27
Sn-124,7.767348e+20,7.767348e+20,7.767348e+20,7.767348e+20,7.767348e+20,7.767348e+20,7.767348e+20,7.767348e+20,7.767348e+20,7.767348e+20,7.767348e+20,7.767348e+20,7.767348e+20,7.767348e+20,7.767348e+20,7.767348e+20,7.767348e+20,7.767348e+20,7.767348e+20,7.767348e+20,7.767348e+20,7.767348e+20,7.767348e+20,7.767348e+20,7.767348e+20,7.767348e+20,7.767348e+20,7.767348e+20,7.767348e+20,7.767348e+20,7.767348e+20,7.767348e+20,7.767348e+20,7.767348e+20,7.767348e+20,7.767348e+20,7.767348e+20,7.767348e+20,7.767348e+20,7.767348e+20,7.767348e+20,7.767348e+20,7.767348e+20,7.767348e+20,7.767348e+20,7.767348e+20,7.767348e+20,7.767348e+20,7.767348e+20,7.767348e+20,7.767348e+20,7.767348e+20,7.767348e+20,7.767348e+20,7.767348e+20,7.767348e+20,7.767348e+20,7.767348e+20,7.767348e+20,7.767348e+20
Sn-125,2.864115e+20,2.861876e+20,2.859055e+20,2.855502e+20,2.851027e+20,2.845395e+20,2.838308e+20,2.829396e+20,2.818198e+20,2.804140e+20,2.786513e+20,2.764442e+20,2.736859e+20,2.702468e+20,2.659716e+20,2.606767e+20,2.541496e+20,2.461513e+20,2.364230e+20,2.247016e+20,2.107454e+20,1.943751e+20,1.755322e+20,1.543524e+20,1.312481e+20,1.069772e+20,8.266261e+19,5.971679e+19,3.962990e+19,2.363018e+19,1.231105e+19,5.410120e+18,1.918262e+18,5.188805e+17,9.977077e+16,1.247455e+16,9.064465e+14,3.322224e+13,5.136876e+11,2.674941e+09,3.530996e+06,8.257828e+02,2.177840e-02,3.664132e-08,1.917407e-15,1.256244e-24,-6.430224e-27,5.408733e-27,-2.876212e-27,-7.139528e-27,-7.180711e-27,-4.198026e-27,4.374075e-27,-8.528921e-29,-5.008614e-27,3.830706e-27,-4.341001e-27,-1.047675e-27,4.195836e-27,-6.694464e-27
Sn-125m,8.929136e+18,2.854767e+18,6.777346e+17,1.105433e+17,1.123148e+16,6.282230e+14,1.655376e+13,1.688325e+11,5.202232e+08,3.543294e+05,3.597487e+01,3.312773e-04,1.478723e-10,1.451982e-18,-1.636313e-26,1.877829e-26,-8.014131e-27,9.291610e-27,1.298565e-26,6.985925e-27,-9.094621e-27,-1.076840e-26,1.897707e-26,-9.248374e-27,1.942908e-26,-1.085964e-26,1.696446e-26,3.629951e-27,-1.380295e-26,6.486385e-27,1.343900e-26,-4.823425e-27,-1.926543e-26,-1.566647e-26,-2.560131e-27,7.408234e-27,8.774990e-27,2.966417e-27,-5.957892e-27,-1.444510e-26,-2.053783e-26,-2.370685e-26,-2.428475e-26,-2.295596e-26,-2.043558e-26,-1.731750e-26,-1.403129e-26,-1.085420e-26,-7.943922e-27,-5.373636e-27,-3.161724e-27,-1.294011e-27,2.608413e-28,1.541379e-27,2.587328e-27,3.436230e-27,4.121801e-27,4.673325e-27,5.115669e-27,5.469602e-27
Sn-126,1.621760e+21,1.621760e+21,1.621760e+21,1.621760e+21,1.621760e+21,1.621760e+21,1.621760e+21,1.621760e+21,1.621760e+21,1.621760e+21,1.621760e+21,1.621760e+21,1.621760e+21,1.621760e+21,1.621760e+21,1.621760e+21,1.621760e+21,1.621760e+21,1.621760e+21,1.621760e+21,1.621760e+21,1.621760e+21,1.621760e+21,1.621760e+21,1.621760e+21,1.621760e+21,1.621760e+21,1.621760e+21,1.621760e+21,1.621760e+21,1.621760e+21,1.621759e+21,1.621759e+21,1.621759e+21,1.621759e+21,1.621758e+21,1.621758e+21,1.621757e+21,1.621756e+21,1.621755e+21,1.621754e+21,1.621753e+21,1.621751e+21,1.621748e+21,1.621745e+21,1.621741e+21,1.621736e+21,1.621730e+21,1.621722e+21,1.621712e+21,1.621700e+21,1.621684e+21,1.621664e+21,1.621639e+21,1.621607e+21,1.621567e+21,1.621516e+21,1.621453e+21,1.621373e+21,1.621272e+21
Sn-127,1.986486e+21,1.822499e+21,1.634866e+21,1.425542e+21,1.199351e+21,9.645533e+20,7.328373e+20,5.182546e+20,3.348136e+20,1.929901e+20,9.634095e+19,4.011693e+19,1.329006e+19,3.299769e+18,5.695159e+17,6.213952e+16,3.802621e+15,1.122262e+14,1.320482e+12,4.872472e+09,4.165664e+06,5.633287e+02,7.446194e-03,5.243074e-09,9.147232e-17,4.973398e-26,3.583936e-26,-3.969135e-26,-4.612351e-26,-6.126297e-27,-1.944457e-26,-6.372736e-26,-2.119077e-26,5.262016e-26,-6.759195e-26,5.689666e-26,-6.538437e-26,3.094391e-26,1.457201e-26,-6.783558e-26,7.034310e-27,5.599317e-26,-3.001301e-27,-6.306146e-26,-5.411747e-26,-1.325641e-27,4.413866e-26,5.641519e-26,3.840915e-26,5.607320e-27,-2.732141e-26,-5.176778e-26,-6.497107e-26,-6.787054e-26,-6.302322e-26,-5.323988e-26,-4.091140e-26,-2.779443e-26,-1.503807e-26,-3.306021e-27
Sn-127m,6.782476e+16,4.895769e+15,1.779386e+14,2.722408e+12,1.398892e+10,1.815821e+07,4.157606e+03,1.067589e-01,1.736690e-07,8.710045e-15,5.393807e-24,-3.462381e-26,4.602452e-26,4.260284e-27,-1.233305e-26,-1.014283e-26,5.177536e-27,5.143104e-26,2.534159e-26,-9.596778e-27,3.614305e-26,-1.662675e-26,-1.637022e-27,2.136136e-26,-4.338725e-26,-2.261653e-26,1.790317e-26,-6.430617e-27,-4.968030e-26,-5.705197e-26,-3.149241e-26,-2.896656e-27,8.730403e-27,1.416341e-27,-1.687258e-26,-3.705943e-26,-5.317705e-26,-6.285622e-26,-6.622327e-26,-6.462182e-26,-5.970484e-26,-5.295082e-26,-4.548354e-26,-3.806119e-26,-3.113864e-26,-2.494816e-26,-1.957281e-26,-1.500371e-26,-1.118094e-26,-8.020600e-27,-5.431644e-27,-3.325644e-27,-1.621838e-27,-2.492710e-28,8.527755e-28,1.735308e-27,2.440600e-27,3.003334e-27,3.451751e-27,3.808714e-27
Sn-128,4.761433e+21,3.962075e+21,3.142487e+21,2.346129e+21,1.622931e+21,1.019694e+21,5.674865e+20,2.710227e+20,1.067279e+20,3.295372e+19,7.487003e+18,1.155350e+18,1.094633e+17,5.606261e+15,1.321886e+14,1.171909e+12,3.026087e+09,1.649377e+06,1.264360e+02,8.168936e-04,2.332335e-10,1.303581e-18,-5.171476e-26,6.295614e-26,2.849389e-26,2.697276e-25,2.583833e-25,2.249610e-25,1.161445e-26,-2.362310e-25,1.386248e-25,-1.833607e-25,7.783736e-26,-2.756762e-25,1.205248e-25,-1.374053e-25,-2.847125e-25,2.670296e-26,8.110036e-26,-1.710419e-25,-3.262252e-25,-2.388680e-25,-4.777791e-26,8.259481e-26,9.246796e-26,9.537566e-27,-1.096745e-25,-2.189644e-25,-2.943227e-25,-3.303832e-25,-3.325536e-25,-3.103433e-25,-2.733128e-25,-2.292376e-25,-1.836504e-25,-1.400617e-25,-1.004200e-25,-6.558315e-26,-3.571045e-26,-1.055257e-26
Sn-128m,8.840969e-26,7.295938e-26,-9.350366e-26,4.299717e-26,-3.430810e-27,2.572166e-26,-7.783184e-26,9.853428e-26,-6.157769e-26,-7.432171e-26,8.562577e-26,8.169908e-26,-4.393650e-26,-9.821246e-26,-3.981876e-26,5.293424e-26,1.064379e-25,1.006322e-25,5.363061e-26,-6.632049e-27,-5.914192e-26,-9.386907e-26,-1.093439e-25,-1.087648e-25,-9.692246e-26,-7.841719e-26,-5.689867e-26,-3.491698e-26,-1.406203e-26,4.804329e-27,2.132141e-26,3.544556e-26,4.731571e-26,5.716235e-26,6.524977e-26,7.184176e-26,7.718319e-26,8.149144e-26,8.495388e-26,8.772873e-26,8.994761e-26,9.171882e-26,9.313073e-26,9.425502e-26,9.514949e-26,9.586065e-26,9.642576e-26,9.687462e-26,9.723103e-26,9.751395e-26,9.773849e-26,9.791666e-26,9.805803e-26,9.817017e-26,9.825914e-26,9.832970e-26,9.838567e-26,9.843006e-26,9.846527e-26,9.849319e-26
Sn-129,6.546438e+13,5.032710e+11,1.085745e+09,4.717682e+05,2.717355e+01,1.224350e-04,2.218885e-11,6.991339e-20,9.252989e-26,-1.955318e-25,1.309828e-25,1.670374e-25,1.372568e-25,2.020895e-25,1.462382e-25,-1.453995e-25,1.117256e-25,-2.337122e-26,7.660035e-26,-1.335433e-25,1.840257e-25,-9.103326e-26,-1.478276e-25,1.207756e-25,1.194910e-25,-1.043328e-25,-2.108457e-25,-1.160865e-25,4.663898e-26,1.454139e-25,1.411164e-25,6.329404e-26,-3.954445e-26,-1.301597e-25,-1.903926e-25,-2.172223e-25,-2.159993e-25,-1.950102e-25,-1.622923e-25,-1.242549e-25,-8.539096e-26,-4.850906e-26,-1.513517e-26,1.408965e-26,3.908526e-26,6.009525e-26,7.752588e-26,9.184377e-26,1.035151e-25,1.129730e-25,1.206018e-25,1.267331e-25,1.316470e-25,1.355765e-25,1.387132e-25,1.412137e-25,1.432048e-25,1.447890e-25,1.460485e-25,1.470493e-25
Sn-129m,1.393445e+19,2.889374e+18,3.973376e+17,3.255370e+16,1.388087e+15,2.597607e+13,1.720725e+11,3.076811e+08,1.055069e+05,4.508574e+00,1.394099e-05,1.571589e-12,2.721191e-21,1.190206e-25,-6.386998e-26,1.267851e-25,1.199574e-26,-1.536024e-26,6.433344e-26,1.245619e-25,-8.298760e-26,2.140478e-27,2.312119e-26,-2.082416e-27,-6.585749e-26,1.253026e-25,-8.787210e-26,-7.471511e-26,1.099593e-25,7.906014e-26,-7.697191e-26,-1.302985e-25,-4.970952e-26,6.373367e-26,1.246856e-25,1.138754e-25,5.562919e-26,-1.619741e-26,-7.713064e-26,-1.160335e-25,-1.317994e-25,-1.286223e-25,-1.123811e-25,-8.859503e-26,-6.158244e-26,-3.432527e-26,-8.657395e-27,1.444864e-26,3.460790e-26,5.180371e-26,6.622874e-26,7.817817e-26,8.798232e-26,9.596712e-26,1.024331e-25,1.076458e-25,1.118335e-25,1.151886e-25,1.178708e-25,1.200115e-25
Sn-130,2.485239e+17,1.342712e+16,3.386662e+14,3.268736e+12,9.395280e+09,5.861915e+06,5.328461e+02,4.268027e-03,1.597885e-09,1.256917e-17,-3.324428e-25,2.893987e-25,-2.644884e-25,2.907874e-25,4.046844e-25,3.128728e-25,-1.131275e-25,-3.522989e-25,3.727881e-25,-3.292291e-25,3.052861e-25,-4.199979e-25,3.193330e-25,-5.655869e-26,-4.088323e-25,1.561156e-25,3.244711e-25,-1.207566e-25,-4.379007e-25,-3.033186e-25,5.003589e-26,3.083965e-25,3.449579e-25,2.023160e-25,-1.573786e-26,-2.208524e-25,-3.653820e-25,-4.371840e-25,-4.451851e-25,-4.067001e-25,-3.395612e-25,-2.584551e-25,-1.739287e-25,-9.273442e-26,-1.866454e-26,4.656868e-26,1.025947e-25,1.498336e-25,1.891168e-25,2.214429e-25,2.478305e-25,2.692365e-25,2.865174e-25,3.004155e-25,3.115597e-25,3.204749e-25,3.275938e-25,3.332702e-25,3.377912e-25,3.413886e-25
Sn-130m,3.951707e+11,6.659591e+08,2.119268e+05,8.242024e+00,2.263077e-05,2.196288e-12,3.148084e-21,2.421309e-25,-3.957691e-26,3.355186e-25,-4.399808e-26,-1.063281e-25,1.365892e-25,3.931995e-25,-1.728399e-25,-3.572202e-26,1.201616e-25,-4.392800e-26,-1.559840e-25,3.499224e-25,-2.788275e-25,-1.997046e-25,3.201332e-25,2.021525e-25,-2.467586e-25,-3.833490e-25,-1.415662e-25,1.822365e-25,3.490100e-25,3.102023e-25,1.387036e-25,-6.832686e-26,-2.419160e-25,-3.513944e-25,-3.944490e-25,-3.835356e-25,-3.356436e-25,-2.665701e-25,-1.886056e-25,-1.101983e-25,-3.651820e-26,2.971301e-26,8.743863e-26,1.366416e-25,1.778933e-25,2.120509e-25,2.400670e-25,2.628785e-25,2.813471e-25,2.962339e-25,3.081920e-25,3.177716e-25,3.254294e-25,3.315408e-25,3.364115e-25,3.402894e-25,3.433742e-25,3.458266e-25,3.477753e-25,3.493229e-25
Sn-131,5.885380e+02,5.228041e-03,2.230113e-09,2.067996e-17,-2.679813e-25,2.418466e-25,-2.814585e-25,1.172344e-25,2.511120e-25,1.803754e-25,-1.311507e-25,-2.255799e-25,3.013624e-25,-2.493827e-25,2.636763e-25,-2.961400e-25,2.451937e-25,3.526299e-27,-2.878139e-25,1.232692e-25,2.712507e-25,-5.161149e-26,-2.986229e-25,-2.096868e-25,5.162392e-26,2.491163e-25,2.826023e-25,1.803830e-25,1.915495e-26,-1.344419e-25,-2.438336e-25,-2.991772e-25,-3.067008e-25,-2.791615e-25,-2.298605e-25,-1.698222e-25,-1.069997e-25,-4.650707e-26,8.766292e-27,5.750026e-26,9.938995e-26,1.347311e-25,1.641338e-25,1.883377e-25,2.081005e-25,2.241357e-25,2.370830e-25,2.474971e-25,2.558485e-25,2.625300e-25,2.678656e-25,2.721203e-25,2.755091e-25,2.782057e-25,2.803500e-25,2.820541e-25,2.834079e-25,2.844828e-25,2.853362e-25,2.860135e-25
Sn-131m,3.547653e+03,5.082751e-02,3.646814e-01,-2.753189e+02,3.849500e+02,1.382961e+02,-4.605238e+01,1.297615e-01,1.764215e+00,5.918391e-02,1.707184e-03,1.886709e-06,5.747716e-08,7.102463e-11,4.077300e-14,-4.461384e-17,-9.662254e-20,-1.253810e-24,-2.885964e-25,4.374410e-26,2.864973e-25,2.333744e-26,-2.617721e-25,-2.301344e-25,1.159591e-26,2.255825e-25,2.874652e-25,2.075681e-25,5.684477e-26,-9.619395e-26,-2.107876e-25,-2.734616e-25,-2.881879e-25,-2.666748e-25,-2.219476e-25,-1.651483e-25,-1.044947e-25,-4.538176e-26,9.060976e-27,5.732861e-26,9.898363e-26,1.342311e-25,1.636214e-25,1.878565e-25,2.076708e-25,2.237642e-25,2.367688e-25,2.472354e-25,2.556331e-25,2.623542e-25,2.677230e-25,2.720052e-25,2.754165e-25,2.781315e-25,2.802907e-25,2.820068e-25,2.833701e-25,2.844528e-25,2.853123e-25,2.859945e-25
Sn-132,8.747045e-06,6.552556e-13,6.772630e-22,-2.060346e-26,1.797591e-25,1.622703e-25,-2.390006e-25,-2.701016e-25,-1.733566e-26,3.872102e-25,-9.264634e-26,-1.367705e-25,1.981416e-25,-1.178630e-25,-9.727038e-26,3.482924e-25,-3.157959e-25,-1.571553e-25,3.620192e-25,1.928997e-25,-2.680400e-25,-3.776318e-25,-1.081433e-25,2.243051e-25,3.833562e-25,3.305477e-25,1.464572e-25,-6.853328e-26,-2.453012e-25,-3.543475e-25,-3.947439e-25,-3.800752e-25,-3.280985e-25,-2.550682e-25,-1.735108e-25,-9.196925e-26,-1.562656e-26,5.282589e-26,1.123809e-25,1.630767e-25,2.055382e-25,2.406715e-25,2.694714e-25,2.929106e-25,3.118810e-25,3.271681e-25,3.394452e-25,3.492788e-25,3.571386e-25,3.634105e-25,3.684088e-25,3.723879e-25,3.755532e-25,3.780694e-25,3.800687e-25,3.816566e-25,3.829173e-25,3.839180e-25,3.847122e-25,3.853424e-25
Sn-133,2.904710e-26,5.010304e-26,-8.868913e-26,-3.112012e-28,9.022266e-26,1.827198e-26,-7.720633e-26,-7.689813e-26,-4.180033e-27,6.598951e-26,9.021612e-26,6.859882e-26,2.254934e-26,-2.592761e-26,-6.318917e-26,-8.432984e-26,-9.021734e-26,-8.438691e-26,-7.092834e-26,-5.340286e-26,-3.446873e-26,-1.588993e-26,1.296659e-27,1.658046e-26,2.979941e-26,4.100315e-26,5.035659e-26,5.807656e-26,6.439282e-26,6.952583e-26,7.367543e-26,7.701634e-26,7.969755e-26,8.184393e-26,8.355875e-26,8.492665e-26,8.601648e-26,8.688392e-26,8.757382e-26,8.812217e-26,8.855782e-26,8.890380e-26,8.917847e-26,8.939649e-26,8.956951e-26,8.970679e-26,8.981570e-26,8.990210e-26,8.997063e-26,9.002499e-26,9.006811e-26,9.010230e-26,9.012942e-26,9.015093e-26,9.016799e-26,9.018152e-26,9.019225e-26,9.020075e-26,9.020750e-26,9.021285e-26
Sn-134,-3.112654e-27,-9.705909e-27,7.244610e-27,9.658725e-27,-3.781177e-27,-1.156601e-26,-6.507029e-27,3.768553e-27,1.060982e-26,1.100492e-26,6.521531e-27,1.812702e-28,-5.581776e-27,-9.519950e-27,-1.136890e-26,-1.142693e-26,-1.020295e-26,-8.204381e-27,-5.842046e-27,-3.407226e-27,-1.084062e-27,1.025798e-27,2.878125e-27,4.465384e-27,5.801429e-27,6.911043e-27,7.823249e-27,8.567313e-27,9.170557e-27,9.657329e-27,1.004867e-26,1.036238e-26,1.061329e-26,1.081361e-26,1.097332e-26,1.110050e-26,1.120170e-26,1.128216e-26,1.134610e-26,1.139689e-26,1.143722e-26,1.146923e-26,1.149464e-26,1.151480e-26,1.153080e-26,1.154349e-26,1.155356e-26,1.156155e-26,1.156788e-26,1.157290e-26,1.157689e-26,1.158005e-26,1.158255e-26,1.158454e-26,1.158612e-26,1.158737e-26,1.158836e-26,1.158914e-26,1.158977e-26,1.159026e-26
Sn-135,3.579496e-28,-1.084591e-28,-4.075654e-28,-2.477671e-28,1.156111e-28,3.689059e-28,3.943901e-28,2.419405e-28,1.823023e-29,-1.885113e-28,-3.319133e-28,-4.011501e-28,-4.061003e-28,-3.646359e-28,-2.948533e-28,-2.115247e-28,-1.251890e-28,-4.254944e-29,3.266225e-29,9.879228e-29,1.555208e-28,2.033096e-28,2.430236e-28,2.756874e-28,3.023402e-28,3.239547e-28,3.413998e-28,3.554273e-28,3.666736e-28,3.756695e-28,3.828522e-28,3.885790e-28,3.931399e-28,3.967689e-28,3.996545e-28,4.019477e-28,4.037692e-28,4.052156e-28,4.063639e-28,4.072752e-28,4.079984e-28,4.085721e-28,4.090273e-28,4.093884e-28,4.096748e-28,4.099020e-28,4.100822e-28,4.102251e-28,4.103384e-28,4.104283e-28,4.104996e-28,4.105561e-28,4.106009e-28,4.106365e-28,4.106647e-28,4.106870e-28,4.107048e-28,4.107188e-28,4.107300e-28,4.107388e-28
Sn-136,-4.135063e-30,4.870791e-30,9.912378e-30,9.270104e-30,4.778283e-30,-8.854053e-31,-5.748546e-30,-8.892825e-30,-1.020594e-29,-1.000781e-29,-8.760431e-30,-6.901937e-30,-4.777180e-30,-2.625406e-30,-5.944993e-31,1.236515e-30,2.835756e-30,4.200994e-30,5.346933e-30,6.296637e-30,7.076111e-30,7.711108e-30,8.225425e-30,8.640122e-30,8.973320e-30,9.240296e-30,9.453747e-30,9.624112e-30,9.759906e-30,9.868027e-30,9.954042e-30,1.002243e-29,1.007676e-29,1.011992e-29,1.015419e-29,1.018139e-29,1.020298e-29,1.022011e-29,1.023370e-29,1.024449e-29,1.025304e-29,1.025982e-29,1.026521e-29,1.026947e-29,1.027286e-29,1.027554e-29,1.027767e-29,1.027936e-29,1.028070e-29,1.028176e-29,1.028260e-29,1.028327e-29,1.028380e-29,1.028422e-29,1.028455e-29,1.028482e-29,1.028503e-29,1.028519e-29,1.028532e-29,1.028543e-29
Sn-137,7.358843e-30,1.207917e-29,1.025253e-29,4.449301e-30,-2.224051e-30,-7.659510e-30,-1.097607e-29,-1.216653e-29,-1.166201e-29,-1.001538e-29,-7.728990e-30,-5.188230e-30,-2.654932e-30,-2.872816e-31,1.833143e-30,3.676392e-30,5.244466e-30,6.557236e-30,7.643053e-30,8.532892e-30,9.256949e-30,9.842864e-30,1.031496e-29,1.069406e-29,1.099768e-29,1.124035e-29,1.143398e-29,1.158828e-29,1.171112e-29,1.180884e-29,1.188651e-29,1.194823e-29,1.199724e-29,1.203616e-29,1.206705e-29,1.209156e-29,1.211101e-29,1.212645e-29,1.213869e-29,1.214840e-29,1.215610e-29,1.216221e-29,1.216706e-29,1.217090e-29,1.217395e-29,1.217637e-29,1.217828e-29,1.217981e-29,1.218101e-29,1.218197e-29,1.218272e-29,1.218333e-29,1.218380e-29,1.218418e-29,1.218448e-29,1.218472e-29,1.218491e-29,1.218506e-29,1.218518e-29,1.218527e-29
Sb-119,1.108347e+11,1.103109e+11,1.096538e+11,1.088308e+11,1.078017e+11,1.065179e+11,1.049208e+11,1.029409e+11,1.004973e+11,9.749839e+10,9.384393e+10,8.943018e+10,8.415903e+10,7.795257e+10,7.077431e+10,6.265697e+10,5.373448e+10,4.427124e+10,3.467604e+10,2.548262e+10,1.727972e+10,1.058745e+10,5.708388e+09,2.619430e+09,9.808260e+08,2.841959e+08,5.959586e+07,8.312492e+06,6.933285e+05,3.023776e+04,5.821805e+02,3.997336e+00,7.478262e-03,2.714866e-06,1.246634e-10,4.220644e-16,2.116496e-03,1.325901e+02,3.119960e-01,-2.825496e+01,-2.304159e+02,1.653748e+02,1.968231e+02,-3.460411e+00,-1.933048e+02,-2.155452e+02,-1.501033e+02,1.248670e+02,1.100481e+02,9.412009e+01,8.580784e+01,7.413052e+01,3.283184e+01,-7.316238e+00,-2.190356e+00,-5.513540e+01,-1.471710e+01,9.270466e-03,1.306005e+01,2.086501e+01
Sb-120,1.912576e+11,9.658544e+10,4.080894e+10,1.376997e+10,3.499053e+09,6.218133e+08,7.039163e+07,4.512438e+06,1.412095e+05,1.788894e+03,7.245332e+00,6.966435e-03,1.092503e-06,1.740695e-11,1.551240e-17,3.642432e-25,1.461655e-34,-2.662867e-36,1.328482e-36,-5.667179e-35,-2.823510e-35,-3.572442e-35,-5.915168e-35,3.181783e-36,4.664958e-35,-5.807860e-35,5.853278e-35,-5.275019e-35,2.593137e-35,2.715923e-35,-5.894008e-35,4.999842e-36,5.904931e-35,7.921855e-36,-5.241571e-35,-4.863763e-35,1.553158e-37,4.498065e-35,5.905529e-35,4.362088e-35,1.301617e-35,-1.854278e-35,-4.244450e-35,-5.573161e-35,-5.911377e-35,-5.495664e-35,-4.593585e-35,-3.435768e-35,-2.193200e-35,-9.786580e-36,1.420558e-36,1.136963e-35,1.996384e-35,2.724116e-35,3.331240e-35,3.832073e-35,4.241673e-35,4.574437e-35,4.843382e-35,5.059872e-35
Sb-120m,3.752965e+12,3.748056e+12,3.741875e+12,3.734095e+12,3.724307e+12,3.712002e+12,3.696542e+12,3.677138e+12,3.652814e+12,3.622370e+12,3.584341e+12,3.536954e+12,3.478090e+12,3.405255e+12,3.315578e+12,3.205852e+12,3.072645e+12,2.912530e+12,2.722460e+12,2.500358e+12,2.245925e+12,1.961655e+12,1.653897e+12,1.333670e+12,1.016699e+12,7.220582e+11,4.689838e+11,2.721590e+11,1.370241e+11,5.767368e+10,1.936681e+10,4.891379e+09,8.625929e+08,9.670782e+07,6.124193e+06,1.887184e+05,2.344780e+03,9.267054e+00,8.639410e-03,1.303124e-06,1.976795e-11,-1.150069e-02,-1.589498e+02,-1.179414e+02,-1.627143e+02,-2.411703e+01,2.085291e+02,-1.571065e+02,-2.854137e+01,2.759249e+01,-1.818191e+02,1.628291e+01,6.438900e+01,-1.283026e+02,1.320764e+00,8.495253e+01,-3.048876e+00,-6.479976e+00,-3.674772e+01,3.128798e+01
Sb-121,8.490117e+18,1.076957e+19,1.362237e+19,1.718567e+19,2.162537e+19,2.713967e+19,3.396163e+19,4.235930e+19,5.263182e+19,6.509846e+19,8.007735e+19,9.784931e+19,1.186029e+20,1.423579e+20,1.688712e+20,1.975378e+20,2.273170e+20,2.567326e+20,2.840051e+20,3.073540e+20,3.254392e+20,3.377929e+20,3.450011e+20,3.484543e+20,3.497480e+20,3.501062e+20,3.501770e+20,3.501903e+20,3.501978e+20,3.502066e+20,3.502177e+20,3.502317e+20,3.502493e+20,3.502716e+20,3.502996e+20,3.503349e+20,3.503793e+20,3.504353e+20,3.505056e+20,3.505941e+20,3.507053e+20,3.508449e+20,3.510200e+20,3.512391e+20,3.515130e+20,3.518544e+20,3.522789e+20,3.528045e+20,3.534523e+20,3.542461e+20,3.552113e+20,3.563741e+20,3.577581e+20,3.593810e+20,3.612480e+20,3.633454e+20,3.656317e+20,3.680311e+20,3.704320e+20,3.726944e+20
Sb-122,1.125962e+16,1.122878e+16,1.118967e+16,1.114053e+16,1.107887e+16,1.100160e+16,1.090493e+16,1.078424e+16,1.063394e+16,1.044739e+16,1.021681e+16,9.933276e+15,9.586924e+15,9.167327e+15,8.664283e+15,8.069092e+15,7.376474e+15,6.587173e+15,5.711101e+15,4.770480e+15,3.801919e+15,2.855727e+15,1.990618e+15,1.262840e+15,7.114086e+14,3.450113e+14,1.385191e+14,4.382615e+13,1.026835e+13,1.647244e+12,1.638942e+11,8.928252e+09,2.275518e+08,2.225327e+06,6.503078e+03,4.143068e+00,3.866571e-04,3.201693e-09,1.249950e-15,1.036567e-23,-1.379380e-31,2.545427e-31,-1.617001e-31,1.680823e-31,2.326450e-31,1.537870e-31,-1.339579e-31,-2.770610e-31,1.736447e-31,-2.922359e-31,1.184909e-31,-3.566026e-31,1.097215e-31,-1.237011e-31,-3.597410e-31,-3.155327e-33,1.090186e-31,-1.747037e-31,-3.815720e-31,-2.994549e-31
Sb-122m,2.958062e+11,2.218480e+10,8.461694e+08,1.375823e+07,7.633296e+04,1.091483e+02,2.823390e-02,8.455624e-07,1.670006e-12,-2.447880e-03,1.183256e-03,5.133183e-03,-5.637315e-03,1.265900e-03,7.203512e-03,-6.581519e-03,-2.584036e-04,-9.019394e-04,3.267410e-03,-1.993436e-04,1.948265e-03,1.277605e-05,-2.125461e-05,1.956203e-05,9.171327e-05,3.879235e-05,1.352550e-07,6.283086e-07,1.536560e-07,-1.592670e-08,1.599912e-08,-5.569563e-11,3.534313e-11,-4.112724e-13,4.061721e-17,2.694942e-18,-2.078506e-22,-6.913655e-25,1.184824e-27,6.718350e-32,-1.118322e-31,-8.622048e-32,-5.779859e-32,-2.947777e-32,-3.019253e-33,2.067011e-32,4.125890e-32,5.877156e-32,7.343135e-32,8.555577e-32,9.549123e-32,1.035753e-31,1.101168e-31,1.153873e-31,1.196195e-31,1.230091e-31,1.257182e-31,1.278798e-31,1.296023e-31,1.309736e-31
Sb-123,2.724131e+20,3.085111e+20,3.420810e+20,3.709313e+20,3.933857e+20,4.088173e+20,4.178913e+20,4.222820e+20,4.239501e+20,4.244240e+20,4.245263e+20,4.245545e+20,4.245776e+20,4.246058e+20,4.246413e+20,4.246861e+20,4.247424e+20,4.248133e+20,4.249024e+20,4.250144e+20,4.251551e+20,4.253315e+20,4.255524e+20,4.258286e+20,4.261732e+20,4.266019e+20,4.271331e+20,4.277887e+20,4.285930e+20,4.295728e+20,4.307556e+20,4.321675e+20,4.338288e+20,4.357485e+20,4.379171e+20,4.402976e+20,4.428181e+20,4.453682e+20,4.478050e+20,4.499719e+20,4.517322e+20,4.530088e+20,4.538116e+20,4.542339e+20,4.544115e+20,4.544681e+20,4.544808e+20,4.544826e+20,4.544828e+20,4.544828e+20,4.544828e+20,4.544828e+20,4.544828e+20,4.544828e+20,4.544828e+20,4.544828e+20,4.544828e+20,4.544828e+20,4.544828e+20,4.544828e+20
Sb-124,2.696931e+17,2.711721e+17,2.721757e+17,2.727417e+17,2.729761e+17,2.730059e+17,2.729298e+17,2.727988e+17,2.726264e+17,2.724082e+17,2.721333e+17,2.717870e+17,2.713509e+17,2.708020e+17,2.701113e+17,2.692430e+17,2.681519e+17,2.667823e+17,2.650652e+17,2.629156e+17,2.602298e+17,2.568820e+17,2.527216e+17,2.475711e+17,2.412256e+17,2.334550e+17,2.240120e+17,2.126466e+17,1.991329e+17,1.833092e+17,1.651350e+17,1.447630e+17,1.226168e+17,9.945345e+16,7.637557e+16,5.474670e+16,3.597637e+16,2.118753e+16,1.086733e+16,4.682502e+15,1.619529e+15,4.245619e+14,7.847263e+13,9.334738e+12,6.369912e+11,2.156809e+10,3.017810e+08,1.385451e+06,1.560183e+03,2.986310e-01,6.117496e-06,7.484399e-12,2.620726e-19,1.061048e-28,-6.195424e-30,3.950241e-30,-6.458334e-30,-6.639971e-30,-6.829675e-30,-6.437171e-30
Sb-124m,3.723027e+14,2.175187e+14,1.104517e+14,4.699170e+13,1.599514e+13,4.109455e+12,7.404904e+11,8.530592e+10,5.590513e+09,1.798820e+08,2.360185e+06,9.991593e+03,1.015822e+01,1.709171e-03,2.975893e-08,2.965945e-14,8.019532e-22,-3.269011e-31,3.456225e-31,3.069924e-31,-7.925350e-31,5.917743e-32,6.728788e-31,-1.731800e-34,-6.435780e-31,-5.362398e-31,-3.760372e-32,6.296811e-31,6.684847e-31,5.486697e-31,1.800607e-31,-3.052532e-31,-5.276569e-31,-6.222285e-31,-7.140966e-31,-7.292364e-31,-6.152333e-31,-4.187565e-31,-2.152349e-31,-4.932957e-32,7.158510e-32,1.594545e-31,2.291500e-31,2.910117e-31,3.499023e-31,4.068988e-31,4.612504e-31,5.117370e-31,5.573620e-31,5.975862e-31,6.323151e-31,6.617898e-31,6.864609e-31,7.068835e-31,7.236403e-31,7.372927e-31,7.483538e-31,7.572759e-31,7.644472e-31,7.701952e-31
Sb-124m2,4.479642e+15,2.617241e+15,1.328984e+15,5.654162e+14,1.924576e+14,4.944602e+13,8.909772e+12,1.026423e+12,6.726649e+10,2.164387e+09,2.839836e+07,1.202214e+05,1.222264e+02,2.056519e-02,3.580672e-07,3.568702e-13,9.649300e-21,3.513528e-30,-3.075744e-31,2.557175e-31,-7.924454e-31,-5.266464e-31,-5.942811e-31,-7.783754e-31,1.623496e-31,5.543461e-31,-7.550369e-31,7.680730e-31,-6.707573e-31,2.881264e-31,4.139848e-31,-7.837568e-31,2.176607e-32,7.926836e-31,1.415036e-31,-6.870331e-31,-6.674338e-31,-2.311338e-32,5.879240e-31,7.922602e-31,5.963616e-31,1.898055e-31,-2.350590e-31,-5.599416e-31,-7.429704e-31,-7.924385e-31,-7.396342e-31,-6.204628e-31,-4.660774e-31,-2.996764e-31,-1.366211e-31,1.408204e-32,1.480183e-31,2.638088e-31,3.619153e-31,4.437995e-31,5.113709e-31,5.666480e-31,6.115649e-31,6.478733e-31
Sb-125,6.917144e+20,6.980075e+20,7.004600e+20,7.013742e+20,7.019104e+20,7.024710e+20,7.031635e+20,7.040335e+20,7.051266e+20,7.064986e+20,7.082187e+20,7.103718e+20,7.130618e+20,7.164144e+20,7.205800e+20,7.257358e+20,7.320860e+20,7.398592e+20,7.493002e+20,7.606543e+20,7.741396e+20,7.899048e+20,8.079681e+20,8.281412e+20,8.499433e+20,8.725286e+20,8.946621e+20,9.147914e+20,9.312545e+20,9.426158e+20,9.480338e+20,9.474753e+20,9.415943e+20,9.312774e+20,9.171167e+20,8.991390e+20,8.768756e+20,8.495719e+20,8.163488e+20,7.762992e+20,7.285846e+20,6.725733e+20,6.080383e+20,5.354106e+20,4.560606e+20,3.725407e+20,2.886647e+20,2.092650e+20,1.394872e+20,8.363513e+19,4.387896e+19,1.945364e+19,6.974853e+18,1.913328e+18,3.744648e+17,4.787676e+16,3.578194e+15,1.358822e+14,2.197192e+12,1.210575e+10
Sb-126,2.501720e+19,2.534786e+19,2.555996e+19,2.566694e+19,2.569669e+19,2.567905e+19,2.563487e+19,2.557304e+19,2.549411e+19,2.539480e+19,2.527010e+19,2.511373e+19,2.491793e+19,2.467318e+19,2.436797e+19,2.398848e+19,2.351833e+19,2.293858e+19,2.222783e+19,2.136286e+19,2.031992e+19,1.907703e+19,1.761750e+19,1.593510e+19,1.404065e+19,1.196937e+19,9.787286e+18,7.593408e+18,5.513651e+18,3.682643e+18,2.213745e+18,1.165205e+18,5.187158e+17,1.869569e+17,5.164270e+16,1.021679e+16,1.348831e+15,1.329758e+14,3.722279e+13,3.344161e+13,3.337848e+13,3.337809e+13,3.337805e+13,3.337800e+13,3.337794e+13,3.337785e+13,3.337775e+13,3.337762e+13,3.337746e+13,3.337726e+13,3.337700e+13,3.337667e+13,3.337626e+13,3.337574e+13,3.337509e+13,3.337427e+13,3.337323e+13,3.337192e+13,3.337027e+13,3.336819e+13
Sb-126m,5.712192e+18,3.240454e+18,1.585419e+18,6.436390e+17,2.065129e+17,4.924749e+16,8.078348e+15,8.268809e+14,4.691057e+13,1.500073e+12,2.695923e+11,2.567692e+11,2.567289e+11,2.567289e+11,2.567289e+11,2.567289e+11,2.567289e+11,2.567289e+11,2.567289e+11,2.567289e+11,2.567289e+11,2.567289e+11,2.567289e+11,2.567289e+11,2.567289e+11,2.567289e+11,2.567289e+11,2.567288e+11,2.567288e+11,2.567288e+11,2.567288e+11,2.567288e+11,2.567287e+11,2.567287e+11,2.567287e+11,2.567286e+11,2.567285e+11,2.567284e+11,2.567283e+11,2.567281e+11,2.567279e+11,2.567277e+11,2.567274e+11,2.567270e+11,2.567265e+11,2.567259e+11,2.567251e+11,2.567241e+11,2.567229e+11,2.567213e+11,2.567193e+11,2.567168e+11,2.567136e+11,2.567096e+11,2.567046e+11,2.566983e+11,2.566903e+11,2.566802e+11,2.566675e+11,2.566515e+11
Sb-126m2,1.646607e+09,1.646607e+09,1.646607e+09,1.646607e+09,1.646607e+09,1.646607e+09,1.646607e+09,1.646607e+09,1.646607e+09,1.646607e+09,1.646607e+09,1.646607e+09,1.646607e+09,1.646607e+09,1.646607e+09,1.646607e+09,1.646607e+09,1.646607e+09,1.646607e+09,1.646607e+09,1.646607e+09,1.646607e+09,1.646607e+09,1.646606e+09,1.646606e+09,1.646606e+09,1.646606e+09,1.646606e+09,1.646606e+09,1.646606e+09,1.646606e+09,1.646606e+09,1.646606e+09,1.646605e+09,1.646605e+09,1.646605e+09,1.646604e+09,1.646604e+09,1.646603e+09,1.646602e+09,1.646601e+09,1.646599e+09,1.646597e+09,1.646594e+09,1.646591e+09,1.646587e+09,1.646582e+09,1.646576e+09,1.646568e+09,1.646558e+09,1.646545e+09,1.646529e+09,1.646509e+09,1.646483e+09,1.646451e+09,1.646410e+09,1.646359e+09,1.646295e+09,1.646213e+09,1.646110e+09
Sb-127,2.561050e+21,2.719926e+21,2.900621e+21,3.100594e+21,3.314178e+21,3.532004e+21,3.740980e+21,3.925331e+21,4.069015e+21,4.159242e+21,4.189888e+21,4.162875e+21,4.086085e+21,3.968534e+21,3.815862e+21,3.628980e+21,3.405784e+21,3.143729e+21,2.841816e+21,2.502078e+21,2.130945e+21,1.740372e+21,1.348217e+21,9.770877e+20,6.510415e+20,3.901734e+20,2.045815e+20,9.063259e+19,3.246437e+19,8.894921e+18,1.738238e+18,2.218183e+17,1.653848e+16,6.261549e+14,1.008630e+13,5.530545e+10,7.791561e+07,1.978093e+04,5.785852e-01,1.109198e-06,6.843024e-14,5.526340e-23,-4.492083e-26,1.507670e-25,5.247214e-26,-9.871504e-26,-1.539341e-25,-1.117059e-25,3.029068e-26,-3.881832e-26,-5.683258e-26,8.581213e-26,-1.344234e-26,1.992731e-26,1.145767e-25,-7.327119e-26,-3.013230e-26,8.873794e-26,2.129987e-26,-1.122141e-25
Sb-128,4.276425e+20,4.529124e+20,4.766152e+20,4.957614e+20,5.071078e+20,5.076459e+20,4.952368e+20,4.692012e+20,4.305472e+20,3.816515e+20,3.256032e+20,2.657081e+20,2.054267e+20,1.484729e+20,9.858651e+19,5.882580e+19,3.067484e+19,1.349526e+19,4.791774e+18,1.298465e+18,2.502321e+17,3.137591e+16,2.288057e+15,8.423879e+13,1.309942e+12,6.870399e+09,9.151506e+06,2.164781e+03,5.791883e-02,9.922953e-08,5.312707e-15,3.592760e-24,-2.149516e-26,2.374680e-26,-1.453160e-26,-1.203992e-26,-4.697323e-27,-1.280689e-26,4.673834e-27,4.375502e-27,-3.838717e-28,1.631550e-26,-1.311241e-26,-1.175918e-26,1.293256e-27,-2.143913e-26,-5.101893e-27,2.030292e-26,1.502608e-26,-1.366640e-27,-3.862587e-27,7.098649e-27,1.874723e-26,2.245355e-26,1.752026e-26,7.645118e-27,-3.009339e-27,-1.170498e-26,-1.734539e-26,-1.997637e-26
Sb-128m,9.829457e+20,8.344858e+20,6.682426e+20,5.007110e+20,3.467180e+20,2.178867e+20,1.212626e+20,5.791320e+19,2.280605e+19,7.041683e+18,1.599853e+18,2.468797e+17,2.339055e+16,1.197968e+15,2.824659e+13,2.504181e+11,6.466264e+08,3.524455e+05,2.701735e+01,1.745571e-04,4.983827e-11,2.785560e-19,-4.301952e-26,2.226380e-26,-4.564339e-26,6.896618e-26,4.419058e-26,1.231590e-26,4.202459e-26,-3.723337e-26,-3.630407e-27,-4.255902e-26,6.381424e-26,-3.832099e-27,5.056594e-26,-3.778961e-26,-8.238241e-26,-6.829950e-27,2.647037e-26,-3.681654e-27,-1.798981e-26,1.194076e-26,5.663732e-26,8.255305e-26,7.885573e-26,5.319425e-26,1.895886e-26,-1.309369e-26,-3.730379e-26,-5.225550e-26,-5.900897e-26,-5.960781e-26,-5.616584e-26,-5.044322e-26,-4.372898e-26,-3.687690e-26,-3.039786e-26,-2.455823e-26,-1.946308e-26,-1.511879e-26
Sb-129,1.347561e+22,1.294626e+22,1.229648e+22,1.151961e+22,1.060834e+22,9.560815e+21,8.385891e+21,7.107829e+21,5.770045e+21,4.435914e+21,3.184039e+21,2.095966e+21,1.237053e+21,6.362351e+20,2.750864e+20,9.555799e+19,2.518832e+19,4.687889e+18,5.625299e+17,3.881048e+16,1.332433e+15,1.897204e+13,8.903951e+10,1.030943e+08,2.043673e+04,4.375624e-01,5.660072e-07,2.126189e-14,9.128575e-24,-5.940172e-25,2.108142e-25,-2.646123e-25,-2.892322e-25,-3.121991e-25,-2.559718e-25,2.678618e-25,2.859973e-25,-1.211856e-25,5.130712e-25,-5.447494e-26,2.384558e-25,3.719626e-25,-2.527003e-25,-2.710446e-27,3.395081e-25,3.835101e-26,-3.959782e-25,-4.578586e-25,-2.111332e-25,4.756758e-26,1.343294e-25,4.016446e-26,-1.533258e-25,-3.583083e-25,-5.189467e-25,-6.143682e-25,-6.473045e-25,-6.316536e-25,-5.838528e-25,-5.183786e-25
Sb-129m,4.990883e+19,2.746046e+19,1.275799e+19,4.821597e+18,1.410211e+18,2.990572e+17,4.230295e+16,3.591438e+15,1.601681e+14,3.171847e+12,2.256552e+10,4.414897e+07,1.695857e+04,8.361837e-01,3.096953e-06,4.383462e-13,1.011294e-21,1.334232e-26,-1.679702e-26,2.357687e-28,1.363745e-26,2.750861e-27,6.785557e-27,1.020224e-26,-3.767771e-27,-8.857799e-27,7.903943e-27,8.784360e-27,-1.790327e-26,4.537817e-27,1.126648e-28,4.113418e-27,1.418036e-26,2.184826e-27,-1.798094e-26,-2.281008e-26,-1.045218e-26,6.860207e-27,1.859673e-26,2.157757e-26,1.780991e-26,1.084201e-26,3.568835e-27,-2.391125e-27,-6.489414e-27,-8.819455e-27,-9.754235e-27,-9.721336e-27,-9.093884e-27,-8.154669e-27,-7.097787e-27,-6.045165e-27,-5.065969e-27,-4.193654e-27,-3.439105e-27,-2.799948e-27,-2.266778e-27,-1.827087e-27,-1.467624e-27,-1.175699e-27
Sb-130,7.404657e+21,5.625306e+21,3.977691e+21,2.569372e+21,1.480739e+21,7.390141e+20,3.076390e+20,1.018777e+20,2.528320e+19,4.361113e+18,4.754836e+17,2.906981e+16,8.569160e+14,1.006762e+13,3.707869e+10,3.162469e+07,4.263843e+03,5.614756e-02,3.934694e-08,6.823425e-16,6.381957e-25,4.778801e-25,-5.794187e-25,-5.125308e-25,2.006564e-25,2.215023e-25,-3.384762e-25,-3.071587e-25,1.136922e-25,-7.750660e-25,3.354310e-25,-4.172485e-25,4.808744e-25,4.512372e-25,-1.413013e-25,4.249525e-25,7.565674e-25,2.406073e-25,-2.902470e-25,-2.914230e-25,4.781306e-26,3.370111e-25,3.788995e-25,1.960434e-25,-9.309008e-26,-3.766755e-25,-5.895287e-25,-7.113468e-25,-7.501477e-25,-7.262624e-25,-6.618625e-25,-5.757981e-25,-4.819632e-25,-3.895145e-25,-3.038196e-25,-2.275292e-25,-1.615055e-25,-1.055273e-25,-5.878430e-26,-2.019957e-26
Sb-130m,7.679908e+19,1.378420e+19,1.572098e+18,1.015390e+17,3.206168e+15,4.107614e+13,1.687396e+11,1.651692e+08,2.649273e+04,4.342767e-01,4.011283e-07,9.854135e-15,4.544200e-24,-8.739676e-25,-7.197491e-25,-1.964715e-24,-4.172906e-25,2.756621e-26,-2.185886e-24,8.297692e-25,2.323148e-25,-2.567624e-25,3.488040e-25,-1.114948e-24,1.486571e-24,2.108027e-25,-2.146462e-24,2.408721e-25,2.181080e-24,7.628802e-25,-1.392204e-24,-1.919245e-24,-9.204569e-25,4.279899e-25,1.282132e-24,1.450322e-24,1.129952e-24,6.044861e-25,8.681235e-26,-3.137338e-25,-5.674546e-25,-6.892233e-25,-7.113141e-25,-6.675301e-25,-5.860587e-25,-4.875408e-25,-3.856629e-25,-2.886518e-25,-2.008494e-25,-1.240379e-25,-5.843033e-26,-3.359510e-27,4.227203e-26,7.971398e-26,1.102072e-25,1.348983e-25,1.548022e-25,1.707911e-25,1.836000e-25,1.938394e-25
Sb-131,1.233046e+22,7.695919e+21,4.247212e+21,2.007062e+21,7.799039e+20,2.367900e+20,5.266915e+19,7.913103e+18,7.248614e+17,3.557868e+16,7.950957e+14,6.587918e+12,1.562062e+10,7.645943e+06,5.117816e+02,2.786816e-03,6.413213e-10,2.730972e-18,4.161272e-25,-1.341372e-24,-1.756846e-25,1.708472e-24,2.073731e-24,2.144653e-24,5.166745e-25,-2.193208e-24,5.301293e-25,-1.136009e-24,7.937391e-25,-1.201253e-24,2.124255e-24,2.903380e-26,-7.536239e-25,1.683055e-24,1.829277e-24,-2.769124e-25,-1.483277e-24,-8.211117e-25,5.663193e-25,1.436895e-24,1.378745e-24,6.341836e-25,-3.557664e-25,-1.241967e-24,-1.849045e-24,-2.143443e-24,-2.171772e-24,-2.009931e-24,-1.732754e-24,-1.400556e-24,-1.056039e-24,-7.262235e-25,-4.260911e-25,-1.622551e-25,6.402188e-26,2.546017e-25,4.129513e-25,5.431710e-25,6.494133e-25,7.355640e-25
Sb-132,2.034523e+16,4.155427e+14,3.073744e+12,6.316525e+09,2.581377e+06,1.376231e+02,5.624806e-04,9.014496e-11,2.432399e-19,6.449114e-25,-1.228338e-24,1.384863e-24,6.803720e-25,7.635697e-25,1.294650e-24,5.521589e-25,-7.904502e-25,6.942619e-25,-6.368438e-25,9.840398e-26,-5.884071e-25,1.858118e-24,-5.593474e-25,-1.239784e-24,5.488460e-25,5.436042e-25,-8.477925e-25,-1.278510e-24,-2.984179e-25,1.049908e-24,1.813921e-24,1.746787e-24,1.099925e-24,2.515963e-25,-5.120979e-25,-1.050680e-24,-1.337880e-24,-1.410714e-24,-1.328969e-24,-1.151452e-24,-9.256024e-25,-6.851539e-25,-4.516633e-25,-2.373345e-25,-4.785184e-26,1.152920e-25,2.530802e-25,3.677979e-25,4.622786e-25,5.394499e-25,6.020812e-25,6.526603e-25,6.933487e-25,7.259814e-25,7.520911e-25,7.729428e-25,7.895706e-25,8.028148e-25,8.133543e-25,8.217352e-25
Sb-132m,9.844979e+17,6.970991e+16,2.472922e+15,3.669533e+13,1.814227e+11,2.243149e+08,4.830507e+04,1.148061e+00,1.694053e-06,5.062875e+04,3.301084e+04,-5.624526e+03,-1.730237e+04,-6.468859e+03,-2.461357e+03,-1.623867e+04,-5.180329e+04,-5.504750e+04,7.262165e+03,1.800621e+04,1.650330e+04,-1.228400e+04,6.379374e+03,-7.030801e+02,-1.574933e+03,-1.828423e+01,2.558605e+02,1.045342e+02,4.985726e+01,-1.514950e-01,-9.687343e-01,4.477831e-03,-2.403229e-03,-5.896467e-05,-1.156494e-07,2.510639e-09,-9.156885e-13,5.374078e-16,-8.918145e-19,1.682521e-02,4.300314e+02,-6.597206e+02,-2.749502e+02,1.799305e+02,3.078068e+02,9.428768e+01,1.008387e+02,-1.047427e+02,1.169757e+02,4.983279e+01,3.228146e+01,3.490250e+01,2.478122e+01,-3.861811e+01,6.582394e+00,2.816577e+00,9.768396e+00,-6.762820e+00,-6.603156e+00,3.511363e+00
Sb-133,4.148403e+15,5.395251e+13,2.258779e+11,2.264490e+08,3.743371e+04,6.374059e-01,6.176702e-07,1.611949e-14,5.947470e-24,-5.467922e-25,2.984703e-25,-1.633997e-24,-9.962428e-25,-1.096575e-24,-1.488950e-24,3.495406e-25,1.229165e-24,-1.423856e-24,1.605002e-24,-1.294414e-24,6.362649e-25,8.119229e-25,-1.559212e-24,4.829374e-26,1.540060e-24,2.203081e-25,-1.422087e-24,-1.375581e-24,-9.980439e-26,1.101194e-24,1.494161e-24,1.096870e-24,2.863181e-25,-5.572046e-25,-1.200745e-24,-1.562506e-24,-1.659614e-24,-1.554363e-24,-1.317957e-24,-1.012069e-24,-6.825755e-25,-3.598291e-25,-6.160875e-26,2.033837e-25,4.324438e-25,6.265010e-25,7.884573e-25,9.220970e-25,1.031416e-24,1.120244e-24,1.192045e-24,1.249847e-24,1.296233e-24,1.333364e-24,1.363028e-24,1.386690e-24,1.405541e-24,1.420546e-24,1.432479e-24,1.441963e-24
Sb-134,-1.088386e-25,1.635532e-25,1.358539e-25,-1.063669e-25,-2.117066e-25,-9.511327e-26,9.610753e-26,2.123685e-25,2.069258e-25,1.131338e-25,-1.165203e-26,-1.222845e-25,-1.961504e-25,-2.290660e-25,-2.272979e-25,-2.009284e-25,-1.598719e-25,-1.121019e-25,-6.324373e-26,-1.683273e-26,2.519844e-26,6.202935e-26,9.354790e-26,1.200526e-25,1.420499e-25,1.601241e-25,1.748609e-25,1.868050e-25,1.964407e-25,2.041859e-25,2.103938e-25,2.153584e-25,2.193216e-25,2.224811e-25,2.249971e-25,2.269989e-25,2.285905e-25,2.298553e-25,2.308599e-25,2.316576e-25,2.322908e-25,2.327933e-25,2.331921e-25,2.335085e-25,2.337596e-25,2.339587e-25,2.341166e-25,2.342419e-25,2.343412e-25,2.344200e-25,2.344825e-25,2.345321e-25,2.345714e-25,2.346026e-25,2.346273e-25,2.346469e-25,2.346625e-25,2.346748e-25,2.346846e-25,2.346923e-25
Sb-134m,-1.844269e-26,-6.120534e-26,8.949674e-26,2.306363e-25,-1.303281e-25,-1.417088e-26,6.048207e-26,-1.667583e-26,-1.038686e-25,2.252489e-25,-1.628645e-25,-1.232450e-25,2.053941e-25,1.397639e-25,-1.403409e-25,-2.296953e-25,-8.087538e-26,1.223732e-25,2.290014e-25,2.069014e-25,1.008792e-25,-2.828454e-26,-1.371157e-25,-2.060928e-25,-2.335426e-25,-2.271448e-25,-1.974931e-25,-1.544774e-25,-1.058102e-25,-5.680286e-26,-1.071225e-26,3.074206e-26,6.688723e-26,9.770502e-26,1.235484e-25,1.449510e-25,1.625077e-25,1.768043e-25,1.883801e-25,1.977113e-25,2.052072e-25,2.112124e-25,2.160130e-25,2.198442e-25,2.228977e-25,2.253289e-25,2.272629e-25,2.288004e-25,2.300220e-25,2.309923e-25,2.317627e-25,2.323743e-25,2.328596e-25,2.332447e-25,2.335503e-25,2.337927e-25,2.339849e-25,2.341374e-25,2.342584e-25,2.343543e-25
Sb-135,-8.674719e-26,9.007086e-26,-2.114933e-26,-8.177245e-26,5.659513e-26,8.095908e-26,-2.832691e-26,-9.467792e-26,-5.521102e-26,2.903982e-26,8.632730e-26,9.077934e-26,5.466575e-26,2.740560e-27,-4.481494e-26,-7.753617e-26,-9.310085e-26,-9.388404e-26,-8.404439e-26,-6.775757e-26,-4.841689e-26,-2.843514e-26,-9.341904e-27,8.015129e-27,2.326396e-26,3.633719e-26,4.734541e-26,5.649054e-26,6.401030e-26,7.014500e-26,7.511930e-26,7.913357e-26,8.236111e-26,8.494856e-26,8.701813e-26,8.867050e-26,8.998789e-26,9.103703e-26,9.187182e-26,9.253557e-26,9.306305e-26,9.348204e-26,9.381474e-26,9.407885e-26,9.428846e-26,9.445480e-26,9.458677e-26,9.469147e-26,9.477452e-26,9.484040e-26,9.489265e-26,9.493410e-26,9.496697e-26,9.499303e-26,9.501371e-26,9.503010e-26,9.504311e-26,9.505342e-26,9.506159e-26,9.506808e-26
Sb-136,-7.356467e-27,-3.253560e-28,7.520332e-27,1.741311e-27,-6.345109e-27,-6.509798e-27,-4.941884e-28,5.433581e-27,7.556631e-27,5.818055e-27,1.990301e-27,-2.076000e-27,-5.222031e-27,-7.023247e-27,-7.544194e-27,-7.077576e-27,-5.965487e-27,-4.507150e-27,-2.926592e-27,-1.372873e-27,6.610053e-29,1.346792e-27,2.455102e-27,3.394850e-27,4.179649e-27,4.827550e-27,5.357743e-27,5.788675e-27,6.137086e-27,6.417622e-27,6.642779e-27,6.823031e-27,6.967049e-27,7.081934e-27,7.173468e-27,7.246324e-27,7.304270e-27,7.350328e-27,7.386920e-27,7.415980e-27,7.439052e-27,7.457364e-27,7.471897e-27,7.483428e-27,7.492576e-27,7.499833e-27,7.505590e-27,7.510156e-27,7.513778e-27,7.516650e-27,7.518928e-27,7.520735e-27,7.522168e-27,7.523304e-27,7.524205e-27,7.524920e-27,7.525486e-27,7.525936e-27,7.526292e-27,7.526575e-27
Sb-137,5.202394e-27,-4.368435e-26,-3.943134e-26,1.063092e-27,3.756380e-26,4.856532e-26,3.546044e-26,1.014161e-26,-1.576005e-26,-3.526334e-26,-4.601621e-26,-4.864716e-26,-4.511829e-26,-3.762991e-26,-2.807120e-26,-1.783908e-26,-7.852682e-27,1.353254e-27,9.520258e-27,1.657166e-26,2.254042e-26,2.751863e-26,3.162443e-26,3.498179e-26,3.770900e-26,3.991297e-26,4.168694e-26,4.311033e-26,4.424960e-26,4.515969e-26,4.588558e-26,4.646387e-26,4.692412e-26,4.729015e-26,4.758108e-26,4.781220e-26,4.799574e-26,4.814146e-26,4.825712e-26,4.834890e-26,4.842172e-26,4.847950e-26,4.852533e-26,4.856168e-26,4.859052e-26,4.861339e-26,4.863153e-26,4.864592e-26,4.865733e-26,4.866638e-26,4.867355e-26,4.867924e-26,4.868375e-26,4.868733e-26,4.869017e-26,4.869242e-26,4.869421e-26,4.869562e-26,4.869674e-26,4.869763e-26
Sb-138,2.263896e-29,2.487669e-29,1.571705e-29,1.796442e-30,-1.126253e-29,-2.044001e-29,-2.497618e-29,-2.544854e-29,-2.296440e-29,-1.866110e-29,-1.347397e-29,-8.073998e-30,-2.890265e-30,1.836595e-30,5.998295e-30,9.571831e-30,1.258441e-29,1.508934e-29,1.715045e-29,1.883280e-29,2.019748e-29,2.129912e-29,2.218508e-29,2.289548e-29,2.346377e-29,2.391755e-29,2.427938e-29,2.456755e-29,2.479686e-29,2.497920e-29,2.512410e-29,2.523921e-29,2.533061e-29,2.540317e-29,2.546076e-29,2.550646e-29,2.554271e-29,2.557148e-29,2.559430e-29,2.561240e-29,2.562675e-29,2.563814e-29,2.564717e-29,2.565433e-29,2.566001e-29,2.566452e-29,2.566809e-29,2.567092e-29,2.567317e-29,2.567495e-29,2.567637e-29,2.567749e-29,2.567837e-29,2.567908e-29,2.567964e-29,2.568008e-29,2.568043e-29,2.568071e-29,2.568093e-29,2.568111e-29
Sb-139,8.469686e-31,4.648413e-31,-3.954932e-32,-4.830717e-31,-7.767794e-31,-9.061703e-31,-8.977926e-31,-7.925128e-31,-6.298863e-31,-4.414148e-31,-2.491552e-31,-6.687350e-32,9.796844e-32,2.422553e-31,3.656243e-31,4.692984e-31,5.552956e-31,6.259265e-31,6.834963e-31,7.301441e-31,7.677686e-31,7.980065e-31,8.222394e-31,8.416170e-31,8.570851e-31,8.694154e-31,8.792338e-31,8.870453e-31,8.932559e-31,8.981910e-31,9.021109e-31,9.052234e-31,9.076941e-31,9.096550e-31,9.112110e-31,9.124456e-31,9.134250e-31,9.142019e-31,9.148181e-31,9.153069e-31,9.156945e-31,9.160020e-31,9.162458e-31,9.164392e-31,9.165926e-31,9.167142e-31,9.168106e-31,9.168871e-31,9.169478e-31,9.169959e-31,9.170340e-31,9.170643e-31,9.170883e-31,9.171073e-31,9.171224e-31,9.171343e-31,9.171438e-31,9.171514e-31,9.171573e-31,9.171621e-31
Te-122,1.126048e+14,1.429762e+14,1.811562e+14,2.291127e+14,2.892873e+14,3.646946e+14,4.590361e+14,5.768228e+14,7.234986e+14,9.055505e+14,1.130577e+15,1.407276e+15,1.745282e+15,2.154766e+15,2.645687e+15,3.226533e+15,3.902459e+15,4.672738e+15,5.527697e+15,6.445649e+15,7.390868e+15,8.314257e+15,9.158516e+15,9.868755e+15,1.040690e+16,1.076446e+16,1.096598e+16,1.105839e+16,1.109114e+16,1.109955e+16,1.110100e+16,1.110115e+16,1.110116e+16,1.110116e+16,1.110116e+16,1.110116e+16,1.110116e+16,1.110116e+16,1.110116e+16,1.110116e+16,1.110116e+16,1.110116e+16,1.110116e+16,1.110116e+16,1.110116e+16,1.110116e+16,1.110116e+16,1.110116e+16,1.110116e+16,1.110116e+16,1.110116e+16,1.110116e+16,1.110116e+16,1.110116e+16,1.110116e+16,1.110116e+16,1.110116e+16,1.110116e+16,1.110116e+16,1.110116e+16
Te-123,1.492531e+13,1.492847e+13,1.493245e+13,1.493746e+13,1.494379e+13,1.495176e+13,1.496182e+13,1.497450e+13,1.499048e+13,1.501063e+13,1.503602e+13,1.506803e+13,1.510835e+13,1.515916e+13,1.522316e+13,1.530375e+13,1.540518e+13,1.553280e+13,1.569326e+13,1.589486e+13,1.614790e+13,1.646513e+13,1.686223e+13,1.735832e+13,1.797661e+13,1.874482e+13,1.969561e+13,2.086667e+13,2.230018e+13,2.404142e+13,2.613587e+13,2.862436e+13,3.153549e+13,3.487507e+13,3.861291e+13,4.266863e+13,4.690056e+13,5.110430e+13,5.502932e+13,5.841955e+13,6.107484e+13,6.291405e+13,6.400604e+13,6.454055e+13,6.474605e+13,6.480449e+13,6.481591e+13,6.481730e+13,6.481740e+13,6.481740e+13,6.481740e+13,6.481740e+13,6.481740e+13,6.481740e+13,6.481740e+13,6.481740e+13,6.481740e+13,6.481740e+13,6.481740e+13,6.481740e+13
Te-123m,4.989209e+13,4.988893e+13,4.988496e+13,4.987994e+13,4.987361e+13,4.986564e+13,4.985558e+13,4.984290e+13,4.982692e+13,4.980677e+13,4.978138e+13,4.974938e+13,4.970905e+13,4.965824e+13,4.959424e+13,4.951365e+13,4.941222e+13,4.928460e+13,4.912414e+13,4.892254e+13,4.866950e+13,4.835227e+13,4.795518e+13,4.745908e+13,4.684079e+13,4.607259e+13,4.512179e+13,4.395073e+13,4.251722e+13,4.077599e+13,3.868153e+13,3.619304e+13,3.328191e+13,2.994233e+13,2.620449e+13,2.214877e+13,1.791684e+13,1.371310e+13,9.788077e+12,6.397855e+12,3.742560e+12,1.903348e+12,8.113647e+11,2.768560e+11,7.135109e+10,1.290740e+10,1.494329e+09,9.854322e+07,3.195788e+06,4.234896e+04,1.815345e+02,1.841348e-01,-2.093618e-03,7.184187e-05,1.710709e-03,-8.693542e-04,1.093095e-03,-2.181360e-04,-6.856296e-05,7.207805e-04
Te-124,2.638817e+16,2.692635e+16,2.731809e+16,2.757911e+16,2.774863e+16,2.787381e+16,2.799379e+16,2.813333e+16,2.830677e+16,2.852501e+16,2.879995e+16,2.914626e+16,2.958235e+16,3.013126e+16,3.082188e+16,3.169025e+16,3.278132e+16,3.415090e+16,3.586800e+16,3.801757e+16,4.070342e+16,4.405126e+16,4.821167e+16,5.336214e+16,5.970766e+16,6.747821e+16,7.692127e+16,8.828664e+16,1.018003e+17,1.176241e+17,1.357982e+17,1.561702e+17,1.783165e+17,2.014798e+17,2.245576e+17,2.461865e+17,2.649568e+17,2.797457e+17,2.900659e+17,2.962507e+17,2.993137e+17,3.005087e+17,3.008547e+17,3.009239e+17,3.009326e+17,3.009332e+17,3.009332e+17,3.009332e+17,3.009332e+17,3.009332e+17,3.009332e+17,3.009332e+17,3.009332e+17,3.009332e+17,3.009332e+17,3.009332e+17,3.009332e+17,3.009332e+17,3.009332e+17,3.009332e+17
Te-125,1.192658e+16,1.592893e+16,2.100572e+16,2.742189e+16,3.552109e+16,4.574308e+16,5.864624e+16,7.493790e+16,9.551449e+16,1.215134e+17,1.543799e+17,1.959536e+17,2.485818e+17,3.152664e+17,3.998589e+17,5.073186e+17,6.440556e+17,8.183926e+17,1.041184e+18,1.326653e+18,1.693510e+18,2.166455e+18,2.778149e+18,3.571781e+18,4.604292e+18,5.950332e+18,7.706922e+18,9.998785e+18,1.298441e+19,1.686317e+19,2.188438e+19,2.835937e+19,3.667708e+19,4.732135e+19,6.088505e+19,7.807451e+19,9.969912e+19,1.266443e+20,1.598289e+20,2.001468e+20,2.483896e+20,3.051315e+20,3.705530e+20,4.441914e+20,5.246480e+20,6.093330e+20,6.943791e+20,7.748863e+20,8.456375e+20,9.022687e+20,9.425795e+20,9.673455e+20,9.799984e+20,9.851305e+20,9.866908e+20,9.870220e+20,9.870669e+20,9.870704e+20,9.870705e+20,9.870705e+20
Te-125m,3.580580e+15,4.781572e+15,6.304679e+15,8.229159e+15,1.065770e+16,1.372159e+16,1.758723e+16,2.246504e+16,2.862103e+16,3.639169e+16,4.620296e+16,5.859448e+16,7.425061e+16,9.404026e+16,1.190681e+17,1.507405e+17,1.908500e+17,2.416846e+17,3.061660e+17,3.880243e+17,4.920125e+17,6.241609e+17,7.920569e+17,1.005116e+18,1.274765e+18,1.614405e+18,2.038940e+18,2.563588e+18,3.201697e+18,3.961401e+18,4.841290e+18,5.825725e+18,6.880895e+18,7.952868e+18,8.969039e+18,9.844536e+18,1.049492e+19,1.085429e+19,1.089289e+19,1.062452e+19,1.009640e+19,9.365771e+18,8.479219e+18,7.468584e+18,6.361949e+18,5.196878e+18,4.026822e+18,2.919211e+18,1.945823e+18,1.166696e+18,6.121039e+17,2.713749e+17,9.729800e+16,2.669059e+16,5.223720e+15,6.678726e+14,4.991518e+13,1.895534e+12,3.065046e+10,1.688731e+08
Te-126,3.803388e+19,4.017495e+19,4.161789e+19,4.245269e+19,4.286006e+19,4.303497e+19,4.312032e+19,4.318940e+19,4.326911e+19,4.336847e+19,4.349317e+19,4.364954e+19,4.384535e+19,4.409009e+19,4.439530e+19,4.477480e+19,4.524495e+19,4.582471e+19,4.653547e+19,4.740045e+19,4.844340e+19,4.968631e+19,5.114586e+19,5.282828e+19,5.472276e+19,5.679407e+19,5.897621e+19,6.117015e+19,6.324998e+19,6.508109e+19,6.655011e+19,6.759880e+19,6.824548e+19,6.857748e+19,6.871311e+19,6.875492e+19,6.876427e+19,6.876611e+19,6.876698e+19,6.876796e+19,6.876919e+19,6.877075e+19,6.877271e+19,6.877519e+19,6.877831e+19,6.878224e+19,6.878720e+19,6.879346e+19,6.880135e+19,6.881130e+19,6.882384e+19,6.883966e+19,6.885961e+19,6.888477e+19,6.891650e+19,6.895650e+19,6.900694e+19,6.907055e+19,6.915076e+19,6.925191e+19
Te-127,1.239756e+19,1.643936e+19,2.177324e+19,2.880627e+19,3.804089e+19,5.006256e+19,6.549345e+19,8.489464e+19,1.086042e+20,1.365187e+20,1.678603e+20,2.010096e+20,2.335007e+20,2.622430e+20,2.839746e+20,2.958899e+20,2.963116e+20,2.851617e+20,2.639383e+20,2.351222e+20,2.013766e+20,1.650965e+20,1.284884e+20,9.381067e+19,6.333249e+19,3.893074e+19,2.154644e+19,1.083821e+19,5.322676e+18,3.019669e+18,2.228811e+18,1.942290e+18,1.754754e+18,1.561817e+18,1.349849e+18,1.123117e+18,8.906757e+17,6.648550e+17,4.598173e+17,2.888297e+17,1.606887e+17,7.671061e+16,3.019265e+16,9.316261e+15,2.114875e+15,3.260134e+14,3.084729e+13,1.577244e+12,3.711145e+10,3.281390e+08,8.444923e+05,4.583591e+02,3.495032e-02,2.243047e-07,6.350350e-14,3.512026e-22,-2.534482e-27,1.549633e-26,1.410177e-26,4.467347e-27
Te-127m,2.526852e+18,3.379155e+18,4.523154e+18,6.063660e+18,8.140418e+18,1.093571e+19,1.468062e+19,1.965823e+19,2.620230e+19,3.469216e+19,4.554744e+19,5.922841e+19,7.624489e+19,9.716735e+19,1.226232e+20,1.532603e+20,1.896687e+20,2.322598e+20,2.810996e+20,3.357003e+20,3.947888e+20,4.561065e+20,5.163381e+20,5.712983e+20,6.164888e+20,6.480138e+20,6.636071e+20,6.632718e+20,6.490363e+20,6.238037e+20,5.899867e+20,5.488451e+20,5.007866e+20,4.461029e+20,3.855726e+20,3.208089e+20,2.544139e+20,1.899102e+20,1.313429e+20,8.250176e+19,4.589935e+19,2.191173e+19,8.624273e+18,2.661111e+18,6.040959e+17,9.312295e+16,8.811265e+15,4.505263e+14,1.060057e+13,9.373013e+10,2.412220e+08,1.309264e+05,9.983261e+00,6.407074e-05,1.813924e-11,1.003096e-19,-6.591131e-27,-2.045776e-26,-1.212243e-26,2.954815e-26
Te-128,3.945736e+21,4.868284e+21,5.830412e+21,6.775156e+21,7.641001e+21,8.372531e+21,8.933772e+21,9.319620e+21,9.557676e+21,9.696111e+21,9.783067e+21,9.850647e+21,9.912198e+21,9.969278e+21,1.001917e+22,1.005893e+22,1.008708e+22,1.010426e+22,1.011297e+22,1.011646e+22,1.011751e+22,1.011773e+22,1.011776e+22,1.011776e+22,1.011776e+22,1.011776e+22,1.011776e+22,1.011776e+22,1.011776e+22,1.011776e+22,1.011776e+22,1.011776e+22,1.011776e+22,1.011776e+22,1.011776e+22,1.011776e+22,1.011776e+22,1.011776e+22,1.011776e+22,1.011776e+22,1.011776e+22,1.011776e+22,1.011776e+22,1.011776e+22,1.011776e+22,1.011776e+22,1.011776e+22,1.011776e+22,1.011776e+22,1.011776e+22,1.011776e+22,1.011776e+22,1.011776e+22,1.011776e+22,1.011776e+22,1.011776e+22,1.011776e+22,1.011776e+22,1.011776e+22,1.011776e+22
Te-129,1.347806e+21,1.579754e+21,1.801351e+21,1.989914e+21,2.118563e+21,2.160411e+21,2.095418e+21,1.918338e+21,1.644367e+21,1.308552e+21,9.574585e+20,6.362922e+20,3.775837e+20,1.954802e+20,8.586142e+19,3.135019e+19,9.971398e+18,3.726932e+18,2.448113e+18,2.256147e+18,2.203858e+18,2.152929e+18,2.090852e+18,2.015123e+18,1.923524e+18,1.813927e+18,1.684580e+18,1.534536e+18,1.364228e+18,1.176145e+18,9.754779e+17,7.704902e+17,5.722347e+17,3.932403e+17,2.450281e+17,1.349420e+17,6.359948e+16,2.463107e+16,7.446911e+15,1.647640e+15,2.458916e+14,2.233488e+13,1.084657e+12,2.391601e+10,1.948325e+08,4.522049e+05,2.154619e+02,1.394033e-02,7.272695e-08,1.585644e-14,6.330894e-23,1.975256e-25,1.291301e-25,5.006829e-26,-1.899141e-26,-6.904596e-26,-9.919492e-26,-1.127984e-25,-1.144534e-25,-1.082753e-25
Te-129m,5.510993e+20,6.529232e+20,7.645305e+20,8.889933e+20,1.029680e+21,1.188808e+21,1.366218e+21,1.558665e+21,1.759564e+21,1.959124e+21,2.145168e+21,2.305013e+21,2.428386e+21,2.510484e+21,2.553627e+21,2.566059e+21,2.558078e+21,2.537806e+21,2.509236e+21,2.472973e+21,2.427899e+21,2.372222e+21,2.303828e+21,2.220385e+21,2.119456e+21,1.998696e+21,1.856173e+21,1.690845e+21,1.503190e+21,1.295948e+21,1.074841e+21,8.489731e+20,6.305231e+20,4.332962e+20,2.699869e+20,1.486873e+20,7.007778e+19,2.714001e+19,8.205461e+18,1.815470e+18,2.709384e+17,2.460993e+16,1.195142e+15,2.635212e+13,2.146784e+11,4.982669e+08,2.374091e+05,1.536031e+01,8.013499e-05,1.747160e-11,6.950143e-20,-3.736479e-26,-6.195959e-26,3.512271e-26,9.410381e-26,9.811319e-26,1.111790e-25,7.272816e-26,-1.978296e-26,6.630219e-26
Te-130,4.522467e+22,4.706727e+22,4.872711e+22,5.013690e+22,5.122563e+22,5.196736e+22,5.239874e+22,5.260450e+22,5.268109e+22,5.270201e+22,5.270590e+22,5.270635e+22,5.270637e+22,5.270638e+22,5.270638e+22,5.270638e+22,5.270638e+22,5.270638e+22,5.270638e+22,5.270638e+22,5.270638e+22,5.270638e+22,5.270638e+22,5.270638e+22,5.270638e+22,5.270638e+22,5.270638e+22,5.270638e+22,5.270638e+22,5.270638e+22,5.270638e+22,5.270638e+22,5.270638e+22,5.270638e+22,5.270638e+22,5.270638e+22,5.270638e+22,5.270638e+22,5.270638e+22,5.270638e+22,5.270638e+22,5.270638e+22,5.270638e+22,5.270638e+22,5.270638e+22,5.270638e+22,5.270638e+22,5.270638e+22,5.270638e+22,5.270638e+22,5.270638e+22,5.270638e+22,5.270638e+22,5.270638e+22,5.270638e+22,5.270638e+22,5.270638e+22,5.270638e+22,5.270638e+22,5.270638e+22
Te-131,2.278872e+22,1.823923e+22,1.298686e+22,7.981216e+21,4.079239e+21,1.661189e+21,5.205047e+20,1.337426e+20,4.572360e+19,3.267230e+19,3.042704e+19,2.876042e+19,2.682167e+19,2.456250e+19,2.198288e+19,1.911252e+19,1.602099e+19,1.282503e+19,9.687331e+18,6.800518e+18,4.352808e+18,2.479799e+18,1.219776e+18,4.985522e+17,1.613292e+17,3.888760e+16,6.465743e+15,6.730277e+14,3.881173e+13,1.062817e+12,1.137872e+10,3.727382e+07,2.742430e+04,3.068950e+00,3.195039e-05,1.664856e-11,1.987014e-19,-5.263333e-24,-6.183706e-24,-2.808308e-24,1.126437e-24,3.484846e-24,3.977558e-24,3.220029e-24,1.950911e-24,6.891364e-25,-3.127489e-25,-9.797484e-25,-1.350819e-24,-1.490480e-24,-1.477855e-24,-1.373131e-24,-1.219228e-24,-1.049307e-24,-8.829487e-25,-7.290578e-25,-5.916888e-25,-4.726869e-25,-3.721664e-25,-2.888352e-25
Te-131m,1.041823e+22,1.064971e+22,1.079103e+22,1.083700e+22,1.079540e+22,1.068144e+22,1.050905e+22,1.028434e+22,1.000488e+22,9.662783e+21,9.247962e+21,8.750151e+21,8.160416e+21,7.473070e+21,6.688227e+21,5.814929e+21,4.874341e+21,3.901980e+21,2.947342e+21,2.069038e+21,1.324329e+21,7.544717e+20,3.711133e+20,1.516831e+20,4.908394e+19,1.183144e+19,1.967184e+18,2.047667e+17,1.180836e+16,3.233591e+14,3.461944e+12,1.134045e+10,8.343764e+06,9.337192e+02,9.720815e-03,5.065276e-09,6.045406e-17,-3.380291e-26,2.206167e-25,-3.524702e-25,-1.150115e-25,7.981447e-26,7.069370e-26,-1.280872e-25,-6.683439e-26,3.641615e-25,-1.355911e-25,3.384670e-25,-1.815456e-25,2.454622e-25,6.846398e-26,-2.415314e-25,7.983986e-26,2.213618e-25,-5.936517e-26,-2.991778e-25,-2.475396e-25,-3.223071e-26,1.389025e-25,1.710276e-25
Te-132,1.235632e+23,1.232737e+23,1.229086e+23,1.224495e+23,1.218731e+23,1.211502e+23,1.202446e+23,1.191122e+23,1.176995e+23,1.159419e+23,1.137628e+23,1.110732e+23,1.077721e+23,1.037487e+23,9.888858e+22,9.308303e+22,8.624545e+22,7.833444e+22,6.938453e+22,5.954137e+22,4.909431e+22,3.849217e+22,2.832262e+22,1.923602e+22,1.180971e+22,6.383474e+21,2.938545e+21,1.104740e+21,3.217242e+20,6.789743e+19,9.546917e+18,8.044108e+17,3.553413e+16,6.952830e+14,4.872050e+12,9.351593e+09,3.506599e+06,1.677250e+02,5.978387e-04,-2.196961e-02,2.725236e+04,-6.949904e+04,-5.764209e+04,4.266148e+04,1.184375e+05,3.867033e+04,6.166665e+04,-7.852017e+04,8.950328e+04,4.202050e+04,2.814563e+04,3.318987e+04,2.422592e+04,-3.884549e+04,7.105984e+03,3.070019e+03,1.040653e+04,-7.262464e+03,-7.187787e+03,3.823932e+03
Te-133,5.866166e+21,3.367770e+21,1.953223e+21,1.186336e+21,7.371415e+20,4.379818e+20,2.332925e+20,1.060275e+20,3.925192e+19,1.121184e+19,2.309111e+18,3.148371e+17,2.551774e+16,1.073374e+15,1.974507e+13,1.279979e+11,2.227133e+08,7.378847e+04,3.019322e+00,8.839130e-06,9.300360e-13,1.473093e-21,1.469055e-24,1.853347e-24,-3.794802e-24,1.990834e-24,-7.284001e-25,2.555105e-24,1.030106e-24,-3.550854e-24,-1.311111e-24,1.065106e-24,-1.895724e-25,-1.621738e-24,-5.742323e-25,1.519591e-24,3.326900e-24,3.864531e-24,2.967008e-24,1.336535e-24,-2.523696e-25,-1.423150e-24,-2.134296e-24,-2.477062e-24,-2.555672e-24,-2.453264e-24,-2.232835e-24,-1.943179e-24,-1.622046e-24,-1.297346e-24,-9.880956e-25,-7.057726e-25,-4.559966e-25,-2.402226e-25,-5.721654e-26,9.579520e-26,2.223067e-25,3.259938e-25,4.103896e-25,4.787104e-25
Te-133m,4.684384e+22,3.850792e+22,3.007692e+22,2.202439e+22,1.486788e+22,9.058337e+21,4.849243e+21,2.205274e+21,8.164387e+20,2.332062e+20,4.802952e+19,6.548611e+18,5.307689e+17,2.232617e+16,4.106974e+14,2.662356e+12,4.632437e+09,1.534800e+06,6.280189e+01,1.838539e-04,1.934475e-11,3.070433e-20,2.053896e-24,-7.917679e-25,1.752313e-24,-1.472652e-25,-2.718310e-25,1.145920e-24,2.197974e-24,-1.493245e-24,-3.803282e-25,3.310546e-25,-1.952807e-25,-9.300863e-25,2.358955e-24,-1.272235e-24,-9.080799e-25,2.218002e-24,1.568679e-24,-1.162193e-24,-2.088048e-24,-7.332608e-25,1.154923e-24,2.131007e-24,1.883850e-24,8.389868e-25,-4.235713e-25,-1.488351e-24,-2.168678e-24,-2.448641e-24,-2.401916e-24,-2.130158e-24,-1.728330e-24,-1.270567e-24,-8.080063e-25,-3.720908e-25,2.048757e-26,3.630916e-25,6.553832e-25,9.006064e-25
Te-134,7.477337e+22,5.767077e+22,4.156451e+22,2.750188e+22,1.633743e+22,8.471603e+21,3.700811e+21,1.302399e+21,3.489796e+20,6.630734e+19,8.166917e+18,5.823002e+17,2.083807e+16,3.126387e+14,1.567320e+12,1.972120e+09,4.341734e+05,1.061049e+01,1.621646e-05,7.517667e-13,4.228428e-22,-4.481366e-24,4.609883e-24,-2.317690e-24,-4.472136e-24,-4.499099e-24,-2.911234e-24,3.251982e-24,1.007273e-24,-3.427665e-24,3.386323e-24,-3.012456e-24,-7.864440e-26,3.042974e-24,-4.569810e-24,-1.290948e-24,4.070371e-24,1.166633e-24,-3.992581e-24,-4.605359e-24,-1.163273e-24,2.557187e-24,4.083386e-24,3.209297e-24,9.567384e-25,-1.529836e-24,-3.504069e-24,-4.672634e-24,-5.054219e-24,-4.818659e-24,-4.173405e-24,-3.303345e-24,-2.348603e-24,-1.403401e-24,-5.240046e-25,2.611199e-25,9.420972e-25,1.520464e-24,2.004070e-24,2.403696e-24
Te-135,-1.998424e-24,1.836351e-24,-1.787305e-24,-2.027800e-24,-2.171257e-24,-1.867333e-24,1.208893e-24,1.039901e-24,-1.775794e-24,1.896941e-24,-1.629288e-24,3.085943e-25,1.405828e-24,-2.090460e-24,-1.966302e-25,2.248640e-24,7.038923e-25,-1.703981e-24,-1.866592e-24,-1.713503e-25,1.564287e-24,2.215226e-24,1.730951e-24,6.171754e-25,-5.826531e-25,-1.522314e-24,-2.071012e-24,-2.243510e-24,-2.123603e-24,-1.811025e-24,-1.393724e-24,-9.379188e-25,-4.879022e-25,-6.997470e-26,3.026749e-25,6.255914e-25,8.996602e-25,1.128704e-24,1.317897e-24,1.472782e-24,1.598711e-24,1.700551e-24,1.782567e-24,1.848402e-24,1.901114e-24,1.943234e-24,1.976836e-24,2.003609e-24,2.024921e-24,2.041871e-24,2.055345e-24,2.066049e-24,2.074551e-24,2.081300e-24,2.086658e-24,2.090909e-24,2.094283e-24,2.096959e-24,2.099082e-24,2.100766e-24
Te-136,6.693679e-25,-7.791592e-25,4.680645e-25,7.872978e-25,5.462936e-25,-4.213237e-25,-7.919736e-25,8.782479e-25,-7.443998e-25,8.127464e-25,-8.608452e-25,8.242245e-25,4.003915e-26,-8.203925e-25,4.471610e-25,8.661962e-25,-1.429638e-25,-8.955293e-25,-6.165041e-25,1.805044e-25,7.742216e-25,8.643841e-25,5.419055e-25,4.264681e-26,-4.301464e-25,-7.657387e-25,-9.350093e-25,-9.576475e-25,-8.730099e-25,-7.219162e-25,-5.381142e-25,-3.459103e-25,-1.609138e-25,8.069803e-27,1.570272e-25,2.850427e-25,3.930316e-25,4.828658e-25,5.568103e-25,6.171832e-25,6.661666e-25,7.057155e-25,7.375254e-25,7.630343e-25,7.834423e-25,7.997392e-25,8.127343e-25,8.230845e-25,8.313207e-25,8.378699e-25,8.430748e-25,8.472093e-25,8.504925e-25,8.530989e-25,8.551676e-25,8.568091e-25,8.581116e-25,8.591449e-25,8.599645e-25,8.606147e-25
Te-137,8.517176e-26,-3.568237e-26,-9.965984e-26,2.425069e-25,-1.869796e-25,-1.256608e-25,2.294784e-25,1.461348e-25,-1.597464e-25,-2.501062e-25,-8.289896e-26,1.385944e-25,2.518472e-25,2.245987e-25,1.070766e-25,-3.431799e-26,-1.526118e-25,-2.270109e-25,-2.560422e-25,-2.482676e-25,-2.153079e-25,-1.679492e-25,-1.145740e-25,-6.093845e-26,-1.056181e-26,3.470671e-26,7.415238e-26,1.077685e-25,1.359485e-25,1.592801e-25,1.784154e-25,1.939948e-25,2.066078e-25,2.167741e-25,2.249403e-25,2.314820e-25,2.367113e-25,2.408845e-25,2.442105e-25,2.468585e-25,2.489650e-25,2.506396e-25,2.519701e-25,2.530269e-25,2.538660e-25,2.545321e-25,2.550607e-25,2.554801e-25,2.558129e-25,2.560769e-25,2.562863e-25,2.564524e-25,2.565841e-25,2.566886e-25,2.567715e-25,2.568372e-25,2.568893e-25,2.569307e-25,2.569634e-25,2.569894e-25
Te-138,2.956666e-26,9.183104e-27,-4.293060e-26,1.249193e-26,4.209660e-26,-1.265028e-27,-4.093162e-26,-3.215197e-26,5.130251e-27,3.572052e-26,4.290624e-26,2.951015e-26,6.460364e-27,-1.622751e-26,-3.281670e-26,-4.157188e-26,-4.324201e-26,-3.963454e-26,-3.269632e-26,-2.406729e-26,-1.494420e-26,-6.104994e-27,2.004560e-27,9.175058e-27,1.535124e-26,2.056989e-26,2.491666e-26,2.849802e-26,3.142423e-26,3.379977e-26,3.571863e-26,3.726255e-26,3.850098e-26,3.949199e-26,4.028350e-26,4.091473e-26,4.141754e-26,4.181768e-26,4.213589e-26,4.238879e-26,4.258970e-26,4.274924e-26,4.287589e-26,4.297642e-26,4.305620e-26,4.311949e-26,4.316971e-26,4.320954e-26,4.324114e-26,4.326620e-26,4.328608e-26,4.330184e-26,4.331435e-26,4.332426e-26,4.333213e-26,4.333837e-26,4.334331e-26,4.334723e-26,4.335034e-26,4.335281e-26
Te-139,-4.144172e-27,-3.195026e-27,5.699340e-28,3.620959e-27,4.309388e-27,2.939582e-27,6.148812e-28,-1.661879e-27,-3.319949e-27,-4.189458e-27,-4.348208e-27,-3.978802e-27,-3.276920e-27,-2.406983e-27,-1.488763e-27,-5.999919e-28,2.148867e-28,9.350813e-28,1.555207e-27,2.079064e-27,2.515320e-27,2.874709e-27,3.168321e-27,3.406661e-27,3.599169e-27,3.754054e-27,3.878287e-27,3.977697e-27,4.057093e-27,4.120410e-27,4.170845e-27,4.210982e-27,4.242899e-27,4.268266e-27,4.288417e-27,4.304420e-27,4.317123e-27,4.327206e-27,4.335208e-27,4.341556e-27,4.346593e-27,4.350589e-27,4.353758e-27,4.356272e-27,4.358265e-27,4.359847e-27,4.361101e-27,4.362095e-27,4.362884e-27,4.363510e-27,4.364006e-27,4.364399e-27,4.364711e-27,4.364958e-27,4.365155e-27,4.365310e-27,4.365434e-27,4.365531e-27,4.365609e-27,4.365671e-27
Te-140,-1.056739e-26,-2.895899e-27,6.493591e-27,1.095260e-26,9.426622e-27,4.206880e-27,-1.870195e-27,-6.857277e-27,-9.926771e-27,-1.105644e-26,-1.063208e-26,-9.156016e-27,-7.087372e-27,-4.779638e-27,-2.473701e-27,-3.155831e-28,1.619000e-27,3.301826e-27,4.734130e-27,5.933677e-27,6.926123e-27,7.739618e-27,8.401664e-27,8.937469e-27,9.369229e-27,9.715970e-27,9.993693e-27,1.021567e-26,1.039280e-26,1.053396e-26,1.064634e-26,1.073573e-26,1.080679e-26,1.086325e-26,1.090809e-26,1.094370e-26,1.097196e-26,1.099438e-26,1.101218e-26,1.102630e-26,1.103750e-26,1.104639e-26,1.105343e-26,1.105902e-26,1.106346e-26,1.106697e-26,1.106976e-26,1.107197e-26,1.107373e-26,1.107512e-26,1.107622e-26,1.107710e-26,1.107779e-26,1.107834e-26,1.107878e-26,1.107912e-26,1.107940e-26,1.107961e-26,1.107979e-26,1.107992e-26
Te-141,4.714291e-30,1.853043e-29,2.065095e-29,1.323723e-29,1.759180e-30,-9.091228e-30,-1.676668e-29,-2.060383e-29,-2.106288e-29,-1.905485e-29,-1.552236e-29,-1.124360e-29,-6.778370e-30,-2.485623e-30,1.432609e-30,4.884728e-30,7.850441e-30,1.035154e-29,1.243175e-29,1.414376e-29,1.554139e-29,1.667526e-29,1.759067e-29,1.832692e-29,1.891730e-29,1.938962e-29,1.976677e-29,2.006751e-29,2.030704e-29,2.049764e-29,2.064919e-29,2.076964e-29,2.086532e-29,2.094130e-29,2.100161e-29,2.104948e-29,2.108747e-29,2.111761e-29,2.114152e-29,2.116049e-29,2.117553e-29,2.118747e-29,2.119693e-29,2.120444e-29,2.121039e-29,2.121511e-29,2.121886e-29,2.122183e-29,2.122418e-29,2.122605e-29,2.122753e-29,2.122871e-29,2.122964e-29,2.123038e-29,2.123096e-29,2.123143e-29,2.123180e-29,2.123209e-29,2.123232e-29,2.123250e-29
Te-142,6.030865e-31,1.295903e-30,1.236934e-30,6.573245e-31,-8.917782e-32,-7.373942e-31,-1.161323e-30,-1.343048e-30,-1.323394e-30,-1.163059e-30,-9.201582e-31,-6.406875e-31,-3.566968e-31,-8.808826e-32,1.544301e-31,3.664656e-31,5.476103e-31,6.997421e-31,8.258753e-31,9.294332e-31,1.013818e-30,1.082178e-30,1.137306e-30,1.181605e-30,1.217103e-30,1.245486e-30,1.268141e-30,1.286200e-30,1.300579e-30,1.312019e-30,1.321114e-30,1.328341e-30,1.334081e-30,1.338639e-30,1.342257e-30,1.345128e-30,1.347407e-30,1.349214e-30,1.350648e-30,1.351786e-30,1.352688e-30,1.353404e-30,1.353972e-30,1.354422e-30,1.354779e-30,1.355062e-30,1.355287e-30,1.355465e-30,1.355606e-30,1.355718e-30,1.355807e-30,1.355877e-30,1.355933e-30,1.355977e-30,1.356013e-30,1.356040e-30,1.356063e-30,1.356080e-30,1.356094e-30,1.356105e-30
I-126,4.921381e+12,4.918512e+12,4.914897e+12,4.910342e+12,4.904605e+12,4.897379e+12,4.888282e+12,4.876835e+12,4.862437e+12,4.844342e+12,4.821620e+12,4.793119e+12,4.757418e+12,4.712776e+12,4.657079e+12,4.587780e+12,4.501861e+12,4.395804e+12,4.265618e+12,4.106931e+12,3.915211e+12,3.686153e+12,3.416310e+12,3.104010e+12,2.750560e+12,2.361644e+12,1.948615e+12,1.529130e+12,1.126370e+12,7.660601e+11,4.711327e+11,2.552202e+11,1.178130e+11,4.444655e+10,1.300093e+10,2.759029e+09,3.906680e+08,3.320920e+07,1.483418e+06,2.943602e+04,2.099526e+02,4.120926e-01,1.589378e-04,7.877046e-09,2.936301e-14,4.190054e-21,9.766513e-30,1.084635e-34,-1.005651e-34,1.082812e-34,5.649664e-35,2.931944e-35,8.392340e-35,9.246265e-35,-9.019208e-35,2.780330e-35,-1.709688e-36,1.915873e-35,-6.954852e-35,1.108879e-34
I-127,4.064767e+17,6.852010e+17,1.150953e+18,1.928404e+18,3.224303e+18,5.378675e+18,8.943326e+18,1.479652e+19,2.429963e+19,3.949157e+19,6.329802e+19,9.970450e+19,1.538139e+20,2.316908e+20,3.399050e+20,4.847418e+20,6.711665e+20,9.017840e+20,1.176081e+21,1.490034e+21,1.835825e+21,2.201360e+21,2.569892e+21,2.920738e+21,3.232072e+21,3.485817e+21,3.673200e+21,3.798192e+21,3.876111e+21,3.927216e+21,3.968981e+21,4.011925e+21,4.060377e+21,4.115269e+21,4.176012e+21,4.241003e+21,4.307630e+21,4.372360e+21,4.431132e+21,4.480144e+21,4.516875e+21,4.540946e+21,4.554280e+21,4.560264e+21,4.562328e+21,4.562841e+21,4.562926e+21,4.562934e+21,4.562935e+21,4.562935e+21,4.562935e+21,4.562935e+21,4.562935e+21,4.562935e+21,4.562935e+21,4.562935e+21,4.562935e+21,4.562935e+21,4.562935e+21,4.562935e+21
I-128,5.713231e+15,3.700151e+15,2.139491e+15,1.072260e+15,4.487227e+14,1.495900e+14,3.743656e+13,6.526073e+12,7.210726e+11,4.483175e+10,1.349856e+09,1.628863e+07,6.204700e+04,5.521823e+01,7.854812e-03,1.106676e-07,8.445351e-14,1.630756e-21,8.526965e-31,2.886412e-31,-2.623004e-31,-5.416010e-31,-1.252213e-31,-2.504108e-31,-6.647948e-31,-1.047801e-31,6.045723e-31,-6.810468e-31,6.813526e-31,-6.415009e-31,3.650590e-31,2.514011e-31,-6.813551e-31,1.103751e-31,6.755590e-31,4.942839e-32,-6.201018e-31,-5.405748e-31,3.137269e-32,5.347676e-31,6.783566e-31,4.880615e-31,1.317359e-31,-2.292008e-31,-4.989839e-31,-6.461512e-31,-6.802649e-31,-6.290257e-31,-5.231720e-31,-3.889670e-31,-2.457656e-31,-1.062645e-31,2.217734e-32,1.360275e-31,2.342659e-31,3.173837e-31,3.866840e-31,4.438250e-31,4.905404e-31,5.284819e-31
I-129,4.194053e+20,6.484800e+20,9.822519e+20,1.454395e+21,2.099777e+21,2.947435e+21,4.010199e+21,5.272933e+21,6.683792e+21,8.154177e+21,9.571103e+21,1.082050e+22,1.181475e+22,1.251557e+22,1.294319e+22,1.316480e+22,1.326453e+22,1.331155e+22,1.334552e+22,1.338250e+22,1.342766e+22,1.348339e+22,1.355185e+22,1.363537e+22,1.373639e+22,1.385726e+22,1.399991e+22,1.416539e+22,1.435321e+22,1.456064e+22,1.478195e+22,1.500802e+22,1.522667e+22,1.542408e+22,1.558754e+22,1.570895e+22,1.578763e+22,1.583060e+22,1.584955e+22,1.585595e+22,1.585750e+22,1.585774e+22,1.585777e+22,1.585777e+22,1.585777e+22,1.585777e+22,1.585776e+22,1.585776e+22,1.585776e+22,1.585776e+22,1.585776e+22,1.585776e+22,1.585775e+22,1.585775e+22,1.585775e+22,1.585774e+22,1.585773e+22,1.585772e+22,1.585771e+22,1.585770e+22
I-130,5.790195e+18,5.716353e+18,5.615150e+18,5.486722e+18,5.328120e+18,5.134506e+18,4.900339e+18,4.620210e+18,4.289675e+18,3.906358e+18,3.471428e+18,2.991321e+18,2.479382e+18,1.956793e+18,1.451820e+18,9.964205e+17,6.198720e+17,3.406846e+17,1.601579e+17,6.182688e+16,1.861676e+16,4.097915e+15,6.076255e+14,5.474369e+13,2.631340e+12,5.727184e+10,4.589990e+08,1.043589e+06,4.844747e+02,3.033416e-02,1.518430e-07,3.142376e-14,1.170472e-22,4.616488e-29,-1.364294e-28,3.002361e-29,9.829205e-29,9.070412e-29,1.393781e-28,8.650426e-29,-1.039137e-28,1.178353e-28,-1.057308e-29,9.370693e-29,-8.617504e-29,1.548327e-28,-4.364422e-29,-1.048036e-28,9.242202e-29,9.841046e-29,-7.014838e-29,-1.578222e-28,-9.335275e-29,2.662562e-29,1.016745e-28,1.000187e-28,4.245911e-29,-3.485817e-29,-1.036903e-28,-1.500147e-28
I-130m,1.749413e+16,5.123400e+15,1.088950e+15,1.544905e+14,1.316480e+13,5.898731e+11,1.175068e+10,8.422380e+07,1.663390e+05,6.465662e+01,3.236084e-03,1.221356e-08,1.770323e-15,4.208585e-24,4.198784e-29,-4.012007e-29,4.204012e-29,2.325405e-29,1.258119e-29,3.352238e-29,3.573216e-29,-3.577611e-29,1.154122e-29,-1.262127e-30,8.021133e-30,-2.760731e-29,4.347844e-29,-2.422358e-29,-2.847745e-29,3.484353e-29,3.014913e-29,-2.204710e-29,-4.337654e-29,-1.857485e-29,1.976654e-29,4.179960e-29,3.966435e-29,2.089799e-29,-3.123473e-30,-2.391512e-29,-3.746847e-29,-4.323599e-29,-4.254378e-29,-3.734687e-29,-2.951188e-29,-2.051383e-29,-1.137923e-29,-2.744684e-30,5.047969e-30,1.185915e-29,1.767679e-29,2.256187e-29,2.661163e-29,2.993624e-29,3.264512e-29,3.483949e-29,3.660901e-29,3.803089e-29,3.917025e-29,4.008124e-29
I-131,3.800941e+22,4.692192e+22,5.542077e+22,6.253207e+22,6.757972e+22,7.049033e+22,7.177406e+22,7.215823e+22,7.218902e+22,7.211144e+22,7.198278e+22,7.179553e+22,7.152398e+22,7.113007e+22,7.056034e+22,6.974181e+22,6.857853e+22,6.695069e+22,6.471894e+22,6.173743e+22,5.787768e+22,5.306273e+22,4.730501e+22,4.073640e+22,3.361871e+22,2.632948e+22,1.932460e+22,1.307763e+22,7.991564e+21,4.294299e+21,1.962193e+21,7.308051e+20,2.103271e+20,4.373165e+19,6.034596e+18,4.965650e+17,2.128982e+16,4.011712e+14,2.680722e+12,4.846331e+09,1.685043e+06,7.327527e+01,2.316227e-04,2.684684e-11,4.814239e-20,2.393003e-24,1.097341e-24,4.004656e-24,3.070499e-24,1.927495e-24,2.942693e-24,3.686845e-24,-2.880059e-25,4.698480e-25,6.276710e-25,2.785415e-25,-1.107391e-24,1.273897e-24,-2.311924e-24,-2.367646e-24
I-132,1.193688e+21,1.398678e+21,1.631461e+21,1.888710e+21,2.163384e+21,2.444094e+21,2.715223e+21,2.958245e+21,3.154511e+21,3.289104e+21,3.354553e+21,3.352536e+21,3.292166e+21,3.185207e+21,3.040879e+21,2.863404e+21,2.653213e+21,2.409854e+21,2.134522e+21,1.831711e+21,1.510321e+21,1.184160e+21,8.713076e+20,5.917704e+20,3.633099e+20,1.963790e+20,9.040042e+19,3.398586e+19,9.897414e+18,2.088774e+18,2.936981e+17,2.474662e+16,1.093160e+15,2.138945e+13,1.498820e+11,2.877461e+08,1.391149e+05,-4.152522e+04,-2.741532e+03,1.264950e+03,4.216168e+02,-1.488324e+03,-1.498985e+03,1.133036e+03,3.333715e+03,1.094659e+03,1.794560e+03,-2.308514e+03,2.633867e+03,1.241631e+03,8.327497e+02,9.851542e+02,7.197780e+02,-1.155259e+03,2.118131e+02,9.153758e+01,3.100664e+02,-2.164423e+02,-2.143069e+02,1.140137e+02
I-132m,1.607360e+20,1.410783e+20,1.196792e+20,9.725886e+19,7.487269e+19,5.383481e+19,3.551467e+19,2.101821e+19,1.084721e+19,4.710338e+18,1.645220e+18,4.366664e+17,8.197906e+16,9.945615e+15,6.957260e+14,2.430550e+13,3.537688e+11,1.706971e+09,2.046720e+06,4.240118e+02,9.597232e-03,1.331585e-08,5.464311e-16,-7.764106e-03,-7.854578e-01,-1.613548e+04,-9.580862e+04,-4.332500e+04,-6.173344e+04,-6.621117e+04,-4.416276e+04,5.817769e+04,-4.949085e+04,-1.152864e+04,-8.122006e+04,1.552622e+03,1.851223e+04,-3.535318e+04,-2.656699e+03,-6.582978e+02,-5.391283e-17,3.216206e-17,-4.441492e-17,2.303910e-18,-1.918690e-17,-7.114225e-18,4.757599e-27,1.780644e-27,-1.464075e-27,-4.018076e-27,-5.512935e-27,-5.982115e-27,-5.651398e-27,-4.792441e-27,-3.645830e-27,-2.393153e-27,-1.156087e-27,-6.982994e-30,1.017814e-27,1.905976e-27
I-133,1.388447e+23,1.484292e+23,1.566010e+23,1.632070e+23,1.679220e+23,1.703066e+23,1.699955e+23,1.668699e+23,1.610886e+23,1.529643e+23,1.427885e+23,1.307421e+23,1.169488e+23,1.016042e+23,8.509036e+22,6.803641e+22,5.131523e+22,3.595641e+22,2.296069e+22,1.304209e+22,6.391321e+21,2.600030e+21,8.363814e+20,2.001031e+20,3.295826e+19,3.390101e+18,1.925875e+17,5.174977e+15,5.409831e+13,1.719611e+11,1.218114e+08,1.299476e+04,1.273673e-01,6.150688e-08,6.669422e-16,-1.387256e-24,3.541648e-24,-9.311000e-24,-2.947355e-24,3.692315e-24,4.751438e-24,-3.950886e-25,-2.222147e-24,4.431773e-24,-4.099603e-24,4.970396e-24,-2.782426e-24,5.931806e-24,3.137321e-24,-1.799853e-24,3.850957e-24,5.802698e-24,3.295642e-25,-4.299806e-24,-3.811566e-24,-5.076636e-25,2.007303e-24,2.131110e-24,2.380777e-25,-2.524667e-24
I-133m,1.270252e+19,1.044209e+19,8.155882e+18,5.972297e+18,4.031686e+18,2.456326e+18,1.314957e+18,5.979985e+17,2.213916e+17,6.323792e+16,1.302404e+16,1.775770e+15,1.439273e+14,6.054132e+12,1.113678e+11,7.219442e+08,1.256166e+06,4.161878e+02,1.702983e-02,4.985520e-08,5.245666e-15,8.335254e-24,-3.956248e-26,-5.135746e-26,-5.290732e-26,-4.908598e-26,-4.062088e-26,-2.961626e-26,-1.807745e-26,-8.158274e-27,2.174385e-27,1.124505e-26,1.875431e-26,2.502359e-26,3.130465e-26,3.476066e-26,3.848775e-26,4.228081e-26,4.448366e-26,4.565702e-26,4.694101e-26,4.853662e-26,5.002954e-26,5.107644e-26,5.163246e-26,5.184492e-26,5.189682e-26,5.192142e-26,5.198584e-26,5.210757e-26,5.227715e-26,5.247538e-26,5.268317e-26,5.288571e-26,5.307335e-26,5.324091e-26,5.338650e-26,5.351046e-26,5.361434e-26,5.370037e-26
I-134,9.403909e+22,9.185377e+22,8.484764e+22,7.292075e+22,5.714567e+22,3.982941e+22,2.393741e+22,1.193802e+22,4.710834e+21,1.386656e+21,2.830493e+20,3.660726e+19,2.681845e+18,9.677181e+16,1.442525e+15,7.107398e+12,8.715889e+09,1.855380e+06,4.344861e+01,6.292407e-05,2.725591e-12,1.431660e-21,-4.560384e-23,3.447926e-23,7.938515e-24,-7.763212e-25,-8.806192e-24,-3.227181e-23,1.010607e-23,2.322649e-23,-3.514813e-23,3.209998e-23,-1.601444e-23,-1.463216e-23,3.707474e-23,-1.688355e-23,-2.564719e-23,1.508759e-23,2.520357e-23,2.433596e-24,-1.710594e-23,-1.789006e-23,-6.819868e-24,4.878608e-24,1.131969e-23,1.208249e-23,9.243982e-24,5.079276e-24,1.121512e-24,-1.910179e-24,-3.860518e-24,-4.866845e-24,-5.169265e-24,-5.006917e-24,-4.574583e-24,-4.013192e-24,-3.415802e-24,-2.838583e-24,-2.311725e-24,-1.848373e-24
I-134m,7.812056e+16,3.575770e+15,7.317305e+13,5.425605e+11,1.118347e+09,4.587872e+05,2.457799e+01,1.010660e-04,8.125913e-02,-1.255939e+03,3.040481e+02,-8.847050e+01,3.133079e+00,-2.309216e-01,6.904376e-03,5.234722e-05,8.591342e-08,4.136124e-12,5.587105e-15,2.260169e-19,4.573014e-25,-1.642086e-25,2.385692e-25,-1.207132e-25,-1.648528e-25,1.837600e-25,1.717665e-25,-1.130248e-25,-2.379182e-25,-1.077297e-25,1.026303e-25,2.269715e-25,2.188746e-25,1.180347e-25,-1.326477e-26,-1.279214e-25,-2.033302e-25,-2.360620e-25,-2.331766e-25,-2.053333e-25,-1.627869e-25,-1.136765e-25,-6.368576e-26,-1.635202e-26,2.641501e-26,6.382564e-26,9.579797e-26,1.226570e-25,1.449306e-25,1.632206e-25,1.781262e-25,1.902024e-25,1.999418e-25,2.077686e-25,2.140406e-25,2.190558e-25,2.230590e-25,2.262500e-25,2.287909e-25,2.308124e-25
I-135,1.640588e+23,1.596024e+23,1.541550e+23,1.475498e+23,1.396224e+23,1.302301e+23,1.192815e+23,1.067774e+23,9.286066e+22,7.786699e+22,6.236083e+22,4.712987e+22,3.310817e+22,2.121009e+22,1.209674e+22,5.958481e+21,2.439651e+21,7.912071e+20,1.912490e+20,3.191048e+19,3.336362e+18,1.934779e+17,5.335668e+15,5.763479e+13,1.909255e+11,1.424739e+08,1.623051e+04,1.728153e-01,9.263917e-08,1.145890e-15,2.894727e-25,4.985309e-24,-3.564515e-24,-4.954179e-25,1.621923e-24,2.177820e-25,-4.001063e-24,-3.587738e-24,2.703321e-24,-5.456677e-24,2.231731e-24,-5.896536e-24,1.118919e-24,-1.288284e-24,-6.028175e-24,-6.767113e-25,1.884232e-24,-2.358077e-24,-6.041581e-24,-5.109164e-24,-1.562374e-24,1.280318e-24,1.891527e-24,5.746321e-25,-1.627416e-24,-3.773541e-24,-5.331249e-24,-6.144495e-24,-6.288804e-24,-5.937063e-24
I-136,9.052295e+09,3.672041e+06,1.939461e+02,7.833754e-04,1.236909e-10,3.275504e-19,2.677627e-24,-3.100605e-24,2.754302e-24,3.739735e-25,1.985897e-24,7.269272e-25,1.517307e-24,-6.869246e-25,1.742384e-25,-1.262260e-24,6.976739e-25,-2.381103e-25,2.783278e-24,-1.278934e-24,-2.365985e-24,4.553667e-25,7.249506e-25,-1.066158e-24,-1.522058e-24,2.451369e-27,1.986689e-24,3.055861e-24,2.872839e-24,1.826698e-24,4.857478e-25,-7.229059e-25,-1.590012e-24,-2.076416e-24,-2.237156e-24,-2.161258e-24,-1.936474e-24,-1.633818e-24,-1.304044e-24,-9.798554e-25,-6.800565e-25,-4.137246e-25,-1.836485e-25,1.113152e-26,1.735804e-25,3.075453e-25,4.170741e-25,5.060327e-25,5.779142e-25,6.357651e-25,6.821785e-25,7.193243e-25,7.489959e-25,7.726610e-25,7.915129e-25,8.065164e-25,8.184482e-25,8.279315e-25,8.354652e-25,8.414479e-25
I-136m,2.839245e-01,2.640207e-07,6.541138e-15,2.493971e-24,-1.458833e-25,1.130655e-25,-8.049207e-25,-4.522303e-25,-5.429111e-25,-8.170230e-25,9.126923e-26,6.200304e-25,-7.970435e-25,8.057851e-25,-7.175687e-25,3.363536e-25,3.962222e-25,-8.148026e-25,5.158179e-26,8.190924e-25,1.236602e-25,-7.204868e-25,-6.802545e-25,-7.720800e-27,6.175797e-25,8.187904e-25,6.091601e-25,1.864125e-25,-2.517130e-25,-5.847455e-25,-7.708266e-25,-8.193177e-25,-7.628423e-25,-6.385003e-25,-4.783494e-25,-3.061966e-25,-1.377677e-25,1.774481e-26,1.558588e-25,2.752009e-25,3.762790e-25,4.606198e-25,5.302036e-25,5.871177e-25,6.333589e-25,6.707340e-25,7.008209e-25,7.249641e-25,7.442896e-25,7.597283e-25,7.720431e-25,7.818540e-25,7.896626e-25,7.958729e-25,8.008089e-25,8.047304e-25,8.078446e-25,8.103169e-25,8.122793e-25,8.138366e-25
I-137,5.160512e-22,-1.527163e-24,1.984664e-24,-6.934966e-25,-1.677723e-24,-1.764120e-24,-1.156328e-24,1.526906e-24,3.244382e-25,-9.355710e-25,1.488825e-24,-1.158979e-24,-3.794380e-25,1.356942e-24,-1.881167e-24,-4.932371e-25,2.102260e-24,1.052598e-24,-1.209011e-24,-1.583413e-24,-1.529127e-25,1.451433e-24,2.112921e-24,1.711762e-24,6.874201e-25,-4.528362e-25,-1.372468e-24,-1.935492e-24,-2.146134e-24,-2.077693e-24,-1.821635e-24,-1.460278e-24,-1.056478e-24,-6.528384e-25,-2.750866e-25,6.348139e-26,3.579309e-25,6.084979e-25,8.183108e-25,9.918747e-25,1.134126e-24,1.249882e-24,1.343559e-24,1.419039e-24,1.479654e-24,1.528202e-24,1.567003e-24,1.597965e-24,1.622638e-24,1.642280e-24,1.657904e-24,1.670325e-24,1.680193e-24,1.688031e-24,1.694254e-24,1.699193e-24,1.703113e-24,1.706224e-24,1.708691e-24,1.710649e-24
I-138,-1.285214e-26,9.655388e-25,-2.447794e-25,-3.154589e-25,4.046524e-25,-2.571987e-25,-2.287624e-25,9.315952e-25,-7.795633e-25,-4.561722e-25,8.566761e-25,4.735353e-25,-6.615950e-25,-9.268788e-25,-2.373312e-25,6.131992e-25,1.023926e-24,8.937540e-25,4.253549e-25,-1.262032e-25,-5.840482e-25,-8.716815e-25,-9.854258e-25,-9.588786e-25,-8.366188e-25,-6.596962e-25,-4.598800e-25,-2.589304e-25,-7.012965e-26,9.954823e-26,2.474062e-25,3.734125e-25,4.790405e-25,5.664930e-25,6.382146e-25,6.966076e-25,7.438808e-25,7.819835e-25,8.125892e-25,8.371066e-25,8.567050e-25,8.723452e-25,8.848102e-25,8.947342e-25,9.026286e-25,9.089045e-25,9.138912e-25,9.178517e-25,9.209964e-25,9.234925e-25,9.254735e-25,9.270454e-25,9.282925e-25,9.292819e-25,9.300667e-25,9.306892e-25,9.311829e-25,9.315745e-25,9.318851e-25,9.321314e-25
I-139,5.145211e-25,-4.657433e-25,2.491383e-25,2.065122e-25,-5.155849e-25,6.013378e-26,5.077188e-25,5.434787e-26,-4.549733e-25,-4.073337e-25,1.810096e-26,3.997420e-25,5.132328e-25,3.740254e-25,1.071441e-25,-1.654579e-25,-3.706977e-25,-4.840263e-25,-5.121063e-25,-4.755464e-25,-3.974300e-25,-2.975675e-25,-1.906046e-25,-8.617777e-26,1.010523e-26,9.553198e-26,1.692950e-25,2.317361e-25,2.838167e-25,3.267715e-25,3.618968e-25,3.904299e-25,4.134888e-25,4.320491e-25,4.469415e-25,4.588613e-25,4.683833e-25,4.759781e-25,4.820286e-25,4.868441e-25,4.906739e-25,4.937178e-25,4.961360e-25,4.980564e-25,4.995810e-25,5.007911e-25,5.017513e-25,5.025133e-25,5.031178e-25,5.035973e-25,5.039777e-25,5.042794e-25,5.045187e-25,5.047085e-25,5.048590e-25,5.049784e-25,5.050731e-25,5.051482e-25,5.052077e-25,5.052549e-25
I-140,-8.463246e-26,5.104926e-26,8.855065e-26,-3.326645e-26,-1.179633e-25,-7.758339e-26,2.481970e-26,1.024352e-25,1.187171e-25,8.390629e-26,2.590815e-26,-3.085931e-26,-7.275396e-26,-9.578554e-26,-1.018286e-25,-9.520718e-26,-8.053612e-26,-6.168831e-26,-4.148818e-26,-2.177616e-26,-3.614522e-27,1.248761e-26,2.638218e-26,3.813755e-26,4.793789e-26,5.601795e-26,6.262321e-26,6.798748e-26,7.232177e-26,7.580991e-26,7.860836e-26,8.084801e-26,8.263698e-26,8.406381e-26,8.520043e-26,8.610502e-26,8.682441e-26,8.739617e-26,8.785040e-26,8.821110e-26,8.849747e-26,8.872476e-26,8.890513e-26,8.904824e-26,8.916178e-26,8.925185e-26,8.932329e-26,8.937996e-26,8.942490e-26,8.946055e-26,8.948882e-26,8.951124e-26,8.952902e-26,8.954313e-26,8.955431e-26,8.956318e-26,8.957021e-26,8.957579e-26,8.958021e-26,8.958372e-26
I-141,-3.826919e-27,-2.599595e-26,-1.814452e-26,5.231236e-27,2.298930e-26,2.610084e-26,1.704926e-26,2.679675e-27,-1.104178e-26,-2.083163e-26,-2.579841e-26,-2.649163e-26,-2.404811e-26,-1.965568e-26,-1.429984e-26,-8.692101e-27,-3.290285e-27,1.646711e-27,6.000377e-27,9.743084e-27,1.290100e-26,1.552847e-26,1.769149e-26,1.945770e-26,2.089082e-26,2.204799e-26,2.297877e-26,2.372521e-26,2.432240e-26,2.479930e-26,2.517959e-26,2.548248e-26,2.572352e-26,2.591518e-26,2.606750e-26,2.618850e-26,2.628459e-26,2.636086e-26,2.642140e-26,2.646945e-26,2.650756e-26,2.653780e-26,2.656179e-26,2.658082e-26,2.659591e-26,2.660788e-26,2.661738e-26,2.662491e-26,2.663088e-26,2.663561e-26,2.663937e-26,2.664235e-26,2.664471e-26,2.664658e-26,2.664807e-26,2.664925e-26,2.665018e-26,2.665092e-26,2.665151e-26,2.665197e-26
I-142,2.410237e-28,3.047395e-27,3.815778e-27,2.717117e-27,7.023250e-28,-1.324672e-27,-2.831987e-27,-3.648048e-27,-3.829686e-27,-3.533864e-27,-2.933510e-27,-2.175876e-27,-1.369228e-27,-5.844389e-28,1.375252e-28,7.770953e-28,1.328730e-27,1.795313e-27,2.184239e-27,2.504867e-27,2.766959e-27,2.979803e-27,3.151776e-27,3.290175e-27,3.401208e-27,3.490069e-27,3.561049e-27,3.617661e-27,3.662758e-27,3.698649e-27,3.727191e-27,3.749877e-27,3.767899e-27,3.782210e-27,3.793572e-27,3.802590e-27,3.809747e-27,3.815425e-27,3.819930e-27,3.823503e-27,3.826338e-27,3.828586e-27,3.830370e-27,3.831784e-27,3.832906e-27,3.833795e-27,3.834501e-27,3.835060e-27,3.835504e-27,3.835856e-27,3.836135e-27,3.836356e-27,3.836532e-27,3.836671e-27,3.836781e-27,3.836869e-27,3.836938e-27,3.836993e-27,3.837037e-27,3.837071e-27
I-143,-1.108803e-29,-1.900200e-30,8.050042e-30,1.215265e-29,9.846040e-30,3.852150e-30,-2.774437e-30,-8.039396e-30,-1.115737e-29,-1.217641e-29,-1.154876e-29,-9.827572e-30,-7.506134e-30,-4.958405e-30,-2.435919e-30,-8.890707e-32,2.006597e-30,3.824191e-30,5.367948e-30,6.658797e-30,7.725500e-30,8.599057e-30,9.309478e-30,9.884114e-30,1.034696e-29,1.071855e-29,1.101609e-29,1.125385e-29,1.144355e-29,1.159471e-29,1.171503e-29,1.181073e-29,1.188681e-29,1.194725e-29,1.199525e-29,1.203336e-29,1.206361e-29,1.208762e-29,1.210667e-29,1.212178e-29,1.213377e-29,1.214328e-29,1.215082e-29,1.215680e-29,1.216155e-29,1.216531e-29,1.216830e-29,1.217066e-29,1.217254e-29,1.217403e-29,1.217521e-29,1.217615e-29,1.217689e-29,1.217748e-29,1.217794e-29,1.217831e-29,1.217861e-29,1.217884e-29,1.217903e-29,1.217917e-29
I-144,5.544947e-31,1.002789e-30,8.923410e-31,4.237767e-31,-1.387988e-31,-6.088999e-31,-9.041737e-31,-1.018998e-30,-9.875417e-31,-8.560590e-31,-6.674387e-31,-4.549932e-31,-2.415877e-31,-4.119346e-32,1.388537e-31,2.957246e-31,4.294012e-31,5.414546e-31,6.342247e-31,7.103067e-31,7.722493e-31,8.223962e-31,8.628152e-31,8.952814e-31,9.212892e-31,9.420791e-31,9.586701e-31,9.718929e-31,9.824202e-31,9.907947e-31,9.974521e-31,1.002742e-30,1.006943e-30,1.010279e-30,1.012927e-30,1.015028e-30,1.016696e-30,1.018019e-30,1.019068e-30,1.019901e-30,1.020561e-30,1.021085e-30,1.021500e-30,1.021830e-30,1.022091e-30,1.022298e-30,1.022463e-30,1.022593e-30,1.022696e-30,1.022778e-30,1.022843e-30,1.022895e-30,1.022936e-30,1.022968e-30,1.022994e-30,1.023014e-30,1.023030e-30,1.023043e-30,1.023053e-30,1.023061e-30
I-145,5.012940e-34,2.751249e-34,-2.340799e-35,-2.859149e-34,-4.597512e-34,-5.363336e-34,-5.313751e-34,-4.690633e-34,-3.728098e-34,-2.612595e-34,-1.474671e-34,-3.958032e-35,5.798443e-35,1.433833e-34,2.164015e-34,2.777629e-34,3.286620e-34,3.704662e-34,4.045399e-34,4.321493e-34,4.544180e-34,4.723149e-34,4.866576e-34,4.981266e-34,5.072816e-34,5.145796e-34,5.203908e-34,5.250141e-34,5.286900e-34,5.316109e-34,5.339310e-34,5.357732e-34,5.372355e-34,5.383961e-34,5.393171e-34,5.400478e-34,5.406274e-34,5.410873e-34,5.414520e-34,5.417413e-34,5.419707e-34,5.421527e-34,5.422970e-34,5.424115e-34,5.425022e-34,5.425742e-34,5.426313e-34,5.426766e-34,5.427125e-34,5.427410e-34,5.427635e-34,5.427814e-34,5.427956e-34,5.428069e-34,5.428158e-34,5.428229e-34,5.428285e-34,5.428330e-34,5.428365e-34,5.428393e-34
Xe-126,5.205338e+09,6.562175e+09,8.272060e+09,1.042649e+10,1.314043e+10,1.655829e+10,2.086112e+10,2.627573e+10,3.308565e+10,4.164450e+10,5.239208e+10,6.587327e+10,8.275991e+10,1.038753e+11,1.302201e+11,1.629984e+11,2.036383e+11,2.538032e+11,3.153814e+11,3.904401e+11,4.811236e+11,5.894680e+11,7.171036e+11,8.648217e+11,1.032004e+12,1.215961e+12,1.411324e+12,1.609740e+12,1.800245e+12,1.970672e+12,2.110173e+12,2.212299e+12,2.277293e+12,2.311995e+12,2.326869e+12,2.331713e+12,2.332834e+12,2.333003e+12,2.333018e+12,2.333018e+12,2.333018e+12,2.333018e+12,2.333018e+12,2.333018e+12,2.333018e+12,2.333018e+12,2.333018e+12,2.333018e+12,2.333018e+12,2.333018e+12,2.333018e+12,2.333018e+12,2.333018e+12,2.333018e+12,2.333018e+12,2.333018e+12,2.333018e+12,2.333018e+12,2.333018e+12,2.333018e+12
Xe-128,2.277604e+16,2.465022e+16,2.610319e+16,2.709678e+16,2.767730e+16,2.795579e+16,2.806020e+16,2.808898e+16,2.809439e+16,2.809502e+16,2.809506e+16,2.809506e+16,2.809506e+16,2.809506e+16,2.809506e+16,2.809506e+16,2.809506e+16,2.809506e+16,2.809506e+16,2.809506e+16,2.809506e+16,2.809506e+16,2.809506e+16,2.809506e+16,2.809506e+16,2.809506e+16,2.809506e+16,2.809506e+16,2.809506e+16,2.809506e+16,2.809506e+16,2.809506e+16,2.809506e+16,2.809506e+16,2.809506e+16,2.809506e+16,2.809506e+16,2.809506e+16,2.809506e+16,2.809506e+16,2.809506e+16,2.809506e+16,2.809506e+16,2.809506e+16,2.809506e+16,2.809506e+16,2.809506e+16,2.809506e+16,2.809506e+16,2.809506e+16,2.809506e+16,2.809506e+16,2.809506e+16,2.809506e+16,2.809506e+16,2.809506e+16,2.809506e+16,2.809506e+16,2.809506e+16,2.809506e+16
Xe-129,6.989438e+08,1.396938e+09,2.742662e+09,5.281527e+09,9.957621e+09,1.834268e+10,3.293806e+10,5.752491e+10,9.750004e+10,1.601033e+11,2.544456e+11,3.913103e+11,5.828216e+11,8.422351e+11,1.184240e+12,1.626125e+12,2.189816e+12,2.904291e+12,3.807850e+12,4.950243e+12,6.395253e+12,8.224315e+12,1.054147e+13,1.347992e+13,1.721058e+13,2.195326e+13,2.799115e+13,3.568956e+13,4.551963e+13,5.808806e+13,7.417316e+13,9.476751e+13,1.211269e+14,1.548257e+14,1.978219e+14,2.525376e+14,3.219719e+14,4.098601e+14,5.208964e+14,6.610190e+14,8.377560e+14,1.060637e+15,1.341698e+15,1.696124e+15,2.143066e+15,2.706674e+15,3.417400e+15,4.313647e+15,5.443842e+15,6.869051e+15,8.666283e+15,1.093265e+16,1.379060e+16,1.739456e+16,2.193926e+16,2.767027e+16,3.489723e+16,4.401065e+16,5.550294e+16,6.999505e+16
Xe-130,6.223904e+17,7.086031e+17,8.138412e+17,9.432032e+17,1.101947e+18,1.295574e+18,1.529741e+18,1.809869e+18,2.140405e+18,2.523722e+18,2.958651e+18,3.438759e+18,3.950698e+18,4.473287e+18,4.978260e+18,5.433659e+18,5.810208e+18,6.089395e+18,6.269922e+18,6.368253e+18,6.411463e+18,6.425982e+18,6.429472e+18,6.430025e+18,6.430077e+18,6.430080e+18,6.430080e+18,6.430080e+18,6.430080e+18,6.430080e+18,6.430080e+18,6.430080e+18,6.430080e+18,6.430080e+18,6.430080e+18,6.430080e+18,6.430080e+18,6.430080e+18,6.430080e+18,6.430080e+18,6.430080e+18,6.430080e+18,6.430080e+18,6.430080e+18,6.430080e+18,6.430080e+18,6.430080e+18,6.430080e+18,6.430080e+18,6.430080e+18,6.430080e+18,6.430080e+18,6.430080e+18,6.430080e+18,6.430080e+18,6.430080e+18,6.430080e+18,6.430080e+18,6.430080e+18,6.430080e+18
Xe-131,6.064952e+19,1.002635e+20,1.605074e+20,2.480811e+20,3.698325e+20,5.325686e+20,7.437346e+20,1.012865e+21,1.353050e+21,1.781840e+21,2.321798e+21,3.001256e+21,3.855417e+21,4.927667e+21,6.270876e+21,7.948425e+21,1.003447e+22,1.261269e+22,1.577238e+22,1.960052e+22,2.416864e+22,2.951365e+22,3.561399e+22,4.236442e+22,4.955575e+22,5.686835e+22,6.389030e+22,7.017101e+22,7.531298e+22,7.908254e+22,8.149096e+22,8.278877e+22,8.335625e+22,8.354911e+22,8.359794e+22,8.360687e+22,8.360804e+22,8.360815e+22,8.360815e+22,8.360815e+22,8.360815e+22,8.360815e+22,8.360815e+22,8.360815e+22,8.360815e+22,8.360815e+22,8.360815e+22,8.360815e+22,8.360815e+22,8.360815e+22,8.360815e+22,8.360815e+22,8.360815e+22,8.360815e+22,8.360815e+22,8.360815e+22,8.360815e+22,8.360815e+22,8.360815e+22,8.360815e+22
Xe-131m,6.746601e+17,1.108525e+18,1.768038e+18,2.726139e+18,4.056979e+18,5.833610e+18,8.135067e+18,1.106168e+19,1.475026e+19,1.938239e+19,2.518824e+19,3.245094e+19,4.151292e+19,5.278103e+19,6.672691e+19,8.387695e+19,1.047836e+20,1.299658e+20,1.598021e+20,1.943605e+20,2.331522e+20,2.748210e+20,3.168151e+20,3.551519e+20,3.844502e+20,3.984564e+20,3.912700e+20,3.593074e+20,3.035962e+20,2.313117e+20,1.549957e+20,8.857546e+19,4.157533e+19,1.530843e+19,4.180122e+18,7.897838e+17,9.467310e+16,6.448944e+15,2.167403e+14,2.999091e+12,1.357130e+10,1.500640e+07,2.806950e+03,5.585495e-02,6.587809e-08,2.202674e-15,8.983801e-25,-1.158297e-25,3.670420e-26,-5.483232e-26,-9.161204e-26,-1.220382e-25,-1.506014e-26,2.495102e-26,2.427095e-26,-5.882971e-26,9.248606e-26,-1.134078e-25,5.907246e-26,7.786061e-26
Xe-132,2.373977e+20,3.424629e+20,4.963076e+20,7.205001e+20,1.044610e+21,1.507925e+21,2.160714e+21,3.064529e+21,4.291162e+21,5.920335e+21,8.037006e+21,1.072980e+22,1.409168e+22,1.822207e+22,2.322655e+22,2.920957e+22,3.625735e+22,4.441171e+22,5.363695e+22,6.378293e+22,7.455138e+22,8.547968e+22,9.596207e+22,1.053282e+23,1.129830e+23,1.185762e+23,1.221271e+23,1.240173e+23,1.248244e+23,1.250860e+23,1.251462e+23,1.251552e+23,1.251560e+23,1.251560e+23,1.251560e+23,1.251560e+23,1.251560e+23,1.251560e+23,1.251560e+23,1.251560e+23,1.251560e+23,1.251560e+23,1.251560e+23,1.251560e+23,1.251560e+23,1.251560e+23,1.251560e+23,1.251560e+23,1.251560e+23,1.251560e+23,1.251560e+23,1.251560e+23,1.251560e+23,1.251560e+23,1.251560e+23,1.251560e+23,1.251560e+23,1.251560e+23,1.251560e+23,1.251560e+23
Xe-133,2.992743e+21,4.204545e+21,5.824678e+21,7.962869e+21,1.074847e+22,1.432609e+22,1.884739e+22,2.446119e+22,3.130391e+22,3.948846e+22,4.908521e+22,6.008670e+22,7.235293e+22,8.554316e+22,9.904852e+22,1.119488e+23,1.230274e+23,1.308846e+23,1.341744e+23,1.319383e+23,1.239335e+23,1.107932e+23,9.390562e+22,7.506508e+22,5.610795e+22,3.869025e+22,2.414732e+22,1.330178e+22,6.263748e+21,2.421528e+21,7.302590e+20,1.610377e+20,2.393260e+19,2.162392e+18,1.043155e+17,2.280842e+15,1.838506e+13,4.210509e+10,1.972653e+07,1.249463e+03,6.346094e-03,1.337641e-09,5.099093e-18,-4.436939e-24,1.026082e-25,-2.152691e-24,1.059023e-23,-9.833778e-26,5.088234e-24,7.027720e-24,-6.993168e-24,-2.014694e-24,-1.462790e-24,7.776905e-24,-9.027853e-25,4.137538e-24,-6.340584e-24,-8.879757e-24,6.798936e-25,3.661828e-24
Xe-133m,1.408171e+20,1.759048e+20,2.227391e+20,2.844059e+20,3.644889e+20,4.668979e+20,5.955630e+20,7.540546e+20,9.451751e+20,1.170466e+21,1.429438e+21,1.718295e+21,2.028122e+21,2.342813e+21,2.637386e+21,2.877684e+21,3.022847e+21,3.031983e+21,2.875514e+21,2.549099e+21,2.084402e+21,1.548574e+21,1.027336e+21,5.962518e+20,2.951104e+20,1.204471e+20,3.875651e+19,9.264909e+18,1.524065e+18,1.565120e+17,8.873079e+15,2.378121e+14,2.477969e+12,7.844410e+09,5.528033e+06,5.858909e+02,5.695510e-03,2.722021e-09,2.913217e-17,-2.692909e-25,1.167261e-25,-7.923940e-26,1.738173e-25,-7.073088e-26,2.810736e-25,-3.239016e-25,6.706523e-26,4.331231e-26,-2.136213e-25,3.962033e-25,-2.937073e-25,-4.036361e-26,3.892715e-26,7.265626e-28,2.293024e-25,1.632497e-25,-2.025512e-25,-4.109840e-25,-2.844566e-25,1.363432e-26
Xe-134,5.947469e+22,7.876269e+22,1.018751e+23,1.278646e+23,1.548041e+23,1.799862e+23,2.006490e+23,2.150468e+23,2.232274e+23,2.268343e+23,2.279960e+23,2.282500e+23,2.282845e+23,2.282871e+23,2.282872e+23,2.282872e+23,2.282872e+23,2.282872e+23,2.282872e+23,2.282872e+23,2.282872e+23,2.282872e+23,2.282872e+23,2.282872e+23,2.282872e+23,2.282872e+23,2.282872e+23,2.282872e+23,2.282872e+23,2.282872e+23,2.282872e+23,2.282872e+23,2.282872e+23,2.282872e+23,2.282872e+23,2.282872e+23,2.282872e+23,2.282872e+23,2.282872e+23,2.282872e+23,2.282872e+23,2.282872e+23,2.282872e+23,2.282872e+23,2.282872e+23,2.282872e+23,2.282872e+23,2.282872e+23,2.282872e+23,2.282872e+23,2.282872e+23,2.282872e+23,2.282872e+23,2.282872e+23,2.282872e+23,2.282872e+23,2.282872e+23,2.282872e+23,2.282872e+23,2.282872e+23
Xe-134m,2.470552e+12,1.130832e+11,2.314088e+09,1.715840e+07,3.536756e+04,1.450908e+01,7.772757e-04,3.196198e-09,3.975341e-08,-3.905603e-02,9.483137e-03,-2.772656e-03,9.848300e-05,-7.273129e-06,2.176468e-07,1.651105e-09,2.709506e-12,1.294352e-16,1.755745e-19,7.135189e-24,1.034989e-26,1.146568e-26,1.240131e-26,1.313613e-26,1.373556e-26,1.422882e-26,1.461451e-26,1.491396e-26,1.515608e-26,1.535625e-26,1.551895e-26,1.564699e-26,1.574539e-26,1.582058e-26,1.587867e-26,1.592446e-26,1.596130e-26,1.599139e-26,1.601618e-26,1.603666e-26,1.605355e-26,1.606743e-26,1.607879e-26,1.608804e-26,1.609555e-26,1.610161e-26,1.610649e-26,1.611041e-26,1.611355e-26,1.611606e-26,1.611806e-26,1.611966e-26,1.612093e-26,1.612194e-26,1.612274e-26,1.612338e-26,1.612389e-26,1.612429e-26,1.612461e-26,1.612486e-26
Xe-135,2.320717e+22,2.732190e+22,3.213525e+22,3.771545e+22,4.407851e+22,5.114438e+22,5.868679e+22,6.628072e+22,7.325736e+22,7.869095e+22,8.145866e+22,8.042236e+22,7.476039e+22,6.440572e+22,5.041902e+22,3.500379e+22,2.091426e+22,1.036379e+22,4.070313e+21,1.198373e+21,2.470033e+20,3.274883e+19,2.512100e+18,9.746482e+16,1.610798e+15,9.106749e+12,1.332892e+10,3.550526e+06,1.103406e+02,2.283337e-04,1.551195e-11,1.415200e-20,9.540118e-24,1.148363e-23,-3.832281e-24,-1.432434e-23,-1.096569e-24,5.661962e-24,-6.595778e-25,1.175509e-23,-2.052338e-23,2.321125e-23,-1.609925e-23,-5.010011e-24,2.740812e-23,-1.711891e-23,-1.936046e-23,1.502975e-23,2.105929e-23,2.717912e-25,-1.618439e-23,-1.595008e-23,-5.644547e-24,4.858135e-24,1.053208e-23,1.112804e-23,8.535511e-24,4.779827e-24,1.215988e-24,-1.523097e-24
Xe-135m,1.352512e+21,1.190860e+21,1.079076e+21,9.997993e+20,9.341919e+20,8.682372e+20,7.946960e+20,7.113307e+20,6.186167e+20,5.187322e+20,4.154337e+20,3.139685e+20,2.205591e+20,1.412968e+20,8.058572e+19,3.969405e+19,1.625240e+19,5.270842e+18,1.274057e+18,2.125803e+17,2.222609e+16,1.288906e+15,3.554501e+13,3.839499e+11,1.271902e+09,9.491290e+05,1.081240e+02,1.151256e-03,6.171411e-10,7.633685e-18,-9.353750e-26,5.811076e-26,5.837318e-26,-1.029326e-26,-7.182901e-26,-5.739045e-26,-6.467786e-27,5.907635e-26,1.151120e-25,3.314215e-26,3.765758e-26,-6.198958e-26,-4.810983e-26,-8.103322e-26,-1.151751e-25,-7.149761e-26,-3.978281e-26,-5.008142e-26,-5.575867e-26,-3.134491e-26,8.940180e-27,4.258022e-26,5.930012e-26,6.120474e-26,5.542272e-26,4.844449e-26,4.404495e-26,4.347848e-26,4.643477e-26,5.192955e-26
Xe-136,1.847979e+23,1.847979e+23,1.847979e+23,1.847979e+23,1.847979e+23,1.847979e+23,1.847979e+23,1.847979e+23,1.847979e+23,1.847979e+23,1.847979e+23,1.847979e+23,1.847979e+23,1.847979e+23,1.847979e+23,1.847979e+23,1.847979e+23,1.847979e+23,1.847979e+23,1.847979e+23,1.847979e+23,1.847979e+23,1.847979e+23,1.847979e+23,1.847979e+23,1.847979e+23,1.847979e+23,1.847979e+23,1.847979e+23,1.847979e+23,1.847979e+23,1.847979e+23,1.847979e+23,1.847979e+23,1.847979e+23,1.847979e+23,1.847979e+23,1.847979e+23,1.847979e+23,1.847979e+23,1.847979e+23,1.847979e+23,1.847979e+23,1.847979e+23,1.847979e+23,1.847979e+23,1.847979e+23,1.847979e+23,1.847979e+23,1.847979e+23,1.847979e+23,1.847979e+23,1.847979e+23,1.847979e+23,1.847979e+23,1.847979e+23,1.847979e+23,1.847979e+23,1.847979e+23,1.847979e+23
Xe-137,3.458048e+18,2.013617e+17,5.581985e+15,6.069144e+13,2.027176e+11,1.528564e+08,1.764335e+04,1.909939e-01,1.045436e-07,1.327630e-15,-2.278836e-24,5.198997e-24,-3.830770e-24,-2.282541e-24,3.754789e-24,1.313883e-24,-5.251610e-24,-3.241432e-24,5.678019e-24,-2.094600e-24,4.433385e-24,-5.473863e-24,9.846799e-25,-9.488316e-25,-4.786282e-24,1.814777e-24,5.416550e-24,1.678042e-24,-1.903258e-24,-1.066646e-24,2.266328e-24,4.790318e-24,4.998390e-24,3.235777e-24,5.916229e-25,-1.958221e-24,-3.862837e-24,-4.961484e-24,-5.333629e-24,-5.160188e-24,-4.634651e-24,-3.920111e-24,-3.136236e-24,-2.361716e-24,-1.642677e-24,-1.001982e-24,-4.472056e-25,2.332511e-26,4.163197e-25,7.407740e-25,1.006283e-24,1.222080e-24,1.396549e-24,1.537025e-24,1.649767e-24,1.740023e-24,1.812134e-24,1.869657e-24,1.915487e-24,1.951965e-24
Xe-138,9.541562e+21,4.413372e+21,1.669229e+21,4.898241e+20,1.043692e+20,1.485357e+19,1.270764e+18,5.722416e+16,1.147152e+15,8.287893e+12,1.653316e+10,6.508234e+06,3.309719e+02,1.274505e-03,1.894775e-10,4.650709e-19,2.982017e-24,-4.663711e-24,3.587948e-24,2.559125e-24,1.966559e-24,4.134258e-24,4.259761e-24,-2.541348e-24,1.972930e-24,3.886613e-25,1.236413e-24,-2.471998e-24,4.131785e-24,-2.405227e-24,-3.038359e-24,2.844520e-24,2.351174e-24,-2.675643e-24,-4.799414e-24,-2.529840e-24,1.057600e-24,3.122334e-24,2.904551e-24,1.110540e-24,-1.183231e-24,-3.171360e-24,-4.472264e-24,-5.032967e-24,-4.978781e-24,-4.495118e-24,-3.759259e-24,-2.911435e-24,-2.049342e-24,-1.233656e-24,-4.970402e-25,1.470770e-25,6.974063e-25,1.159623e-24,1.542867e-24,1.857528e-24,2.113938e-24,2.321661e-24,2.489177e-24,2.623790e-24
Xe-139,7.202328e-05,5.350949e-12,5.472894e-21,-4.314078e-25,2.085285e-24,1.256999e-24,-2.585740e-24,-2.419284e-24,2.086575e-25,3.640214e-24,-7.977193e-25,-1.576876e-24,1.214729e-24,-1.368377e-24,-8.969260e-25,3.129741e-24,-2.317378e-24,-8.402008e-25,3.592266e-24,2.107652e-24,-1.882592e-24,-2.901045e-24,-7.087895e-25,2.015030e-24,3.270479e-24,2.736466e-24,1.099768e-24,-7.870628e-25,-2.338221e-24,-3.304832e-24,-3.680642e-24,-3.582449e-24,-3.162255e-24,-2.559084e-24,-1.880122e-24,-1.198571e-24,-5.589788e-25,1.536808e-26,5.155673e-25,9.416615e-25,1.298732e-24,1.594289e-24,1.836637e-24,2.033919e-24,2.193614e-24,2.322319e-24,2.425693e-24,2.508498e-24,2.574688e-24,2.627507e-24,2.669603e-24,2.703116e-24,2.729775e-24,2.750968e-24,2.767807e-24,2.781182e-24,2.791801e-24,2.800230e-24,2.806919e-24,2.812227e-24
Xe-140,-8.030840e-25,2.124155e-24,2.311881e-24,2.225769e-24,9.362751e-26,-2.268955e-24,2.007372e-24,-1.609984e-24,1.558391e-24,-2.300553e-24,2.227890e-24,-3.976325e-25,-2.021979e-24,1.469545e-24,2.179954e-24,-5.652958e-25,-2.307127e-24,-1.374775e-24,7.274274e-25,2.175577e-24,2.293859e-24,1.379872e-24,5.739014e-26,-1.160184e-24,-2.004313e-24,-2.413470e-24,-2.446334e-24,-2.207727e-24,-1.803483e-24,-1.319880e-24,-8.184357e-25,-3.382684e-25,9.883795e-26,4.832169e-25,8.129785e-25,1.090790e-24,1.321669e-24,1.511567e-24,1.666522e-24,1.792187e-24,1.893613e-24,1.975168e-24,2.040555e-24,2.092858e-24,2.134619e-24,2.167916e-24,2.194433e-24,2.215533e-24,2.232311e-24,2.245643e-24,2.256234e-24,2.264644e-24,2.271320e-24,2.276619e-24,2.280823e-24,2.284159e-24,2.286806e-24,2.288905e-24,2.290570e-24,2.291891e-24
Xe-141,-8.216859e-25,7.004651e-25,4.617555e-26,-7.977655e-25,3.230747e-25,7.462471e-25,-1.324140e-25,-8.063621e-25,-5.497436e-25,1.856243e-25,7.421660e-25,8.394452e-25,5.554402e-25,1.039893e-25,-3.284297e-25,-6.389472e-25,-7.993155e-25,-8.263096e-25,-7.551317e-25,-6.226774e-25,-4.596174e-25,-2.881355e-25,-1.225420e-25,2.903673e-26,1.628444e-25,2.779582e-25,3.751365e-25,4.560229e-25,5.226305e-25,5.770308e-25,6.211794e-25,6.568317e-25,6.855118e-25,7.085137e-25,7.269176e-25,7.416153e-25,7.533358e-25,7.626713e-25,7.701002e-25,7.760078e-25,7.807028e-25,7.844324e-25,7.873940e-25,7.897452e-25,7.916113e-25,7.930921e-25,7.942671e-25,7.951992e-25,7.959386e-25,7.965252e-25,7.969904e-25,7.973594e-25,7.976520e-25,7.978841e-25,7.980682e-25,7.982142e-25,7.983299e-25,7.984217e-25,7.984945e-25,7.985523e-25
Xe-142,2.608287e-25,-2.250837e-25,-1.245756e-25,2.618332e-25,1.492991e-25,-1.881787e-25,-2.741141e-25,-7.973409e-26,1.650270e-25,2.845527e-25,2.482695e-25,1.143018e-25,-4.361455e-26,-1.742608e-25,-2.555038e-25,-2.863419e-25,-2.765873e-25,-2.392265e-25,-1.862032e-25,-1.267489e-25,-6.717549e-26,-1.132402e-26,3.880116e-26,8.243942e-26,1.196038e-25,1.507427e-25,1.765143e-25,1.976445e-25,2.148443e-25,2.287666e-25,2.399868e-25,2.489984e-25,2.562168e-25,2.619867e-25,2.665910e-25,2.702605e-25,2.731818e-25,2.755057e-25,2.773530e-25,2.788209e-25,2.799867e-25,2.809123e-25,2.816470e-25,2.822301e-25,2.826928e-25,2.830599e-25,2.833511e-25,2.835821e-25,2.837653e-25,2.839107e-25,2.840259e-25,2.841173e-25,2.841898e-25,2.842473e-25,2.842929e-25,2.843291e-25,2.843578e-25,2.843805e-25,2.843985e-25,2.844128e-25
Xe-143,-1.619941e-26,-3.632612e-27,1.082139e-26,1.724061e-26,1.440231e-26,6.043737e-27,-3.436241e-27,-1.109197e-26,-1.571647e-26,-1.732699e-26,-1.654800e-26,-1.416690e-26,-1.089447e-26,-7.273788e-27,-3.672530e-27,-3.119736e-28,2.694486e-27,5.305967e-27,7.526348e-27,9.384443e-27,1.092082e-26,1.217959e-26,1.320365e-26,1.403221e-26,1.469974e-26,1.523572e-26,1.566497e-26,1.600802e-26,1.628174e-26,1.649985e-26,1.667349e-26,1.681160e-26,1.692139e-26,1.700862e-26,1.707790e-26,1.713291e-26,1.717657e-26,1.721122e-26,1.723871e-26,1.726052e-26,1.727783e-26,1.729155e-26,1.730244e-26,1.731108e-26,1.731792e-26,1.732336e-26,1.732766e-26,1.733108e-26,1.733379e-26,1.733594e-26,1.733764e-26,1.733899e-26,1.734006e-26,1.734091e-26,1.734159e-26,1.734212e-26,1.734255e-26,1.734288e-26,1.734315e-26,1.734336e-26
Xe-144,1.996261e-27,-3.930648e-27,1.755816e-28,3.962449e-27,6.551935e-28,-3.458473e-27,-3.313898e-27,-7.729173e-29,2.962985e-27,3.961253e-27,2.965146e-27,9.265963e-28,-1.195244e-27,-2.813161e-27,-3.721122e-27,-3.962421e-27,-3.694137e-27,-3.095747e-27,-2.322665e-27,-1.490470e-27,-6.756079e-28,7.716471e-29,7.459644e-28,1.324017e-27,1.813701e-27,2.222359e-27,2.559553e-27,2.835374e-27,3.059487e-27,3.240639e-27,3.386472e-27,3.503499e-27,3.597176e-27,3.672014e-27,3.731710e-27,3.779269e-27,3.817122e-27,3.847227e-27,3.871156e-27,3.890165e-27,3.905262e-27,3.917248e-27,3.926761e-27,3.934310e-27,3.940300e-27,3.945053e-27,3.948823e-27,3.951813e-27,3.954185e-27,3.956066e-27,3.957558e-27,3.958742e-27,3.959680e-27,3.960425e-27,3.961015e-27,3.961483e-27,3.961854e-27,3.962149e-27,3.962382e-27,3.962567e-27
Xe-145,2.973062e-29,4.668158e-29,3.868438e-29,1.594886e-29,-9.661364e-30,-3.025477e-29,-4.263051e-29,-4.687225e-29,-4.468308e-29,-3.819295e-29,-2.931838e-29,-1.952059e-29,-9.787222e-30,-7.114526e-31,7.403703e-30,1.445004e-29,2.043944e-29,2.545053e-29,2.959332e-29,3.298714e-29,3.574789e-29,3.798142e-29,3.978075e-29,4.122546e-29,4.238241e-29,4.330701e-29,4.404473e-29,4.463258e-29,4.510055e-29,4.547277e-29,4.576866e-29,4.600375e-29,4.619046e-29,4.633869e-29,4.645636e-29,4.654973e-29,4.662383e-29,4.668261e-29,4.672925e-29,4.676624e-29,4.679558e-29,4.681885e-29,4.683731e-29,4.685195e-29,4.686356e-29,4.687276e-29,4.688006e-29,4.688585e-29,4.689045e-29,4.689409e-29,4.689698e-29,4.689927e-29,4.690108e-29,4.690252e-29,4.690366e-29,4.690457e-29,4.690529e-29,4.690586e-29,4.690631e-29,4.690667e-29
Xe-146,-5.630667e-30,-6.165147e-30,-7.669001e-31,4.799313e-30,6.941354e-30,5.478442e-30,2.005316e-30,-1.755145e-30,-4.701989e-30,-6.417024e-30,-6.944440e-30,-6.548281e-30,-5.543825e-30,-4.209396e-30,-2.754626e-30,-1.319728e-30,1.210174e-32,1.199220e-30,2.227663e-30,3.100390e-30,3.829656e-30,4.431986e-30,4.925061e-30,5.325934e-30,5.650111e-30,5.911177e-30,6.120734e-30,6.288516e-30,6.422580e-30,6.529533e-30,6.614750e-30,6.682582e-30,6.736533e-30,6.779417e-30,6.813488e-30,6.840547e-30,6.862029e-30,6.879081e-30,6.892613e-30,6.903350e-30,6.911868e-30,6.918626e-30,6.923986e-30,6.928238e-30,6.931610e-30,6.934285e-30,6.936406e-30,6.938088e-30,6.939423e-30,6.940481e-30,6.941320e-30,6.941985e-30,6.942513e-30,6.942931e-30,6.943263e-30,6.943526e-30,6.943735e-30,6.943901e-30,6.944032e-30,6.944136e-30
Xe-147,5.732702e-31,-6.965995e-32,-6.298392e-31,-9.974428e-31,-1.156221e-30,-1.140980e-30,-1.003946e-30,-7.952686e-31,-5.547070e-31,-3.100009e-31,-7.839980e-32,1.307966e-31,3.137549e-31,4.700937e-31,6.014147e-31,7.103074e-31,7.997192e-31,8.725820e-31,9.316122e-31,9.792181e-31,1.017474e-30,1.048130e-30,1.072643e-30,1.092209e-30,1.107806e-30,1.120224e-30,1.130104e-30,1.137960e-30,1.144201e-30,1.149159e-30,1.153096e-30,1.156221e-30,1.158701e-30,1.160669e-30,1.162230e-30,1.163469e-30,1.164451e-30,1.165230e-30,1.165849e-30,1.166339e-30,1.166728e-30,1.167036e-30,1.167281e-30,1.167475e-30,1.167629e-30,1.167750e-30,1.167847e-30,1.167924e-30,1.167985e-30,1.168033e-30,1.168071e-30,1.168102e-30,1.168126e-30,1.168145e-30,1.168160e-30,1.168172e-30,1.168181e-30,1.168189e-30,1.168195e-30,1.168200e-30
Cs-131,7.347628e+10,7.341913e+10,7.334713e+10,7.325643e+10,7.314222e+10,7.299845e+10,7.281756e+10,7.259008e+10,7.230424e+10,7.194539e+10,7.149540e+10,7.093197e+10,7.022779e+10,6.934976e+10,6.825817e+10,6.690610e+10,6.523921e+10,6.319629e+10,6.071105e+10,5.771595e+10,5.414877e+10,4.996304e+10,4.514284e+10,3.972170e+10,3.380367e+10,2.758105e+10,2.134004e+10,1.544175e+10,1.026890e+10,6.139082e+09,3.208955e+09,1.416059e+09,5.047306e+08,1.374329e+08,2.664699e+07,3.366948e+06,2.479204e+05,9.239761e+03,1.459111e+02,7.802812e-01,1.065114e-03,2.598531e-07,7.228439e-12,1.300741e-17,-1.867893e+03,-7.174561e+03,-3.079132e+04,-4.996252e+03,2.255556e+03,-2.029749e+03,-1.649047e+04,4.100996e+04,8.598540e+01,-7.859294e+03,-8.565803e+03,2.801530e+04,-8.741978e+02,3.304312e+02,1.617331e+04,1.721896e+04
Cs-132,2.131714e+15,2.129235e+15,2.126114e+15,2.122184e+15,2.117239e+15,2.111019e+15,2.103202e+15,2.093386e+15,2.081072e+15,2.065648e+15,2.046360e+15,2.022295e+15,1.992350e+15,1.955220e+15,1.909383e+15,1.853110e+15,1.784507e+15,1.701605e+15,1.602531e+15,1.485777e+15,1.350595e+15,1.197520e+15,1.028972e+15,8.498218e+14,6.676778e+14,4.925612e+14,3.356369e+14,2.069160e+14,1.124300e+14,5.209795e+13,1.974962e+13,5.812125e+12,1.242927e+12,1.777032e+11,1.529113e+10,6.936172e+08,1.403310e+07,1.025678e+05,2.076208e+02,8.324985e-02,4.333176e-06,1.718252e-11,2.650671e-18,6.816491e-27,4.330949e-32,-4.692842e-32,4.434071e-32,3.049189e-32,1.869146e-32,3.980582e-32,3.726213e-32,-4.148048e-32,1.563283e-32,-4.020038e-33,1.115898e-32,-3.215531e-32,4.829772e-32,-2.548323e-32,-3.262939e-32,3.782958e-32
Cs-133,6.403160e+18,1.156813e+19,2.064802e+19,3.639482e+19,6.335343e+19,1.089277e+20,1.849911e+20,3.102623e+20,5.137409e+20,8.395823e+20,1.353839e+21,2.153390e+21,3.376948e+21,5.217143e+21,7.931071e+21,1.184445e+22,1.734190e+22,2.483433e+22,3.469671e+22,4.717780e+22,6.229811e+22,7.976551e+22,9.893800e+22,1.188459e+23,1.382713e+23,1.558932e+23,1.705211e+23,1.813963e+23,1.884421e+23,1.922857e+23,1.939771e+23,1.945463e+23,1.946834e+23,1.947052e+23,1.947072e+23,1.947073e+23,1.947073e+23,1.947073e+23,1.947073e+23,1.947073e+23,1.947073e+23,1.947073e+23,1.947073e+23,1.947073e+23,1.947073e+23,1.947073e+23,1.947073e+23,1.947073e+23,1.947073e+23,1.947073e+23,1.947073e+23,1.947073e+23,1.947073e+23,1.947073e+23,1.947073e+23,1.947073e+23,1.947073e+23,1.947073e+23,1.947073e+23,1.947073e+23
Cs-134,1.355365e+17,1.408459e+17,1.470875e+17,1.542919e+17,1.624182e+17,1.713219e+17,1.807271e+17,1.902146e+17,1.992457e+17,2.072367e+17,2.136859e+17,2.183203e+17,2.211948e+17,2.226691e+17,2.232504e+17,2.233890e+17,2.233597e+17,2.232746e+17,2.231600e+17,2.230151e+17,2.228324e+17,2.226023e+17,2.223124e+17,2.219473e+17,2.214879e+17,2.209099e+17,2.201831e+17,2.192701e+17,2.181241e+17,2.166875e+17,2.148894e+17,2.126432e+17,2.098440e+17,2.063668e+17,2.020638e+17,1.967654e+17,1.902815e+17,1.824088e+17,1.729438e+17,1.617051e+17,1.485680e+17,1.335123e+17,1.166822e+17,9.844946e+16,7.946213e+16,6.064813e+16,4.313647e+16,2.807026e+16,1.632828e+16,8.245419e+15,3.483614e+15,1.175369e+15,2.986415e+14,5.306483e+13,6.006220e+12,3.849528e+11,1.204355e+10,1.525252e+08,6.175139e+05,5.934534e+02
Cs-134m,8.815705e+16,8.284626e+16,7.660287e+16,6.939608e+16,6.126662e+16,5.235864e+16,4.294784e+16,3.345286e+16,2.441189e+16,1.640788e+16,9.941752e+15,5.285377e+15,2.382680e+15,8.724418e+14,2.457605e+14,4.973506e+13,6.632811e+12,5.228058e+11,2.123116e+10,3.736100e+08,2.290190e+06,3.713499e+03,1.125636e+00,4.117261e-05,1.046365e-10,1.514469e-01,-1.110299e-02,6.333015e-02,-1.065642e-01,1.322549e-01,8.461544e-02,5.014202e-02,-1.474612e-01,2.129228e-01,1.600396e-02,1.018365e-03,-8.459514e-03,1.219390e-02,-3.324865e-02,-3.538679e-02,3.637956e-02,-3.373052e-03,-7.610705e-04,1.222608e-03,-5.060465e-03,1.844916e-04,1.964337e-03,-1.420342e-03,5.391504e-04,-8.978787e-06,9.123811e-05,2.845492e-06,-3.957521e-06,5.084180e-08,-7.631127e-08,-2.766336e-10,-1.472769e-12,-2.313823e-12,-1.165811e-14,2.498619e-17
Cs-135,1.073945e+21,1.577858e+21,2.324390e+21,3.429209e+21,5.059624e+21,7.452437e+21,1.093247e+22,1.592615e+22,2.295903e+22,3.261903e+22,4.546079e+22,6.182951e+22,8.160659e+22,1.039386e+23,1.270994e+23,1.486937e+23,1.663255e+23,1.785354e+23,1.854329e+23,1.884652e+23,1.894453e+23,1.896628e+23,1.896932e+23,1.896956e+23,1.896957e+23,1.896957e+23,1.896957e+23,1.896957e+23,1.896957e+23,1.896957e+23,1.896957e+23,1.896957e+23,1.896957e+23,1.896957e+23,1.896957e+23,1.896957e+23,1.896957e+23,1.896957e+23,1.896957e+23,1.896957e+23,1.896956e+23,1.896956e+23,1.896956e+23,1.896956e+23,1.896955e+23,1.896955e+23,1.896954e+23,1.896954e+23,1.896953e+23,1.896951e+23,1.896950e+23,1.896948e+23,1.896946e+23,1.896943e+23,1.896939e+23,1.896934e+23,1.896929e+23,1.896921e+23,1.896912e+23,1.896900e+23
Cs-135m,3.249911e+18,2.647984e+18,2.045216e+18,1.476663e+18,9.792622e+17,5.833825e+17,3.035919e+17,1.332240e+17,4.715221e+16,1.272554e+16,2.439887e+15,3.039658e+14,2.198701e+13,8.012378e+11,1.229957e+10,6.346628e+07,8.281901e+04,1.908967e+01,4.943264e-04,8.127189e-10,4.130949e-17,2.610284e-26,-1.436294e-28,1.583077e-28,-5.821332e-29,-1.570163e-28,-1.576159e-28,-8.732413e-29,1.272440e-28,2.460724e-29,-1.053485e-28,1.195218e-28,-8.833644e-29,-1.041149e-30,1.244810e-28,-1.449382e-28,-3.777173e-29,1.567955e-28,6.091526e-29,-1.221690e-28,-1.478528e-28,-2.820108e-29,1.041837e-28,1.602958e-28,1.313170e-28,5.274201e-29,-3.492091e-29,-1.049812e-28,-1.467728e-28,-1.607614e-28,-1.528547e-28,-1.303573e-28,-9.981155e-29,-6.619095e-29,-3.284886e-29,-1.793607e-30,2.595371e-29,5.003353e-29,7.049327e-29,8.760604e-29
Cs-136,1.202461e+20,1.201772e+20,1.200904e+20,1.199811e+20,1.198433e+20,1.196699e+20,1.194514e+20,1.191766e+20,1.188309e+20,1.183964e+20,1.178508e+20,1.171663e+20,1.163088e+20,1.152364e+20,1.138981e+20,1.122327e+20,1.101672e+20,1.076167e+20,1.044844e+20,1.006641e+20,9.604509e+19,9.052134e+19,8.400632e+19,7.645491e+19,6.789237e+19,5.844824e+19,4.838849e+19,3.813296e+19,2.823955e+19,1.933594e+19,1.199321e+19,6.566897e+18,3.072599e+18,1.179098e+18,3.523843e+17,7.683593e+16,1.125779e+16,9.991117e+14,4.712085e+13,1.001340e+12,7.786515e+09,1.704236e+07,7.540936e+03,4.444249e-01,2.061160e-06,3.874114e-13,1.278089e-21,4.765327e-28,-3.492512e-27,9.014693e-28,1.500185e-27,9.297125e-28,1.696955e-27,6.938276e-28,-3.485778e-27,4.680906e-28,-1.595066e-27,1.243654e-28,-2.973084e-27,1.809233e-27
Cs-136m,-1.718063e-27,1.583180e-27,-1.490887e-27,-1.735149e-27,-1.759168e-27,-1.490496e-27,9.800856e-28,7.956662e-28,-1.505479e-27,1.592584e-27,-1.286306e-27,3.187613e-28,1.199861e-27,-1.730745e-27,-1.975092e-28,1.802938e-27,5.141231e-28,-1.478308e-27,-1.605254e-27,-1.903052e-28,1.260185e-27,1.813495e-27,1.426736e-27,5.177779e-28,-4.639435e-28,-1.231976e-27,-1.678005e-27,-1.814094e-27,-1.709407e-27,-1.446296e-27,-1.097374e-27,-7.172866e-28,-3.425618e-28,5.144679e-30,3.150083e-28,5.834158e-28,8.111593e-28,1.001451e-27,1.158610e-27,1.287257e-27,1.391844e-27,1.476419e-27,1.544527e-27,1.599196e-27,1.642967e-27,1.677941e-27,1.705842e-27,1.728072e-27,1.745767e-27,1.759841e-27,1.771029e-27,1.779916e-27,1.786975e-27,1.792579e-27,1.797027e-27,1.800557e-27,1.803358e-27,1.805580e-27,1.807343e-27,1.808741e-27
Cs-137,1.778451e+23,1.778482e+23,1.778483e+23,1.778481e+23,1.778479e+23,1.778475e+23,1.778472e+23,1.778467e+23,1.778460e+23,1.778453e+23,1.778443e+23,1.778430e+23,1.778415e+23,1.778395e+23,1.778370e+23,1.778339e+23,1.778299e+23,1.778249e+23,1.778186e+23,1.778107e+23,1.778007e+23,1.777881e+23,1.777722e+23,1.777521e+23,1.777268e+23,1.776950e+23,1.776548e+23,1.776041e+23,1.775402e+23,1.774597e+23,1.773582e+23,1.772303e+23,1.770691e+23,1.768661e+23,1.766104e+23,1.762885e+23,1.758834e+23,1.753739e+23,1.747335e+23,1.739293e+23,1.729204e+23,1.716565e+23,1.700759e+23,1.681034e+23,1.656486e+23,1.626040e+23,1.588444e+23,1.542271e+23,1.485954e+23,1.417858e+23,1.336419e+23,1.240356e+23,1.129000e+23,1.002715e+23,8.634041e+22,7.149787e+22,5.636224e+22,4.175589e+22,2.860505e+22,1.775362e+22
Cs-138,7.819289e+22,6.078883e+22,4.253127e+22,2.624350e+22,1.393957e+22,6.182886e+21,2.200737e+21,5.963195e+20,1.148079e+20,1.437544e+19,1.046457e+18,3.844103e+16,5.960872e+14,3.115261e+12,4.131014e+09,9.716749e+05,2.581240e+01,4.382705e-05,2.320011e-12,1.539319e-21,-8.457184e-24,1.372149e-24,-7.811689e-24,-1.038725e-24,-9.310043e-24,-3.444636e-24,4.661835e-24,5.573508e-24,-1.170265e-23,9.202637e-24,7.113391e-25,-6.012468e-24,7.927255e-25,-3.069768e-24,5.300326e-24,1.040427e-23,-1.582134e-25,-1.227517e-23,-1.324053e-23,-4.720129e-24,5.317329e-24,1.133417e-23,1.223221e-23,9.547655e-24,5.370242e-24,1.259898e-24,-1.978570e-24,-4.121062e-24,-5.270590e-24,-5.660021e-24,-5.536037e-24,-5.106254e-24,-4.524328e-24,-3.893643e-24,-3.277777e-24,-2.711745e-24,-2.211530e-24,-1.781274e-24,-1.418298e-24,-1.116426e-24
Cs-138m,4.025941e+15,9.653944e+13,8.742406e+11,2.318748e+09,1.307266e+06,1.045722e+02,7.129226e-04,2.178158e-10,1.325981e-18,-1.231183e-25,3.194253e-27,-6.049799e-26,1.295481e-25,1.463325e-25,1.327997e-25,-4.010133e-27,-1.415589e-25,1.254719e-25,-9.444916e-26,1.028586e-25,-1.369970e-25,1.357908e-25,-2.545055e-26,-1.289716e-25,8.245892e-26,1.271632e-25,-3.928598e-26,-1.452835e-25,-8.785463e-26,4.164154e-26,1.316201e-25,1.404119e-25,8.593248e-26,6.200497e-27,-6.739755e-26,-1.183943e-25,-1.429696e-25,-1.446606e-25,-1.298393e-25,-1.049503e-25,-7.525149e-26,-4.449233e-26,-1.505663e-26,1.172928e-26,3.527837e-26,5.547800e-26,7.249345e-26,8.663320e-26,9.826246e-26,1.077513e-25,1.154464e-25,1.216570e-25,1.266508e-25,1.306544e-25,1.338569e-25,1.364139e-25,1.384526e-25,1.400763e-25,1.413682e-25,1.423954e-25
Cs-139,2.200655e+21,6.822714e+20,1.558131e+20,2.420127e+19,2.311853e+18,1.196364e+17,2.857964e+15,2.575785e+13,6.790748e+10,3.799540e+07,3.010413e+03,2.027726e-02,6.101614e-09,3.643810e-17,-2.717968e-24,-3.289142e-24,1.188532e-24,5.349948e-24,1.044786e-24,2.239964e-24,2.382451e-24,-8.794590e-25,4.687740e-24,-4.893752e-24,-4.797259e-25,-7.163332e-24,2.749663e-24,-1.955911e-25,-1.643359e-24,5.738788e-24,7.418186e-24,2.256167e-24,-1.394204e-24,-3.126438e-25,2.846956e-24,4.804561e-24,4.361168e-24,2.086771e-24,-8.627071e-25,-3.543057e-24,-5.465446e-24,-6.524302e-24,-6.836011e-24,-6.601730e-24,-6.023828e-24,-5.267823e-24,-4.452722e-24,-3.655418e-24,-2.920079e-24,-2.267852e-24,-1.704961e-24,-1.228722e-24,-8.316991e-25,-5.043850e-25,-2.368295e-25,-1.955416e-26,1.559931e-25,2.972638e-25,4.105978e-25,5.012979e-25
Cs-140,1.892987e+06,6.860018e+01,1.723116e-04,1.494626e-11,1.859240e-20,4.525325e-24,-2.052061e-24,4.866663e-24,-3.822300e-24,5.691868e-25,-2.198588e-24,4.958287e-24,9.516296e-25,-2.730818e-24,-9.065795e-25,-4.198132e-26,1.541150e-24,5.892706e-24,-4.209020e-24,-4.755156e-24,1.068799e-24,6.109806e-25,-2.942790e-24,-2.841156e-24,1.144299e-24,5.427102e-24,7.344848e-24,6.522284e-24,3.970487e-24,9.326058e-25,-1.719195e-24,-3.588336e-24,-4.627463e-24,-4.973200e-24,-4.822386e-24,-4.362391e-24,-3.742141e-24,-3.066852e-24,-2.403742e-24,-1.791167e-24,-1.247467e-24,-7.781328e-25,-3.810414e-25,-5.002487e-26,2.228433e-25,4.458682e-25,6.269624e-25,7.732634e-25,8.909890e-25,9.854276e-25,1.061002e-24,1.121364e-24,1.169505e-24,1.207852e-24,1.238370e-24,1.262639e-24,1.281927e-24,1.297250e-24,1.309418e-24,1.319078e-24
Cs-141,2.915200e-21,-1.493287e-24,1.711054e-24,1.541199e-24,-2.401814e-24,-3.018233e-24,-3.345084e-25,3.534007e-24,1.582225e-25,-1.366015e-24,7.902205e-25,-1.878234e-24,-1.122515e-24,2.335203e-24,-1.942711e-24,-3.169960e-25,3.492561e-24,2.209845e-24,-1.137773e-24,-1.991496e-24,-2.108779e-25,1.960139e-24,2.880796e-24,2.312210e-24,8.427071e-25,-8.131991e-25,-2.169682e-24,-3.023644e-24,-3.373912e-24,-3.320915e-24,-2.993495e-24,-2.508997e-24,-1.957772e-24,-1.401562e-24,-8.780477e-25,-4.070673e-25,3.614374e-27,3.537512e-25,6.473477e-25,8.904741e-25,1.089896e-24,1.252275e-24,1.383743e-24,1.489714e-24,1.574837e-24,1.643030e-24,1.697543e-24,1.741047e-24,1.775719e-24,1.803324e-24,1.825283e-24,1.842741e-24,1.856612e-24,1.867629e-24,1.876376e-24,1.883320e-24,1.888830e-24,1.893203e-24,1.896672e-24,1.899424e-24
Cs-142,-3.327882e-24,3.220816e-24,-5.028429e-26,-3.199185e-24,9.237256e-25,2.896552e-24,2.986846e-25,-2.236037e-24,-2.111785e-24,-2.939451e-25,1.393850e-24,2.025299e-24,1.648428e-24,7.377899e-25,-2.435965e-25,-1.015136e-24,-1.475915e-24,-1.640580e-24,-1.576346e-24,-1.361348e-24,-1.063680e-24,-7.342537e-25,-4.070089e-25,-1.021021e-25,1.702860e-25,4.065944e-25,6.073038e-25,7.751211e-25,9.137856e-25,1.027331e-24,1.119664e-24,1.194343e-24,1.254490e-24,1.302774e-24,1.341435e-24,1.372328e-24,1.396975e-24,1.416614e-24,1.432246e-24,1.444680e-24,1.454563e-24,1.462415e-24,1.468651e-24,1.473602e-24,1.477532e-24,1.480651e-24,1.483125e-24,1.485089e-24,1.486646e-24,1.487882e-24,1.488862e-24,1.489639e-24,1.490255e-24,1.490744e-24,1.491132e-24,1.491439e-24,1.491683e-24,1.491877e-24,1.492030e-24,1.492152e-24
Cs-143,-8.795056e-25,5.403880e-25,3.016953e-25,-9.601491e-25,1.617557e-25,9.214217e-25,5.097400e-26,-8.499724e-25,-7.166252e-25,7.897312e-26,7.657359e-25,9.515897e-25,6.789170e-25,1.811946e-25,-3.196723e-25,-6.930439e-25,-8.966856e-25,-9.444291e-25,-8.747128e-25,-7.299308e-25,-5.462084e-25,-3.501274e-25,-1.591069e-25,1.676532e-26,1.726505e-25,3.071534e-25,4.209491e-25,5.158239e-25,5.940496e-25,6.580011e-25,7.099404e-25,7.519089e-25,7.856857e-25,8.127849e-25,8.344734e-25,8.517981e-25,8.656159e-25,8.766235e-25,8.853840e-25,8.923511e-25,8.978885e-25,9.022875e-25,9.057809e-25,9.085543e-25,9.107556e-25,9.125024e-25,9.138885e-25,9.149881e-25,9.158604e-25,9.165523e-25,9.171012e-25,9.175365e-25,9.178817e-25,9.181555e-25,9.183727e-25,9.185449e-25,9.186815e-25,9.187898e-25,9.188757e-25,9.189438e-25
Cs-144,-1.542419e-25,-1.611473e-25,2.156440e-25,1.773840e-25,-1.406188e-25,-2.659869e-25,-1.101700e-25,1.262183e-25,2.605932e-25,2.454295e-25,1.277376e-25,-2.199097e-26,-1.512422e-25,-2.352545e-25,-2.707234e-25,-2.659599e-25,-2.331652e-25,-1.839777e-25,-1.275899e-25,-7.039644e-26,-1.636093e-26,3.239071e-26,7.499335e-26,1.113764e-25,1.419242e-25,1.672465e-25,1.880336e-25,2.049701e-25,2.186893e-25,2.297522e-25,2.386414e-25,2.457643e-25,2.514594e-25,2.560051e-25,2.596284e-25,2.625134e-25,2.648086e-25,2.666334e-25,2.680834e-25,2.692350e-25,2.701495e-25,2.708754e-25,2.714514e-25,2.719086e-25,2.722712e-25,2.725590e-25,2.727872e-25,2.729682e-25,2.731118e-25,2.732257e-25,2.733161e-25,2.733877e-25,2.734445e-25,2.734896e-25,2.735253e-25,2.735536e-25,2.735761e-25,2.735939e-25,2.736080e-25,2.736192e-25
Cs-145,4.920002e-26,1.446918e-26,-4.022685e-26,-4.410529e-26,-5.538330e-27,3.428235e-26,4.964857e-26,3.923724e-26,1.443430e-26,-1.244431e-26,-3.352225e-26,-4.580305e-26,-4.959719e-26,-4.678876e-26,-3.962976e-26,-3.010907e-26,-1.972515e-26,-9.480554e-27,2.964605e-29,8.507388e-27,1.585251e-26,2.208583e-26,2.729471e-26,3.159707e-26,3.511912e-26,3.798261e-26,4.029829e-26,4.216316e-26,4.366011e-26,4.485865e-26,4.581633e-26,4.658035e-26,4.718910e-26,4.767366e-26,4.805906e-26,4.836541e-26,4.860880e-26,4.880209e-26,4.895555e-26,4.907736e-26,4.917403e-26,4.925073e-26,4.931158e-26,4.935985e-26,4.939815e-26,4.942852e-26,4.945261e-26,4.947172e-26,4.948687e-26,4.949889e-26,4.950842e-26,4.951598e-26,4.952197e-26,4.952672e-26,4.953049e-26,4.953348e-26,4.953585e-26,4.953773e-26,4.953922e-26,4.954041e-26
Cs-146,-4.990579e-27,-2.369891e-27,2.047051e-27,4.724884e-27,4.623884e-27,2.544919e-27,-2.060479e-28,-2.628220e-27,-4.234279e-27,-4.943673e-27,-4.900560e-27,-4.327749e-27,-3.441179e-27,-2.412950e-27,-1.363633e-27,-3.685222e-28,5.315376e-28,1.319462e-27,1.993218e-27,2.559454e-27,3.029169e-27,3.414968e-27,3.729435e-27,3.984249e-27,4.189777e-27,4.354956e-27,4.487335e-27,4.593191e-27,4.677690e-27,4.745049e-27,4.798686e-27,4.841360e-27,4.875288e-27,4.902248e-27,4.923662e-27,4.940666e-27,4.954163e-27,4.964876e-27,4.973376e-27,4.980120e-27,4.985470e-27,4.989715e-27,4.993081e-27,4.995751e-27,4.997869e-27,4.999549e-27,5.000881e-27,5.001937e-27,5.002775e-27,5.003440e-27,5.003966e-27,5.004384e-27,5.004716e-27,5.004978e-27,5.005187e-27,5.005352e-27,5.005483e-27,5.005587e-27,5.005669e-27,5.005735e-27
Cs-147,-1.115113e-28,1.047692e-27,1.469372e-27,1.137184e-27,3.946568e-28,-3.971813e-28,-1.011364e-27,-1.364125e-27,-1.467392e-27,-1.377899e-27,-1.162231e-27,-8.787321e-28,-5.711362e-28,-2.685715e-28,1.176379e-29,2.613341e-28,4.773566e-28,6.605523e-28,8.135594e-28,9.398872e-28,1.043271e-27,1.127305e-27,1.195249e-27,1.249958e-27,1.293869e-27,1.329023e-27,1.357110e-27,1.379517e-27,1.397369e-27,1.411578e-27,1.422880e-27,1.431863e-27,1.439000e-27,1.444668e-27,1.449168e-27,1.452739e-27,1.455574e-27,1.457823e-27,1.459607e-27,1.461022e-27,1.462145e-27,1.463036e-27,1.463742e-27,1.464302e-27,1.464747e-27,1.465099e-27,1.465378e-27,1.465600e-27,1.465776e-27,1.465915e-27,1.466026e-27,1.466113e-27,1.466183e-27,1.466238e-27,1.466282e-27,1.466316e-27,1.466344e-27,1.466366e-27,1.466383e-27,1.466397e-27
Cs-148,8.578081e-30,6.778368e-30,2.489103e-30,-2.159372e-30,-5.804392e-30,-7.927474e-30,-8.582298e-30,-8.094845e-30,-6.854767e-30,-5.206200e-30,-3.408423e-30,-1.634898e-30,1.141602e-32,1.478959e-30,2.750415e-30,3.829403e-30,4.731051e-30,5.475776e-30,6.085428e-30,6.581086e-30,6.981917e-30,7.304717e-30,7.563830e-30,7.771290e-30,7.937059e-30,8.069305e-30,8.174676e-30,8.258550e-30,8.325260e-30,8.378287e-30,8.420415e-30,8.453873e-30,8.480436e-30,8.501521e-30,8.518253e-30,8.531529e-30,8.542062e-30,8.550418e-30,8.557046e-30,8.562304e-30,8.566474e-30,8.569781e-30,8.572404e-30,8.574484e-30,8.576134e-30,8.577442e-30,8.578479e-30,8.579302e-30,8.579955e-30,8.580472e-30,8.580882e-30,8.581208e-30,8.581466e-30,8.581671e-30,8.581833e-30,8.581962e-30,8.582064e-30,8.582145e-30,8.582209e-30,8.582260e-30
Cs-149,-2.022119e-31,-2.349531e-31,-2.321988e-31,-2.045561e-31,-1.622399e-31,-1.133624e-31,-6.359090e-32,-1.645428e-32,2.614102e-32,6.340537e-32,9.525516e-32,1.220127e-31,1.442033e-31,1.624257e-31,1.772765e-31,1.893086e-31,1.990126e-31,2.068109e-31,2.130603e-31,2.180574e-31,2.220462e-31,2.252257e-31,2.277575e-31,2.297717e-31,2.313732e-31,2.326457e-31,2.336564e-31,2.344590e-31,2.350961e-31,2.356017e-31,2.360029e-31,2.363212e-31,2.365737e-31,2.367740e-31,2.369329e-31,2.370590e-31,2.371589e-31,2.372382e-31,2.373011e-31,2.373509e-31,2.373905e-31,2.374218e-31,2.374467e-31,2.374664e-31,2.374821e-31,2.374945e-31,2.375043e-31,2.375121e-31,2.375183e-31,2.375232e-31,2.375271e-31,2.375302e-31,2.375326e-31,2.375345e-31,2.375361e-31,2.375373e-31,2.375383e-31,2.375390e-31,2.375396e-31,2.375401e-31
Cs-150,-1.109836e-33,-1.289536e-33,-1.274419e-33,-1.122702e-33,-8.904509e-34,-6.221877e-34,-3.490175e-34,-9.030902e-35,1.434745e-34,3.479992e-34,5.228062e-34,6.696647e-34,7.914569e-34,8.914702e-34,9.729786e-34,1.039017e-33,1.092277e-33,1.135078e-33,1.169378e-33,1.196804e-33,1.218696e-33,1.236147e-33,1.250043e-33,1.261098e-33,1.269887e-33,1.276872e-33,1.282419e-33,1.286824e-33,1.290320e-33,1.293095e-33,1.295297e-33,1.297045e-33,1.298430e-33,1.299530e-33,1.300402e-33,1.301094e-33,1.301642e-33,1.302077e-33,1.302423e-33,1.302696e-33,1.302913e-33,1.303085e-33,1.303222e-33,1.303330e-33,1.303416e-33,1.303484e-33,1.303538e-33,1.303581e-33,1.303615e-33,1.303642e-33,1.303663e-33,1.303680e-33,1.303693e-33,1.303704e-33,1.303712e-33,1.303719e-33,1.303724e-33,1.303729e-33,1.303732e-33,1.303735e-33
Cs-151,-5.281313e-36,-6.136437e-36,-6.064503e-36,-5.342538e-36,-4.237337e-36,-2.960768e-36,-1.660849e-36,-4.297482e-37,6.827437e-37,1.656003e-36,2.487847e-36,3.186694e-36,3.766260e-36,4.242187e-36,4.630056e-36,4.944308e-36,5.197754e-36,5.401429e-36,5.564649e-36,5.695161e-36,5.799339e-36,5.882381e-36,5.948506e-36,6.001113e-36,6.042938e-36,6.076174e-36,6.102572e-36,6.123533e-36,6.140172e-36,6.153377e-36,6.163856e-36,6.172170e-36,6.178765e-36,6.183997e-36,6.188147e-36,6.191438e-36,6.194049e-36,6.196120e-36,6.197762e-36,6.199064e-36,6.200097e-36,6.200916e-36,6.201565e-36,6.202080e-36,6.202489e-36,6.202813e-36,6.203070e-36,6.203273e-36,6.203435e-36,6.203563e-36,6.203664e-36,6.203745e-36,6.203809e-36,6.203860e-36,6.203900e-36,6.203932e-36,6.203957e-36,6.203977e-36,6.203993e-36,6.204005e-36
Ba-132,1.780647e+11,2.244145e+11,2.827862e+11,3.562726e+11,4.487476e+11,5.650542e+11,7.112333e+11,8.947982e+11,1.125058e+12,1.413493e+12,1.774172e+12,2.224203e+12,2.784167e+12,3.478494e+12,4.335644e+12,5.387947e+12,6.670835e+12,8.221107e+12,1.007379e+13,1.225709e+13,1.478498e+13,1.764749e+13,2.079934e+13,2.414945e+13,2.755554e+13,3.083022e+13,3.376470e+13,3.617178e+13,3.793867e+13,3.906688e+13,3.967179e+13,3.993243e+13,4.001787e+13,4.003779e+13,4.004083e+13,4.004110e+13,4.004111e+13,4.004111e+13,4.004111e+13,4.004111e+13,4.004111e+13,4.004111e+13,4.004111e+13,4.004111e+13,4.004111e+13,4.004111e+13,4.004111e+13,4.004111e+13,4.004111e+13,4.004111e+13,4.004111e+13,4.004111e+13,4.004111e+13,4.004111e+13,4.004111e+13,4.004111e+13,4.004111e+13,4.004111e+13,4.004111e+13,4.004111e+13
Ba-133,3.017447e+10,3.017441e+10,3.017433e+10,3.017424e+10,3.017412e+10,3.017397e+10,3.017378e+10,3.017354e+10,3.017324e+10,3.017286e+10,3.017239e+10,3.017179e+10,3.017103e+10,3.017007e+10,3.016886e+10,3.016734e+10,3.016542e+10,3.016300e+10,3.015995e+10,3.015610e+10,3.015124e+10,3.014513e+10,3.013741e+10,3.012769e+10,3.011543e+10,3.009998e+10,3.008051e+10,3.005597e+10,3.002505e+10,2.998612e+10,2.993709e+10,2.987537e+10,2.979773e+10,2.970011e+10,2.957746e+10,2.942352e+10,2.923054e+10,2.898898e+10,2.868722e+10,2.831116e+10,2.784397e+10,2.726579e+10,2.655377e+10,2.568235e+10,2.462411e+10,2.335157e+10,2.184020e+10,2.007296e+10,1.804683e+10,1.578077e+10,1.332430e+10,1.076413e+10,8.224797e+09,5.858266e+09,3.818991e+09,2.226504e+09,1.127541e+09,4.780893e+08,1.620392e+08,4.140718e+07
Ba-134,2.001529e+13,2.139669e+13,2.321163e+13,2.560746e+13,2.878280e+13,3.300302e+13,3.861782e+13,4.607959e+13,5.596036e+13,6.896598e+13,8.594869e+13,1.079250e+14,1.361122e+14,1.719978e+14,2.174478e+14,2.748440e+14,3.472341e+14,4.384945e+14,5.535247e+14,6.984969e+14,8.811768e+14,1.111328e+15,1.401218e+15,1.766239e+15,2.225687e+15,2.803709e+15,3.530463e+15,4.443513e+15,5.589501e+15,7.026092e+15,8.824196e+15,1.107040e+16,1.386950e+16,1.734677e+16,2.164969e+16,2.694812e+16,3.343200e+16,4.130465e+16,5.076962e+16,6.200828e+16,7.514533e+16,9.020097e+16,1.070310e+17,1.252638e+17,1.442510e+17,1.630650e+17,1.805766e+17,1.956427e+17,2.073847e+17,2.154675e+17,2.202293e+17,2.225375e+17,2.234143e+17,2.236599e+17,2.237069e+17,2.237125e+17,2.237129e+17,2.237129e+17,2.237129e+17,2.237129e+17
Ba-135,1.134797e+15,1.141608e+15,1.150143e+15,1.160823e+15,1.174164e+15,1.190796e+15,1.211481e+15,1.237140e+15,1.268873e+15,1.307989e+15,1.356025e+15,1.414756e+15,1.486170e+15,1.572360e+15,1.675289e+15,1.796392e+15,1.936082e+15,2.093426e+15,2.266417e+15,2.453193e+15,2.654072e+15,2.873682e+15,3.122273e+15,3.415658e+15,3.774027e+15,4.220744e+15,4.782363e+15,5.490200e+15,6.382750e+15,7.508279e+15,8.927605e+15,1.071742e+16,1.297443e+16,1.582058e+16,1.940967e+16,2.393561e+16,2.964296e+16,3.684011e+16,4.591592e+16,5.736080e+16,7.179313e+16,8.999273e+16,1.129430e+17,1.418839e+17,1.783793e+17,2.244011e+17,2.824359e+17,3.556196e+17,4.479063e+17,5.642826e+17,7.110365e+17,8.960974e+17,1.129465e+18,1.423747e+18,1.794846e+18,2.262811e+18,2.852928e+18,3.597080e+18,4.535474e+18,5.718811e+18
Ba-135m,1.081889e+15,1.075090e+15,1.066577e+15,1.055938e+15,1.042673e+15,1.026182e+15,1.005759e+15,9.805830e+14,9.497317e+14,9.122073e+14,8.669941e+14,8.131598e+14,7.500126e+14,6.773250e+14,5.956202e+14,5.064879e+14,4.128499e+14,3.190375e+14,2.304990e+14,1.529839e+14,9.123327e+13,4.754024e+13,2.089652e+13,7.411432e+12,2.005497e+12,3.857981e+11,4.826550e+10,3.509745e+09,1.287561e+08,1.993192e+06,1.039463e+04,1.374692e+01,3.222547e-03,8.524176e-08,1.439554e-13,6.840346e-03,2.727822e-03,1.648099e-02,-2.306976e-02,-2.575854e-02,-2.099327e-02,-1.480706e-05,4.741591e-02,-1.130169e-01,8.415734e-02,1.813003e-02,-1.086953e-02,-8.143289e-03,4.410287e-03,1.625975e-01,-1.273830e-02,1.046243e-01,-1.593455e-01,-9.523466e-02,-1.626598e-02,2.201072e-02,2.112368e-03,1.478827e-02,2.883972e-02,1.039822e-02
Ba-136,4.057061e+19,4.063947e+19,4.072626e+19,4.083561e+19,4.097335e+19,4.114683e+19,4.136524e+19,4.164009e+19,4.198578e+19,4.242028e+19,4.296593e+19,4.365042e+19,4.450793e+19,4.558033e+19,4.691857e+19,4.858400e+19,5.064949e+19,5.320003e+19,5.633233e+19,6.015260e+19,6.477160e+19,7.029535e+19,7.681037e+19,8.436178e+19,9.292432e+19,1.023684e+20,1.124282e+20,1.226837e+20,1.325771e+20,1.414807e+20,1.488235e+20,1.542498e+20,1.577441e+20,1.596376e+20,1.604643e+20,1.607398e+20,1.608054e+20,1.608157e+20,1.608166e+20,1.608167e+20,1.608167e+20,1.608167e+20,1.608167e+20,1.608167e+20,1.608167e+20,1.608167e+20,1.608167e+20,1.608167e+20,1.608167e+20,1.608167e+20,1.608167e+20,1.608167e+20,1.608167e+20,1.608167e+20,1.608167e+20,1.608167e+20,1.608167e+20,1.608167e+20,1.608167e+20,1.608167e+20
Ba-136m,3.611899e+12,3.609830e+12,3.607224e+12,3.603939e+12,3.599802e+12,3.594591e+12,3.588030e+12,3.579774e+12,3.569391e+12,3.556340e+12,3.539950e+12,3.519389e+12,3.493632e+12,3.461419e+12,3.421222e+12,3.371196e+12,3.309154e+12,3.232542e+12,3.138455e+12,3.023704e+12,2.884960e+12,2.719040e+12,2.523345e+12,2.296519e+12,2.039321e+12,1.755643e+12,1.453472e+12,1.145421e+12,8.482471e+11,5.808045e+11,3.602468e+11,1.972536e+11,9.229340e+10,3.541722e+10,1.058477e+10,2.307964e+09,3.381566e+08,3.001088e+07,1.415395e+06,3.007782e+04,2.338879e+02,5.119110e-01,2.265113e-04,1.334944e-08,6.191223e-14,1.163689e-20,3.995010e-29,1.548181e-30,1.548310e-30,1.548640e-30,1.548814e-30,1.548921e-30,1.549042e-30,1.549090e-30,1.549027e-30,1.549195e-30,1.549171e-30,1.549254e-30,1.549185e-30,1.549348e-30
Ba-137,5.830058e+18,5.952092e+18,6.105983e+18,6.300043e+18,6.544759e+18,6.853352e+18,7.242497e+18,7.733220e+18,8.352033e+18,9.132373e+18,1.011640e+19,1.135728e+19,1.292205e+19,1.489526e+19,1.738350e+19,2.052120e+19,2.447786e+19,2.946720e+19,3.575870e+19,4.369215e+19,5.369598e+19,6.631030e+19,8.221606e+19,1.022717e+20,1.275592e+20,1.594424e+20,1.996399e+20,2.503171e+20,3.142021e+20,3.947302e+20,4.962265e+20,6.241337e+20,7.852969e+20,9.883198e+20,1.244006e+21,1.565907e+21,1.970997e+21,2.480502e+21,3.120899e+21,3.925126e+21,4.934005e+21,6.197894e+21,7.778535e+21,9.751038e+21,1.220584e+22,1.525039e+22,1.901000e+22,2.362732e+22,2.925903e+22,3.606857e+22,4.421251e+22,5.381877e+22,6.495441e+22,7.758287e+22,9.151400e+22,1.063565e+23,1.214922e+23,1.360985e+23,1.492494e+23,1.601008e+23
Ba-137m,2.716613e+16,2.716729e+16,2.716735e+16,2.716732e+16,2.716729e+16,2.716724e+16,2.716718e+16,2.716711e+16,2.716701e+16,2.716689e+16,2.716674e+16,2.716655e+16,2.716631e+16,2.716601e+16,2.716563e+16,2.716515e+16,2.716455e+16,2.716379e+16,2.716282e+16,2.716161e+16,2.716008e+16,2.715816e+16,2.715573e+16,2.715266e+16,2.714880e+16,2.714393e+16,2.713779e+16,2.713005e+16,2.712029e+16,2.710799e+16,2.709249e+16,2.707295e+16,2.704833e+16,2.701732e+16,2.697826e+16,2.692909e+16,2.686721e+16,2.678938e+16,2.669155e+16,2.656870e+16,2.641459e+16,2.622152e+16,2.598007e+16,2.567876e+16,2.530377e+16,2.483870e+16,2.426440e+16,2.355908e+16,2.269880e+16,2.165861e+16,2.041457e+16,1.894716e+16,1.724613e+16,1.531706e+16,1.318900e+16,1.092171e+16,8.609658e+15,6.378453e+15,4.369586e+15,2.711968e+15
Ba-138,1.085974e+23,1.311296e+23,1.521313e+23,1.695985e+23,1.822879e+23,1.901341e+23,1.941298e+23,1.957355e+23,1.962170e+23,1.963175e+23,1.963308e+23,1.963318e+23,1.963318e+23,1.963318e+23,1.963318e+23,1.963318e+23,1.963318e+23,1.963318e+23,1.963318e+23,1.963318e+23,1.963318e+23,1.963318e+23,1.963318e+23,1.963318e+23,1.963318e+23,1.963318e+23,1.963318e+23,1.963318e+23,1.963318e+23,1.963318e+23,1.963318e+23,1.963318e+23,1.963318e+23,1.963318e+23,1.963318e+23,1.963318e+23,1.963318e+23,1.963318e+23,1.963318e+23,1.963318e+23,1.963318e+23,1.963318e+23,1.963318e+23,1.963318e+23,1.963318e+23,1.963318e+23,1.963318e+23,1.963318e+23,1.963318e+23,1.963318e+23,1.963318e+23,1.963318e+23,1.963318e+23,1.963318e+23,1.963318e+23,1.963318e+23,1.963318e+23,1.963318e+23,1.963318e+23,1.963318e+23
Ba-139,1.251377e+23,1.112116e+23,9.478879e+22,7.711578e+22,5.935442e+22,4.265152e+22,2.811463e+22,1.662193e+22,8.567427e+21,3.714383e+21,1.294728e+21,3.427636e+20,6.414288e+19,7.750194e+18,5.393788e+17,1.872208e+16,2.702903e+14,1.290847e+12,1.527847e+09,3.113891e+05,6.904358e+00,9.333879e-06,3.706803e-13,1.761015e-22,-7.864024e-24,9.250860e-24,-8.127594e-24,-3.791604e-24,-4.885815e-25,-6.766288e-24,-1.750700e-24,2.965619e-24,9.040382e-25,6.874616e-24,-4.788524e-24,-3.849893e-24,-1.522412e-24,-7.365925e-24,-7.470837e-25,7.120144e-24,5.590761e-24,1.185232e-24,8.502036e-25,4.040131e-24,7.029323e-24,7.518447e-24,5.496622e-24,2.132372e-24,-1.347539e-24,-4.165461e-24,-6.028005e-24,-6.969143e-24,-7.179350e-24,-6.886783e-24,-6.294771e-24,-5.558899e-24,-4.785935e-24,-4.042129e-24,-3.363822e-24,-2.767066e-24
Ba-140,1.798787e+23,1.797724e+23,1.796384e+23,1.794696e+23,1.792570e+23,1.789892e+23,1.786521e+23,1.782279e+23,1.776945e+23,1.770240e+23,1.761822e+23,1.751263e+23,1.738038e+23,1.721504e+23,1.700877e+23,1.675219e+23,1.643413e+23,1.604165e+23,1.556006e+23,1.497331e+23,1.426484e+23,1.341903e+23,1.242356e+23,1.127283e+23,9.972429e+22,8.544248e+22,7.031121e+22,5.498944e+22,4.033390e+22,2.728502e+22,1.666746e+22,8.952406e+21,4.088372e+21,1.521630e+21,4.375454e+20,9.087513e+19,1.252257e+19,1.028632e+18,4.400437e+16,8.268807e+14,5.506025e+12,9.910012e+09,3.426448e+06,1.479548e+02,4.635450e-04,5.312947e-11,9.393344e-20,6.436616e-25,-5.416173e-24,6.205419e-25,-2.945571e-24,-3.870581e-24,-1.451778e-24,2.877234e-25,-6.244693e-24,-3.485492e-24,-2.966565e-24,-3.657358e-24,-5.745783e-24,2.603244e-25
Ba-141,1.766086e+22,9.748915e+21,4.608298e+21,1.791355e+21,5.441349e+20,1.211030e+20,1.820824e+19,1.669484e+18,8.204078e+16,1.836139e+15,1.524226e+13,3.622655e+10,1.778508e+07,1.194933e+03,6.537747e-03,1.513541e-09,6.494004e-18,-1.900945e-24,-6.847924e-25,3.560109e-24,4.546116e-24,1.728042e-24,1.047768e-24,-1.085436e-24,-4.922107e-24,3.145130e-24,1.400171e-25,4.643657e-24,-3.988971e-25,6.585713e-24,1.134437e-24,-1.264651e-24,3.845275e-24,3.825898e-24,-1.275921e-24,-4.250717e-24,-2.884216e-24,1.916212e-25,2.115146e-24,1.930335e-24,1.850980e-25,-2.113738e-24,-4.168082e-24,-5.577315e-24,-6.265576e-24,-6.340597e-24,-5.977120e-24,-5.347311e-24,-4.589927e-24,-3.803234e-24,-3.049457e-24,-2.363150e-24,-1.759625e-24,-1.241886e-24,-8.057477e-25,-4.433196e-25,-1.452453e-25,9.796272e-26,2.951885e-25,4.543635e-25
Ba-142,3.303257e+21,1.186211e+21,3.260471e+20,6.397227e+19,8.205019e+18,6.156751e+17,2.349826e+16,3.823813e+14,2.123710e+12,3.040647e+09,7.878319e+05,2.364331e+01,4.681829e-05,3.008790e-12,2.561516e-21,-3.919750e-25,4.586430e-24,2.292859e-24,-1.269573e-24,-1.698759e-24,1.632200e-25,4.247241e-24,4.410539e-26,-1.800116e-24,1.991004e-24,-2.091018e-24,-1.367839e-24,2.218927e-24,-4.331717e-24,-2.526460e-24,2.210398e-24,2.451550e-25,-4.210518e-24,-5.138485e-24,-2.497911e-24,6.336299e-25,2.052441e-24,1.453037e-24,-3.660646e-25,-2.445164e-24,-4.135081e-24,-5.165972e-24,-5.537431e-24,-5.383840e-24,-4.876674e-24,-4.171485e-24,-3.387499e-24,-2.605680e-24,-1.874926e-24,-1.220454e-24,-6.515244e-25,-1.675261e-25,2.376710e-25,5.728167e-25,8.474716e-25,1.070956e-24,1.251802e-24,1.397516e-24,1.514527e-24,1.608242e-24
Ba-143,-4.441909e-25,-3.568370e-24,-1.036872e-24,-3.172140e-25,-3.847627e-24,-1.614804e-24,3.277796e-24,-2.783007e-24,4.560458e-24,-3.606144e-24,1.165782e-24,3.285571e-25,-4.491437e-24,4.221379e-25,4.086684e-24,1.056806e-24,-2.399866e-24,-1.911900e-24,1.151180e-24,3.752373e-24,4.331429e-24,3.061277e-24,8.846338e-25,-1.299646e-24,-2.959708e-24,-3.921141e-24,-4.237402e-24,-4.062894e-24,-3.569242e-24,-2.903560e-24,-2.174835e-24,-1.455194e-24,-7.871078e-25,-1.917124e-25,3.239523e-25,7.614053e-25,1.126844e-24,1.428599e-24,1.675567e-24,1.876318e-24,2.038637e-24,2.169340e-24,2.274246e-24,2.358232e-24,2.425336e-24,2.478867e-24,2.521518e-24,2.555466e-24,2.582467e-24,2.603928e-24,2.620979e-24,2.634520e-24,2.645271e-24,2.653804e-24,2.660575e-24,2.665949e-24,2.670211e-24,2.673593e-24,2.676276e-24,2.678403e-24
Ba-144,-6.262484e-01,1.464717e+05,6.166156e+04,9.812196e+04,3.647660e+00,-8.798874e+04,-9.037865e+04,7.124541e+04,3.621605e+03,4.971304e+04,3.925649e+04,-3.892827e+03,1.856780e-01,-1.835181e+04,-1.243429e+04,1.412121e+03,7.219052e+02,-5.807603e+03,7.367114e+01,-3.441189e+02,-4.306828e+03,-2.933784e+03,-2.165705e+03,-2.049064e+03,1.730260e+03,1.085836e+03,-9.581227e+02,1.143174e+02,-2.864637e+01,-4.002797e+02,-5.379275e+01,2.821688e+01,4.488107e+01,3.628384e+01,9.275217e+00,-1.392266e+01,-3.503040e+00,1.272509e+01,5.971738e+00,-3.422831e+00,-1.848841e+01,6.859833e+00,-2.565308e+00,4.952107e-01,-1.033123e+00,-3.117719e-01,-1.073725e-02,-4.606028e-03,-4.116783e-04,1.203963e-03,1.059517e-04,-3.206252e-07,2.662218e-07,-3.387118e-09,9.470457e-12,-2.527813e-15,5.801343e-18,1.805141e-21,-1.229313e-04,5.064648e-01
Ba-145,-1.206874e-24,1.161866e-24,-9.017429e-25,1.035679e-24,-1.225893e-24,1.098524e-24,-1.687053e-25,-1.199745e-24,6.352082e-25,1.152489e-24,-2.457561e-25,-1.209142e-24,-7.541453e-25,3.652987e-25,1.165646e-24,1.260156e-24,7.919521e-25,9.123337e-26,-5.639318e-25,-1.024896e-24,-1.254795e-24,-1.282695e-24,-1.163658e-24,-9.540947e-25,-7.003519e-25,-4.356695e-25,-1.813127e-25,5.077643e-26,2.552015e-25,4.307853e-25,5.788364e-25,7.019567e-25,8.032738e-25,8.859788e-25,9.530709e-25,1.007234e-24,1.050794e-24,1.085723e-24,1.113666e-24,1.135979e-24,1.153770e-24,1.167940e-24,1.179216e-24,1.188182e-24,1.195307e-24,1.200967e-24,1.205462e-24,1.209030e-24,1.211862e-24,1.214109e-24,1.215892e-24,1.217306e-24,1.218428e-24,1.219318e-24,1.220024e-24,1.220584e-24,1.221028e-24,1.221380e-24,1.221660e-24,1.221881e-24
Ba-146,5.876060e-25,-5.989653e-25,4.218002e-25,1.083487e-25,-6.003440e-25,1.828923e-25,5.839828e-25,-2.419444e-26,-5.683509e-25,-4.376848e-25,8.299649e-26,5.051698e-25,6.001975e-25,4.099578e-25,8.720075e-26,-2.291000e-25,-4.597749e-25,-5.811976e-25,-6.040836e-25,-5.536971e-25,-4.571369e-25,-3.371846e-25,-2.104439e-25,-8.769673e-26,2.488630e-26,1.244122e-25,2.101240e-25,2.825389e-25,3.428501e-25,3.925378e-25,4.331338e-25,4.660889e-25,4.927077e-25,5.141247e-25,5.313037e-25,5.450502e-25,5.560294e-25,5.647851e-25,5.717596e-25,5.773099e-25,5.817237e-25,5.852316e-25,5.880183e-25,5.902312e-25,5.919880e-25,5.933824e-25,5.944889e-25,5.953668e-25,5.960633e-25,5.966159e-25,5.970542e-25,5.974018e-25,5.976775e-25,5.978962e-25,5.980696e-25,5.982071e-25,5.983162e-25,5.984027e-25,5.984713e-25,5.985257e-25
Ba-147,-1.608839e-25,2.858324e-26,1.578181e-25,7.783586e-27,-1.479631e-25,-1.260183e-25,1.036890e-26,1.287978e-25,1.615967e-25,1.157081e-25,3.103693e-26,-5.436809e-26,-1.180587e-25,-1.527425e-25,-1.607540e-25,-1.486612e-25,-1.237210e-25,-9.212130e-26,-5.841677e-26,-2.559234e-26,4.623667e-27,3.140283e-26,5.450712e-26,7.405347e-26,9.034928e-26,1.037851e-25,1.147690e-25,1.236897e-25,1.308978e-25,1.366989e-25,1.413531e-25,1.450780e-25,1.480535e-25,1.504266e-25,1.523171e-25,1.538217e-25,1.550182e-25,1.559693e-25,1.567248e-25,1.573247e-25,1.578011e-25,1.581791e-25,1.584791e-25,1.587172e-25,1.589060e-25,1.590558e-25,1.591747e-25,1.592689e-25,1.593437e-25,1.594030e-25,1.594500e-25,1.594873e-25,1.595169e-25,1.595403e-25,1.595589e-25,1.595737e-25,1.595854e-25,1.595947e-25,1.596020e-25,1.596079e-25
Ba-148,1.343701e-26,7.425615e-27,-9.713172e-27,-1.394448e-26,-4.018534e-27,8.363466e-27,1.435614e-26,1.246680e-26,5.663363e-27,-2.321622e-27,-8.906412e-27,-1.298220e-26,-1.450637e-26,-1.397991e-26,-1.206175e-26,-9.356445e-27,-6.330553e-27,-3.302638e-27,-4.662281e-28,2.077975e-27,4.292070e-27,6.177167e-27,7.756310e-27,9.063057e-27,1.013433e-26,1.100626e-26,1.171199e-26,1.228072e-26,1.273747e-26,1.310333e-26,1.339576e-26,1.362912e-26,1.381509e-26,1.396314e-26,1.408091e-26,1.417454e-26,1.424892e-26,1.430800e-26,1.435491e-26,1.439215e-26,1.442170e-26,1.444515e-26,1.446375e-26,1.447851e-26,1.449021e-26,1.449950e-26,1.450686e-26,1.451271e-26,1.451734e-26,1.452101e-26,1.452393e-26,1.452624e-26,1.452807e-26,1.452952e-26,1.453068e-26,1.453159e-26,1.453231e-26,1.453289e-26,1.453334e-26,1.453371e-26
Ba-149,-6.506142e-28,-4.773481e-28,1.108481e-28,5.722682e-28,6.647993e-28,4.436578e-28,8.119937e-29,-2.692232e-28,-5.217831e-28,-6.520494e-28,-6.730439e-28,-6.133457e-28,-5.031852e-28,-3.678007e-28,-2.254938e-28,-8.809111e-29,3.768306e-29,1.487168e-28,2.442441e-28,3.248925e-28,3.920239e-28,4.473072e-28,4.924604e-28,5.291057e-28,5.586994e-28,5.825063e-28,6.016001e-28,6.168773e-28,6.290781e-28,6.388076e-28,6.465573e-28,6.527244e-28,6.576285e-28,6.615260e-28,6.646221e-28,6.670807e-28,6.690325e-28,6.705816e-28,6.718109e-28,6.727863e-28,6.735601e-28,6.741740e-28,6.746609e-28,6.750471e-28,6.753534e-28,6.755964e-28,6.757890e-28,6.759418e-28,6.760630e-28,6.761591e-28,6.762353e-28,6.762958e-28,6.763437e-28,6.763817e-28,6.764119e-28,6.764358e-28,6.764547e-28,6.764698e-28,6.764817e-28,6.764911e-28
Ba-150,-3.071178e-29,-6.878768e-30,2.052551e-29,3.269190e-29,2.730566e-29,1.145446e-29,-6.521075e-30,-2.103640e-29,-2.980362e-29,-3.285598e-29,-3.137773e-29,-2.686194e-29,-2.065638e-29,-1.379068e-29,-6.961979e-30,-5.897868e-31,5.110919e-30,1.006265e-29,1.427278e-29,1.779596e-29,2.070911e-29,2.309588e-29,2.503761e-29,2.660865e-29,2.787434e-29,2.889063e-29,2.970453e-29,3.035498e-29,3.087398e-29,3.128755e-29,3.161678e-29,3.187866e-29,3.208683e-29,3.225223e-29,3.238359e-29,3.248788e-29,3.257067e-29,3.263636e-29,3.268849e-29,3.272985e-29,3.276266e-29,3.278869e-29,3.280933e-29,3.282570e-29,3.283869e-29,3.284899e-29,3.285716e-29,3.286364e-29,3.286877e-29,3.287285e-29,3.287608e-29,3.287864e-29,3.288067e-29,3.288228e-29,3.288356e-29,3.288457e-29,3.288538e-29,3.288602e-29,3.288652e-29,3.288692e-29
Ba-151,-2.854806e-31,1.897277e-31,4.963736e-31,5.047043e-31,2.919571e-31,-1.923867e-33,-2.661428e-31,-4.448760e-31,-5.271454e-31,-5.273286e-31,-4.690868e-31,-3.757794e-31,-2.662154e-31,-1.536762e-31,-4.652319e-32,5.065470e-32,1.358864e-31,2.088688e-31,2.702673e-31,3.212394e-31,3.631302e-31,3.972913e-31,4.249819e-31,4.473229e-31,4.652819e-31,4.796771e-31,4.911897e-31,5.003806e-31,5.077078e-31,5.135427e-31,5.181852e-31,5.218764e-31,5.248096e-31,5.271396e-31,5.289896e-31,5.304582e-31,5.316238e-31,5.325487e-31,5.332825e-31,5.338647e-31,5.343265e-31,5.346928e-31,5.349834e-31,5.352138e-31,5.353966e-31,5.355415e-31,5.356565e-31,5.357476e-31,5.358199e-31,5.358773e-31,5.359227e-31,5.359588e-31,5.359874e-31,5.360101e-31,5.360281e-31,5.360423e-31,5.360536e-31,5.360626e-31,5.360697e-31,5.360753e-31
Ba-152,-3.977236e-34,7.171736e-33,9.758532e-33,7.395907e-33,2.406165e-33,-2.834054e-33,-6.855135e-33,-9.131316e-33,-9.759167e-33,-9.122061e-33,-7.662340e-33,-5.764726e-33,-3.716171e-33,-1.706957e-33,1.511579e-34,1.803224e-33,3.231891e-33,4.442631e-33,5.453336e-33,6.287482e-33,6.969925e-33,7.524504e-33,7.972821e-33,8.333760e-33,8.623423e-33,8.855301e-33,9.040556e-33,9.188332e-33,9.306066e-33,9.399775e-33,9.474304e-33,9.533542e-33,9.580605e-33,9.617980e-33,9.647652e-33,9.671204e-33,9.689895e-33,9.704725e-33,9.716490e-33,9.725824e-33,9.733227e-33,9.739100e-33,9.743757e-33,9.747451e-33,9.750381e-33,9.752705e-33,9.754547e-33,9.756009e-33,9.757167e-33,9.758087e-33,9.758815e-33,9.759393e-33,9.759852e-33,9.760215e-33,9.760503e-33,9.760732e-33,9.760913e-33,9.761057e-33,9.761171e-33,9.761261e-33
Ba-153,2.342899e-35,2.216607e-35,1.162723e-35,-1.820902e-36,-1.344183e-35,-2.100452e-35,-2.421064e-35,-2.380613e-35,-2.088601e-35,-1.649430e-35,-1.145536e-35,-6.342495e-36,-1.511016e-36,2.848464e-36,6.658309e-36,9.912063e-36,1.264402e-35,1.490869e-35,1.676777e-35,1.828248e-35,1.950945e-35,2.049886e-35,2.129387e-35,2.193091e-35,2.244025e-35,2.284680e-35,2.317085e-35,2.342887e-35,2.363415e-35,2.379735e-35,2.392702e-35,2.403002e-35,2.411181e-35,2.417673e-35,2.422825e-35,2.426913e-35,2.430157e-35,2.432730e-35,2.434772e-35,2.436391e-35,2.437675e-35,2.438693e-35,2.439501e-35,2.440142e-35,2.440650e-35,2.441053e-35,2.441372e-35,2.441626e-35,2.441827e-35,2.441986e-35,2.442113e-35,2.442213e-35,2.442292e-35,2.442355e-35,2.442405e-35,2.442445e-35,2.442476e-35,2.442501e-35,2.442521e-35,2.442537e-35
La-137,2.010672e+14,2.010672e+14,2.010672e+14,2.010672e+14,2.010672e+14,2.010672e+14,2.010672e+14,2.010672e+14,2.010672e+14,2.010672e+14,2.010672e+14,2.010672e+14,2.010672e+14,2.010672e+14,2.010672e+14,2.010672e+14,2.010672e+14,2.010672e+14,2.010672e+14,2.010672e+14,2.010672e+14,2.010672e+14,2.010672e+14,2.010672e+14,2.010672e+14,2.010671e+14,2.010671e+14,2.010671e+14,2.010671e+14,2.010670e+14,2.010670e+14,2.010669e+14,2.010668e+14,2.010667e+14,2.010665e+14,2.010663e+14,2.010661e+14,2.010658e+14,2.010655e+14,2.010650e+14,2.010644e+14,2.010637e+14,2.010627e+14,2.010616e+14,2.010601e+14,2.010582e+14,2.010558e+14,2.010529e+14,2.010491e+14,2.010444e+14,2.010384e+14,2.010309e+14,2.010214e+14,2.010095e+14,2.009944e+14,2.009754e+14,2.009514e+14,2.009212e+14,2.008831e+14,2.008351e+14
La-138,9.226476e+17,9.226476e+17,9.226476e+17,9.226476e+17,9.226476e+17,9.226476e+17,9.226476e+17,9.226476e+17,9.226476e+17,9.226476e+17,9.226476e+17,9.226476e+17,9.226476e+17,9.226476e+17,9.226476e+17,9.226476e+17,9.226476e+17,9.226476e+17,9.226476e+17,9.226476e+17,9.226476e+17,9.226476e+17,9.226476e+17,9.226476e+17,9.226476e+17,9.226476e+17,9.226476e+17,9.226476e+17,9.226476e+17,9.226476e+17,9.226476e+17,9.226476e+17,9.226476e+17,9.226476e+17,9.226476e+17,9.226476e+17,9.226476e+17,9.226476e+17,9.226476e+17,9.226476e+17,9.226476e+17,9.226476e+17,9.226476e+17,9.226476e+17,9.226476e+17,9.226476e+17,9.226476e+17,9.226476e+17,9.226476e+17,9.226476e+17,9.226476e+17,9.226476e+17,9.226476e+17,9.226476e+17,9.226476e+17,9.226476e+17,9.226476e+17,9.226476e+17,9.226476e+17,9.226476e+17
La-139,5.875372e+22,7.419820e+22,9.114743e+22,1.089521e+23,1.267353e+23,1.434404e+23,1.579774e+23,1.694701e+23,1.775246e+23,1.823777e+23,1.847973e+23,1.857493e+23,1.860279e+23,1.860843e+23,1.860915e+23,1.860920e+23,1.860920e+23,1.860920e+23,1.860920e+23,1.860920e+23,1.860920e+23,1.860920e+23,1.860920e+23,1.860920e+23,1.860920e+23,1.860920e+23,1.860920e+23,1.860920e+23,1.860920e+23,1.860920e+23,1.860920e+23,1.860920e+23,1.860920e+23,1.860920e+23,1.860920e+23,1.860920e+23,1.860920e+23,1.860920e+23,1.860920e+23,1.860920e+23,1.860920e+23,1.860920e+23,1.860920e+23,1.860920e+23,1.860920e+23,1.860920e+23,1.860920e+23,1.860920e+23,1.860920e+23,1.860920e+23,1.860920e+23,1.860920e+23,1.860920e+23,1.860920e+23,1.860920e+23,1.860920e+23,1.860920e+23,1.860920e+23,1.860920e+23,1.860920e+23
La-140,5.423675e+20,6.460037e+20,7.759410e+20,9.386083e+20,1.141862e+21,1.395218e+21,1.710067e+21,2.099828e+21,2.579980e+21,3.167836e+21,3.881929e+21,4.740739e+21,5.760504e+21,6.951741e+21,8.314225e+21,9.830325e+21,1.145719e+22,1.311922e+22,1.470364e+22,1.606352e+22,1.703276e+22,1.745545e+22,1.722498e+22,1.631929e+22,1.481319e+22,1.285739e+22,1.063608e+22,8.331669e+21,6.113248e+21,4.135676e+21,2.526348e+21,1.356950e+21,6.196898e+20,2.306392e+20,6.632038e+19,1.377428e+19,1.898093e+18,1.559136e+17,6.669907e+15,1.253334e+14,8.345688e+11,1.502097e+09,5.193596e+05,2.242606e+01,7.026125e-05,8.053032e-12,1.424053e-20,9.364452e-25,-7.431315e-25,1.164050e-24,-5.062018e-25,6.791350e-26,8.489176e-25,2.280756e-25,-9.243850e-25,2.010720e-25,7.169623e-25,3.648713e-25,-4.932085e-25,4.641977e-26
La-141,1.351909e+23,1.368073e+23,1.340478e+23,1.272620e+23,1.171923e+23,1.046758e+23,9.044306e+22,7.513696e+22,5.945891e+22,4.426274e+22,3.050706e+22,1.907964e+22,1.055684e+22,5.004995e+21,1.952835e+21,5.959839e+20,1.334321e+20,2.021267e+19,1.870842e+18,9.303645e+16,2.113717e+15,1.788174e+13,4.352635e+10,2.202172e+07,1.536813e+03,8.820432e-03,2.169030e-09,1.004234e-17,2.220436e-24,-6.450559e-24,1.696259e-24,7.512693e-24,1.062932e-24,7.180124e-25,2.621317e-24,5.983314e-26,5.268458e-24,-3.442414e-24,-1.504855e-24,-7.545251e-24,1.778395e-24,-1.169323e-24,-1.292968e-24,6.211790e-24,7.618866e-24,2.781005e-24,-4.054246e-25,7.275051e-25,3.555087e-24,5.097508e-24,4.368241e-24,1.980090e-24,-9.665365e-25,-3.601073e-24,-5.486611e-24,-6.541075e-24,-6.883783e-24,-6.708321e-24,-6.206327e-24,-5.533443e-24
La-142,1.176558e+23,1.064144e+23,9.235303e+22,7.664358e+22,6.040043e+22,4.469218e+22,3.056391e+22,1.892791e+22,1.034365e+22,4.827735e+21,1.846843e+21,5.497756e+20,1.192820e+20,1.736771e+19,1.529225e+18,7.140732e+16,1.498490e+15,1.146921e+13,2.460605e+10,1.061680e+07,6.061312e+02,2.700707e-03,4.826064e-10,1.493859e-18,9.562364e-26,-2.555892e-24,3.841642e-24,-5.506964e-26,6.217525e-24,5.432104e-24,-1.299969e-24,-5.955419e-24,5.022529e-24,3.114866e-24,2.463687e-24,-5.782383e-24,9.335732e-26,-5.557013e-24,-4.676208e-24,4.008963e-24,5.927521e-24,1.938004e-24,-5.426032e-26,2.030548e-24,5.275510e-24,6.793528e-24,5.818164e-24,3.133699e-24,-7.449951e-26,-2.911953e-24,-4.946559e-24,-6.109320e-24,-6.531875e-24,-6.416856e-24,-5.961866e-24,-5.326313e-24,-4.624146e-24,-3.928991e-24,-3.283464e-24,-2.708471e-24
La-143,9.303136e+21,4.331219e+21,1.651672e+21,4.897201e+20,1.057193e+20,1.529568e+19,1.336060e+18,6.176170e+16,1.279704e+15,9.638897e+12,2.026547e+10,8.523888e+06,4.712488e+02,2.016306e-03,3.423515e-10,9.935590e-19,6.225538e-24,-1.036726e-24,2.886911e-24,-9.157840e-26,-1.785319e-24,7.403326e-25,1.940671e-24,-2.281926e-24,4.437837e-24,3.005570e-24,5.055939e-24,7.927354e-25,6.941297e-24,3.751991e-25,-1.305899e-24,3.673657e-24,2.868068e-24,-2.447417e-24,-5.113500e-24,-3.474885e-24,-3.921115e-25,1.366691e-24,1.000927e-24,-8.569143e-25,-3.189094e-24,-5.221836e-24,-6.583772e-24,-7.220200e-24,-7.250132e-24,-6.852316e-24,-6.198813e-24,-5.426500e-24,-4.631356e-24,-3.873547e-24,-3.186018e-24,-2.582923e-24,-2.066490e-24,-1.632036e-24,-1.271375e-24,-9.749847e-25,-7.332955e-25,-5.373925e-25,-3.793423e-25,-2.522958e-25
La-144,-1.263275e+01,-9.359792e+03,-8.376615e+04,-1.401564e+05,-2.444063e+04,3.699872e+03,4.555912e+04,-2.963505e+04,2.572228e+04,7.743706e+03,9.232082e+02,-6.829476e+03,2.478433e+03,-1.422022e+03,-3.618188e+04,-4.739691e+03,2.538470e+03,-4.184733e+04,2.155269e+03,-1.750465e+04,-1.921162e+03,-1.981248e+02,4.264413e+02,-9.857122e+02,6.192249e+03,4.510894e+03,-3.276888e+03,2.674028e+03,-2.353649e+03,-1.428449e+03,-2.878745e+01,1.900019e+02,2.513649e+02,1.770663e+02,3.326983e+01,-2.325082e+01,-1.491750e+02,-7.992172e+01,2.378227e+01,-6.953806e+00,-3.270708e+01,2.425506e+01,-1.797443e+01,2.308706e+00,-4.147068e+00,9.087466e-02,-4.935755e-02,-1.752643e-02,-4.081428e-02,7.978646e-04,3.697261e-04,1.778894e-05,1.649047e-09,-1.199609e-08,-4.228464e-12,1.344991e-14,4.497001e-17,-2.106031e-20,-4.361325e-04,1.796842e+00
La-145,2.474038e-21,-2.375436e-24,3.011169e-24,-6.675564e-25,-6.293309e-25,-3.625901e-24,-4.100825e-25,4.045656e-24,-1.149799e-24,-2.625358e-24,1.943960e-24,4.653609e-25,4.657879e-25,2.010950e-24,-3.692698e-24,-2.471644e-24,1.697289e-24,1.197593e-24,-1.273219e-24,-1.407667e-24,8.284556e-25,3.203548e-24,4.141159e-24,3.470874e-24,1.834752e-24,-1.585820e-26,-1.571714e-24,-2.615749e-24,-3.139189e-24,-3.239057e-24,-3.043466e-24,-2.670652e-24,-2.212747e-24,-1.733673e-24,-1.273372e-24,-8.538461e-25,-4.848220e-25,-1.682675e-25,9.834821e-26,3.198560e-25,5.019930e-25,6.505751e-25,7.710449e-25,8.682586e-25,9.464154e-25,1.009069e-24,1.059180e-24,1.099188e-24,1.131084e-24,1.156485e-24,1.176696e-24,1.192765e-24,1.205536e-24,1.215679e-24,1.223734e-24,1.230128e-24,1.235202e-24,1.239229e-24,1.242424e-24,1.244959e-24
La-146,-6.660271e-25,2.352864e-24,-1.232041e-24,-4.745120e-25,1.469798e-24,-5.545151e-25,-1.395943e-24,1.364020e-24,-1.819210e-25,2.864017e-26,1.166085e-24,4.118900e-27,-1.832256e-24,-2.008547e-24,-5.684430e-25,1.140469e-24,2.108404e-24,2.132064e-24,1.510559e-24,6.496670e-25,-1.513838e-25,-7.446631e-25,-1.097786e-24,-1.242059e-24,-1.232316e-24,-1.123588e-24,-9.608348e-25,-7.764710e-25,-5.916302e-25,-4.187053e-25,-2.639375e-25,-1.295609e-25,-1.539229e-26,8.007288e-26,1.589504e-25,2.235334e-25,2.760451e-25,3.185121e-25,3.527123e-25,3.801649e-25,4.021446e-25,4.197071e-25,4.337178e-25,4.448811e-25,4.537668e-25,4.608342e-25,4.664518e-25,4.709149e-25,4.744594e-25,4.772735e-25,4.795071e-25,4.812797e-25,4.826862e-25,4.838020e-25,4.846872e-25,4.853894e-25,4.859463e-25,4.863881e-25,4.867384e-25,4.870163e-25
La-146m,3.430444e+03,1.647746e+03,2.094157e+01,2.557669e+01,4.403692e+01,1.099234e-01,1.485866e-02,-1.376932e-02,3.498029e-04,-1.971523e-06,-6.133551e-09,2.555410e-12,-6.904459e-16,2.975586e-18,3.461728e-21,3.855904e-25,-1.549848e-25,2.649923e-25,4.784919e-25,4.254907e-25,2.018153e-25,-6.655851e-26,-2.907318e-25,-4.314774e-25,-4.861494e-25,-4.710643e-25,-4.082894e-25,-3.182807e-25,-2.169237e-25,-1.151202e-25,-1.953040e-26,6.634948e-26,1.411720e-25,2.049300e-25,2.583736e-25,3.026195e-25,3.389057e-25,3.684482e-25,3.923646e-25,4.116415e-25,4.271254e-25,4.395291e-25,4.494443e-25,4.573569e-25,4.636631e-25,4.686838e-25,4.726777e-25,4.758528e-25,4.783756e-25,4.803793e-25,4.819702e-25,4.832330e-25,4.842352e-25,4.850305e-25,4.856614e-25,4.861619e-25,4.865590e-25,4.868739e-25,4.871237e-25,4.873218e-25
La-147,-2.957369e-25,1.100206e-25,-2.051353e-25,8.984056e-26,-1.976055e-25,7.861001e-25,-3.692465e-25,-5.664283e-25,3.002582e-25,2.814470e-25,-3.611965e-25,-5.526217e-25,-1.106343e-25,4.843786e-25,8.083811e-25,7.592843e-25,4.558960e-25,6.969216e-26,-2.719818e-25,-5.081560e-25,-6.290629e-25,-6.528559e-25,-6.073734e-25,-5.195790e-25,-4.110294e-25,-2.969393e-25,-1.869477e-25,-8.644133e-26,2.141213e-27,7.824533e-26,1.424202e-25,1.957875e-25,2.397017e-25,2.755463e-25,3.046223e-25,3.280938e-25,3.469695e-25,3.621044e-25,3.742117e-25,3.838793e-25,3.915876e-25,3.977268e-25,4.026119e-25,4.064963e-25,4.095832e-25,4.120354e-25,4.139825e-25,4.155283e-25,4.167551e-25,4.177286e-25,4.185010e-25,4.191138e-25,4.195999e-25,4.199855e-25,4.202913e-25,4.205339e-25,4.207263e-25,4.208789e-25,4.209999e-25,4.210958e-25
La-148,2.174541e-25,-1.730322e-25,-1.253537e-25,2.370248e-25,1.659703e-25,-1.553644e-25,-2.728715e-25,-1.182598e-25,1.116049e-25,2.452647e-25,2.392699e-25,1.370922e-25,3.219614e-27,-1.143823e-25,-1.928717e-25,-2.287518e-25,-2.290146e-25,-2.042289e-25,-1.645590e-25,-1.180741e-25,-7.041688e-26,-2.511141e-26,1.592474e-26,5.188007e-26,8.264333e-26,1.085074e-25,1.299684e-25,1.475989e-25,1.619716e-25,1.736191e-25,1.830145e-25,1.905659e-25,1.966180e-25,2.014577e-25,2.053211e-25,2.084009e-25,2.108534e-25,2.128045e-25,2.143559e-25,2.155886e-25,2.165677e-25,2.173452e-25,2.179624e-25,2.184522e-25,2.188409e-25,2.191493e-25,2.193939e-25,2.195880e-25,2.197419e-25,2.198640e-25,2.199609e-25,2.200377e-25,2.200986e-25,2.201469e-25,2.201852e-25,2.202156e-25,2.202397e-25,2.202588e-25,2.202739e-25,2.202860e-25
La-149,-1.335753e-26,-4.395046e-26,3.316861e-26,4.359263e-26,-1.838225e-26,-5.387311e-26,-3.005943e-26,1.773834e-26,4.958961e-26,5.160042e-26,3.100308e-26,1.742634e-27,-2.493676e-26,-4.325716e-26,-5.197513e-26,-5.244571e-26,-4.700042e-26,-3.796937e-26,-2.724163e-26,-1.615834e-26,-5.568754e-27,4.056956e-27,1.251274e-26,1.976154e-26,2.586493e-26,3.093507e-26,3.510391e-26,3.850477e-26,4.126226e-26,4.348752e-26,4.527662e-26,4.671089e-26,4.785807e-26,4.877399e-26,4.950422e-26,5.008576e-26,5.054848e-26,5.091639e-26,5.120876e-26,5.144101e-26,5.162542e-26,5.177181e-26,5.188800e-26,5.198020e-26,5.205335e-26,5.211138e-26,5.215742e-26,5.219393e-26,5.222289e-26,5.224587e-26,5.226408e-26,5.227853e-26,5.228999e-26,5.229908e-26,5.230629e-26,5.231200e-26,5.231654e-26,5.232013e-26,5.232298e-26,5.232524e-26
La-150,-6.460574e-27,3.029718e-27,6.331479e-27,-1.131228e-27,-6.750954e-27,-4.624938e-27,1.432607e-27,5.987992e-27,6.754580e-27,4.397035e-27,6.845606e-28,-2.850144e-27,-5.367436e-27,-6.642176e-27,-6.818104e-27,-6.188566e-27,-5.059147e-27,-3.683013e-27,-2.242757e-27,-8.557789e-28,4.115985e-28,1.529064e-27,2.489607e-27,3.299997e-27,3.974220e-27,4.529233e-27,4.982410e-27,5.350111e-27,5.647003e-27,5.885806e-27,6.077311e-27,6.230524e-27,6.352875e-27,6.450438e-27,6.528145e-27,6.589981e-27,6.639152e-27,6.678229e-27,6.709271e-27,6.733921e-27,6.753490e-27,6.769021e-27,6.781346e-27,6.791125e-27,6.798883e-27,6.805037e-27,6.809919e-27,6.813791e-27,6.816862e-27,6.819297e-27,6.821229e-27,6.822761e-27,6.823976e-27,6.824939e-27,6.825703e-27,6.826309e-27,6.826790e-27,6.827171e-27,6.827473e-27,6.827713e-27
La-151,-3.128668e-28,6.081933e-28,3.702969e-28,-4.293090e-28,-6.531222e-28,-2.076552e-28,3.711004e-28,6.621554e-28,5.858033e-28,2.755627e-28,-9.485263e-29,-4.034098e-28,-5.965766e-28,-6.710715e-28,-6.495658e-28,-5.625302e-28,-4.381465e-28,-2.982698e-28,-1.578824e-28,-2.612678e-29,9.220657e-29,1.952800e-28,2.830961e-28,3.566962e-28,4.176237e-28,4.675868e-28,5.082618e-28,5.411894e-28,5.677283e-28,5.890448e-28,6.061204e-28,6.197699e-28,6.306625e-28,6.393436e-28,6.462550e-28,6.517530e-28,6.561237e-28,6.595965e-28,6.623547e-28,6.645447e-28,6.662830e-28,6.676626e-28,6.687573e-28,6.696258e-28,6.703148e-28,6.708614e-28,6.712949e-28,6.716387e-28,6.719114e-28,6.721277e-28,6.722993e-28,6.724353e-28,6.725432e-28,6.726287e-28,6.726966e-28,6.727504e-28,6.727931e-28,6.728269e-28,6.728537e-28,6.728750e-28
La-152,3.538408e-30,-2.650549e-29,-2.423278e-29,3.752550e-31,2.275377e-29,2.963423e-29,2.176094e-29,6.360506e-30,-9.454458e-30,-2.139636e-29,-2.800732e-29,-2.965765e-29,-2.753921e-29,-2.299401e-29,-1.717641e-29,-1.094108e-29,-4.851015e-30,7.657815e-31,5.750343e-30,1.005504e-29,1.369945e-29,1.673946e-29,1.924697e-29,2.129754e-29,2.296334e-29,2.430961e-29,2.539325e-29,2.626277e-29,2.695873e-29,2.751470e-29,2.795816e-29,2.831145e-29,2.859262e-29,2.881624e-29,2.899398e-29,2.913517e-29,2.924731e-29,2.933633e-29,2.940699e-29,2.946306e-29,2.950755e-29,2.954285e-29,2.957085e-29,2.959306e-29,2.961068e-29,2.962465e-29,2.963573e-29,2.964452e-29,2.965149e-29,2.965702e-29,2.966140e-29,2.966488e-29,2.966764e-29,2.966982e-29,2.967156e-29,2.967293e-29,2.967402e-29,2.967489e-29,2.967557e-29,2.967612e-29
La-153,-9.015895e-31,-6.396755e-31,1.728206e-31,7.965072e-31,9.107955e-31,5.988117e-31,9.864305e-32,-3.808099e-31,-7.239526e-31,-8.989140e-31,-9.244635e-31,-8.401387e-31,-6.874095e-31,-5.007507e-31,-3.050858e-31,-1.164740e-31,5.598823e-32,2.081231e-31,3.389397e-31,4.493360e-31,5.412010e-31,6.168351e-31,6.785987e-31,7.287177e-31,7.691880e-31,8.017418e-31,8.278491e-31,8.487369e-31,8.654177e-31,8.787193e-31,8.893140e-31,8.977449e-31,9.044490e-31,9.097771e-31,9.140096e-31,9.173705e-31,9.200387e-31,9.221564e-31,9.238368e-31,9.251702e-31,9.262280e-31,9.270671e-31,9.277327e-31,9.282606e-31,9.286793e-31,9.290114e-31,9.292748e-31,9.294837e-31,9.296494e-31,9.297807e-31,9.298849e-31,9.299675e-31,9.300330e-31,9.300850e-31,9.301262e-31,9.301589e-31,9.301848e-31,9.302053e-31,9.302216e-31,9.302346e-31
La-154,-3.897204e-34,7.027423e-33,9.562167e-33,7.247083e-33,2.357748e-33,-2.777026e-33,-6.717193e-33,-8.947572e-33,-9.562789e-33,-8.938503e-33,-7.508155e-33,-5.648726e-33,-3.641392e-33,-1.672609e-33,1.481163e-34,1.766939e-33,3.166858e-33,4.353235e-33,5.343601e-33,6.160963e-33,6.829674e-33,7.373093e-33,7.812389e-33,8.166064e-33,8.449898e-33,8.677111e-33,8.858638e-33,9.003440e-33,9.118805e-33,9.210629e-33,9.283658e-33,9.341704e-33,9.387820e-33,9.424443e-33,9.453518e-33,9.476596e-33,9.494910e-33,9.509442e-33,9.520971e-33,9.530116e-33,9.537371e-33,9.543125e-33,9.547689e-33,9.551309e-33,9.554180e-33,9.556457e-33,9.558262e-33,9.559694e-33,9.560830e-33,9.561730e-33,9.562444e-33,9.563011e-33,9.563460e-33,9.563816e-33,9.564098e-33,9.564322e-33,9.564500e-33,9.564641e-33,9.564752e-33,9.564841e-33
La-155,1.336480e-35,1.932462e-35,1.524931e-35,5.579292e-36,-4.889353e-36,-1.309227e-35,-1.786574e-35,-1.933309e-35,-1.822951e-35,-1.543274e-35,-1.171754e-35,-7.667480e-36,-3.672835e-36,3.481536e-38,3.339571e-36,6.202581e-36,8.632086e-36,1.066222e-35,1.233898e-35,1.371159e-35,1.482753e-35,1.572997e-35,1.645672e-35,1.704008e-35,1.750714e-35,1.788034e-35,1.817808e-35,1.841530e-35,1.860413e-35,1.875431e-35,1.887369e-35,1.896854e-35,1.904386e-35,1.910366e-35,1.915113e-35,1.918880e-35,1.921869e-35,1.924240e-35,1.926122e-35,1.927614e-35,1.928797e-35,1.929736e-35,1.930481e-35,1.931071e-35,1.931540e-35,1.931911e-35,1.932205e-35,1.932439e-35,1.932624e-35,1.932771e-35,1.932888e-35,1.932980e-35,1.933053e-35,1.933111e-35,1.933157e-35,1.933194e-35,1.933223e-35,1.933246e-35,1.933264e-35,1.933279e-35
Ce-138,1.378165e+13,1.378165e+13,1.378165e+13,1.378165e+13,1.378165e+13,1.378165e+13,1.378165e+13,1.378165e+13,1.378165e+13,1.378165e+13,1.378165e+13,1.378165e+13,1.378165e+13,1.378165e+13,1.378165e+13,1.378165e+13,1.378165e+13,1.378165e+13,1.378165e+13,1.378165e+13,1.378165e+13,1.378165e+13,1.378165e+13,1.378165e+13,1.378165e+13,1.378165e+13,1.378165e+13,1.378165e+13,1.378165e+13,1.378165e+13,1.378165e+13,1.378165e+13,1.378165e+13,1.378165e+13,1.378165e+13,1.378165e+13,1.378165e+13,1.378165e+13,1.378165e+13,1.378165e+13,1.378166e+13,1.378166e+13,1.378166e+13,1.378166e+13,1.378166e+13,1.378166e+13,1.378166e+13,1.378167e+13,1.378167e+13,1.378167e+13,1.378168e+13,1.378169e+13,1.378170e+13,1.378171e+13,1.378172e+13,1.378174e+13,1.378176e+13,1.378179e+13,1.378182e+13,1.378187e+13
Ce-139,2.871796e+13,2.871638e+13,2.871440e+13,2.871190e+13,2.870875e+13,2.870477e+13,2.869976e+13,2.869344e+13,2.868547e+13,2.867542e+13,2.866276e+13,2.864680e+13,2.862669e+13,2.860135e+13,2.856942e+13,2.852922e+13,2.847859e+13,2.841489e+13,2.833475e+13,2.823402e+13,2.810751e+13,2.794878e+13,2.774989e+13,2.750111e+13,2.719056e+13,2.680394e+13,2.632423e+13,2.573153e+13,2.500310e+13,2.411385e+13,2.303742e+13,2.174826e+13,2.022492e+13,1.845511e+13,1.644241e+13,1.421423e+13,1.182968e+13,9.384381e+12,7.007886e+12,4.849143e+12,3.047884e+12,1.697035e+12,8.109635e+11,3.195966e+11,9.877402e+10,2.246821e+10,3.472423e+09,3.296233e+08,1.692272e+07,4.002317e+05,3.561858e+03,9.241964e+00,5.068168e-03,3.915086e-07,2.554155e-12,-8.926657e-03,3.456258e+04,-6.337718e+04,-2.722327e+04,5.625381e+03
Ce-139m,3.418771e-07,2.354069e-12,3.157370e-10,-1.913012e-06,6.639399e-06,-2.455542e-05,-1.829332e-05,-1.464015e-05,-1.837592e-06,1.011228e-06,1.274252e-05,1.208683e-05,-9.232341e-06,-1.352464e-06,9.491476e-07,-2.985126e-07,2.923260e-07,-4.394616e-07,5.432695e-07,2.536455e-07,5.071509e-08,-1.854820e-06,-2.385676e-06,1.227795e-06,1.453765e-06,-5.103076e-08,9.135525e-08,1.013864e-07,3.107922e-07,3.059958e-07,-3.878811e-09,-1.828612e-07,9.854830e-08,-1.035152e-07,1.457347e-08,-4.595834e-08,-2.508830e-09,2.062973e-08,-7.122724e-09,-6.668214e-09,2.271275e-09,-7.736647e-12,-1.299884e-10,-1.560091e-10,6.272967e-11,2.801273e-13,1.036171e-14,-1.228973e-13,6.115672e-15,-1.471719e-16,1.194243e-19,-1.195266e-20,-8.623336e-24,6.642968e-27,-6.156796e-30,7.425497e-05,-2.859770e-01,-3.610296e+00,-2.312130e-01,4.563617e-02
Ce-140,5.893504e+18,8.562359e+18,1.258945e+19,1.871291e+19,2.808316e+19,4.249336e+19,6.473615e+19,9.915205e+19,1.524660e+20,2.350491e+20,3.627962e+20,5.598655e+20,8.625811e+20,1.324803e+21,2.024975e+21,3.074749e+21,4.628419e+21,6.891198e+21,1.012273e+22,1.463034e+22,2.074579e+22,2.878121e+22,3.896638e+22,5.137936e+22,6.588945e+22,8.212706e+22,9.947964e+22,1.171058e+23,1.339798e+23,1.490062e+23,1.612331e+23,1.701176e+23,1.757189e+23,1.786747e+23,1.799231e+23,1.803223e+23,1.804125e+23,1.804257e+23,1.804269e+23,1.804269e+23,1.804269e+23,1.804269e+23,1.804269e+23,1.804269e+23,1.804269e+23,1.804269e+23,1.804269e+23,1.804269e+23,1.804269e+23,1.804269e+23,1.804269e+23,1.804269e+23,1.804269e+23,1.804269e+23,1.804269e+23,1.804269e+23,1.804269e+23,1.804269e+23,1.804269e+23,1.804269e+23
Ce-141,1.685017e+22,2.314099e+22,3.103325e+22,4.062273e+22,5.191807e+22,6.482333e+22,7.910562e+22,9.434716e+22,1.099063e+23,1.249279e+23,1.384365e+23,1.495234e+23,1.575883e+23,1.625386e+23,1.648157e+23,1.651879e+23,1.644108e+23,1.629716e+23,1.610527e+23,1.586441e+23,1.556561e+23,1.519681e+23,1.474417e+23,1.419255e+23,1.352626e+23,1.273046e+23,1.179334e+23,1.070930e+23,9.483200e+22,8.135130e+22,6.704896e+22,5.254123e+22,3.863381e+22,2.621674e+22,1.607812e+22,8.678886e+21,3.988377e+21,1.496191e+21,4.345391e+20,9.139205e+19,1.279497e+19,1.072221e+18,4.703965e+16,9.124561e+14,6.324272e+12,1.197271e+10,4.412016e+06,2.064526e+02,7.157991e-04,9.322451e-11,1.936439e-19,1.557250e-24,-2.952993e-24,6.014493e-24,4.958744e-24,4.740515e-24,6.882649e-24,7.338641e-24,3.321919e-25,2.992544e-24
Ce-142,4.867627e+22,6.203476e+22,7.695626e+22,9.292778e+22,1.092267e+23,1.249425e+23,1.390714e+23,1.507074e+23,1.592917e+23,1.648076e+23,1.677885e+23,1.690856e+23,1.695160e+23,1.696180e+23,1.696338e+23,1.696353e+23,1.696353e+23,1.696353e+23,1.696353e+23,1.696353e+23,1.696353e+23,1.696353e+23,1.696353e+23,1.696353e+23,1.696353e+23,1.696353e+23,1.696353e+23,1.696353e+23,1.696353e+23,1.696353e+23,1.696353e+23,1.696353e+23,1.696353e+23,1.696353e+23,1.696353e+23,1.696353e+23,1.696353e+23,1.696353e+23,1.696353e+23,1.696353e+23,1.696353e+23,1.696353e+23,1.696353e+23,1.696353e+23,1.696353e+23,1.696353e+23,1.696353e+23,1.696353e+23,1.696353e+23,1.696353e+23,1.696353e+23,1.696353e+23,1.696353e+23,1.696353e+23,1.696353e+23,1.696353e+23,1.696353e+23,1.696353e+23,1.696353e+23,1.696353e+23
Ce-143,1.603502e+23,1.644311e+23,1.659683e+23,1.656852e+23,1.642571e+23,1.620877e+23,1.592955e+23,1.558272e+23,1.515596e+23,1.463441e+23,1.400223e+23,1.324382e+23,1.234572e+23,1.129950e+23,1.010563e+23,8.778267e+22,7.350060e+22,5.875474e+22,4.430067e+22,3.102893e+22,1.980418e+22,1.124199e+22,5.504766e+21,2.237113e+21,7.187221e+20,1.716774e+20,2.821916e+19,2.895232e+18,1.639458e+17,4.387500e+15,4.563190e+13,1.441155e+11,1.012586e+08,1.069185e+04,1.034472e-01,4.914654e-08,5.220532e-16,-6.172699e-24,1.523024e-25,-5.844148e-24,8.094679e-25,4.785892e-24,5.034833e-24,1.606136e-24,1.209736e-24,7.381297e-24,-7.576522e-25,5.536311e-24,-2.781665e-24,3.399313e-24,-3.250584e-26,-4.767517e-24,-1.773733e-26,1.730413e-24,-2.763774e-24,-6.416114e-24,-5.617241e-24,-2.408646e-24,7.820054e-26,4.589496e-25
Ce-144,1.596028e+23,1.595986e+23,1.595933e+23,1.595866e+23,1.595781e+23,1.595674e+23,1.595540e+23,1.595370e+23,1.595156e+23,1.594886e+23,1.594546e+23,1.594117e+23,1.593576e+23,1.592894e+23,1.592035e+23,1.590952e+23,1.589588e+23,1.587869e+23,1.585704e+23,1.582978e+23,1.579547e+23,1.575232e+23,1.569806e+23,1.562991e+23,1.554440e+23,1.543723e+23,1.530313e+23,1.513570e+23,1.492716e+23,1.466828e+23,1.434822e+23,1.395455e+23,1.347349e+23,1.289042e+23,1.219098e+23,1.136282e+23,1.039821e+23,9.297670e+22,8.074351e+22,6.758475e+22,5.400363e+22,4.069734e+22,2.848655e+22,1.816658e+22,1.030173e+22,5.037775e+21,2.043962e+21,6.553061e+20,1.561202e+20,2.557740e+19,2.613291e+18,1.472057e+17,3.913509e+15,4.036380e+13,1.261427e+11,8.746171e+07,9.081722e+03,8.603319e-02,-1.799916e+00,6.284441e+04
Ce-145,1.332788e+17,3.617632e+15,3.830247e+13,1.237209e+11,8.943143e+07,9.787097e+03,9.906499e-02,4.982080e-08,5.685920e-16,2.857607e-25,1.064423e-24,-2.057962e-24,4.679921e-25,-9.435214e-25,3.918773e-24,-6.129613e-25,-4.822190e-24,1.526444e-24,-6.416588e-25,5.651228e-24,-2.500187e-24,6.404679e-26,-3.087408e-24,-5.856755e-24,-2.519223e-25,3.364915e-24,1.729599e-24,3.535472e-26,1.151981e-24,3.674875e-24,5.334364e-24,5.176947e-24,3.546230e-24,1.279286e-24,-8.967349e-25,-2.575497e-24,-3.638419e-24,-4.142930e-24,-4.221036e-24,-4.014667e-24,-3.644371e-24,-3.199655e-24,-2.740518e-24,-2.303345e-24,-1.907498e-24,-1.561001e-24,-1.264875e-24,-1.016178e-24,-8.100156e-25,-6.407900e-25,-5.029278e-25,-3.912687e-25,-3.012404e-25,-2.289083e-25,-1.709544e-25,-1.246212e-25,-8.764175e-26,-5.816737e-26,-3.469983e-26,-1.603060e-26
Ce-146,4.042000e+21,1.810831e+21,6.578600e+20,1.834858e+20,3.667096e+19,4.814031e+18,3.719766e+17,1.473190e+16,2.511716e+14,1.479470e+12,2.281286e+09,6.490169e+05,2.191490e+01,5.035270e-05,3.903294e-12,4.211488e-21,-1.408774e-24,-1.071216e-24,-4.621321e-25,-1.653524e-24,-8.983998e-25,1.140608e-24,3.562161e-24,1.222869e-24,1.063325e-24,2.425880e-24,6.149292e-25,2.836539e-25,2.245609e-24,-1.428988e-24,-9.677761e-25,1.417561e-24,3.781063e-25,-2.135412e-24,-2.859930e-24,-1.632863e-24,-5.033090e-26,6.818279e-25,3.581563e-25,-6.202573e-25,-1.748309e-24,-2.677136e-24,-3.257814e-24,-3.486030e-24,-3.431077e-24,-3.183463e-24,-2.826105e-24,-2.423005e-24,-2.017920e-24,-1.637514e-24,-1.295760e-24,-9.980302e-25,-7.443511e-25,-5.317294e-25,-3.557136e-25,-2.113720e-25,-9.386278e-26,1.264161e-27,7.793443e-26,1.395170e-25
Ce-147,3.468646e+03,3.346187e-02,1.583855e-08,1.674590e-16,-4.466016e-25,5.182143e-25,-8.938173e-25,6.664076e-25,3.706711e-25,1.088089e-25,-4.147213e-25,-2.419856e-25,1.530114e-24,-1.510373e-24,4.773822e-25,-1.938417e-24,6.484798e-25,1.319006e-25,-8.832236e-25,1.069190e-24,1.883487e-24,5.255544e-25,-6.459990e-25,-4.171982e-25,5.667961e-25,1.297545e-24,1.333844e-24,7.907491e-25,-1.653796e-27,-7.534002e-25,-1.304128e-24,-1.610089e-24,-1.698239e-24,-1.624633e-24,-1.448107e-24,-1.217764e-24,-9.693443e-25,-7.261437e-25,-5.016450e-25,-3.023625e-25,-1.302600e-25,1.542948e-26,1.369401e-25,2.371523e-25,3.190923e-25,3.856493e-25,4.394339e-25,4.827231e-25,5.174558e-25,5.452547e-25,5.674608e-25,5.851724e-25,5.992820e-25,6.105116e-25,6.194421e-25,6.265402e-25,6.321792e-25,6.366572e-25,6.402123e-25,6.430341e-25
Ce-148,2.068450e+03,1.837424e-02,7.837857e-09,7.268090e-17,-1.073352e-24,1.016298e-24,-7.305211e-25,4.965054e-25,7.277634e-25,3.464826e-25,-7.341328e-25,-9.522684e-25,1.045264e-24,-7.627615e-25,1.126533e-24,-7.997761e-25,1.106430e-24,2.342494e-25,-8.283880e-25,5.702249e-25,1.042596e-24,-1.376941e-25,-1.047227e-24,-7.709981e-25,1.162579e-25,7.841542e-25,8.800860e-25,5.029481e-25,-7.828093e-26,-6.299279e-25,-1.023930e-24,-1.226106e-24,-1.258694e-24,-1.166821e-24,-9.974748e-25,-7.895954e-25,-5.712934e-25,-3.606711e-25,-1.679858e-25,2.039983e-27,1.482688e-25,2.716872e-25,3.743975e-25,4.589659e-25,5.280284e-25,5.840720e-25,6.293273e-25,6.657309e-25,6.949259e-25,7.182844e-25,7.369385e-25,7.518137e-25,7.636618e-25,7.730901e-25,7.805875e-25,7.865459e-25,7.912792e-25,7.950378e-25,7.980217e-25,8.003899e-25
Ce-149,1.710574e-25,-4.679304e-25,3.259744e-25,-2.955395e-25,3.098574e-25,-3.844098e-25,5.459145e-25,-1.816861e-25,-4.878963e-25,2.764508e-25,3.901394e-25,-1.838050e-25,-4.906800e-25,-2.310939e-25,2.428397e-25,5.463696e-25,5.518192e-25,3.353775e-25,3.574767e-26,-2.366328e-25,-4.254932e-25,-5.190248e-25,-5.307491e-25,-4.836408e-25,-4.005999e-25,-3.001866e-25,-1.955952e-25,-9.520945e-26,-3.705741e-27,7.682476e-26,1.459482e-25,2.042022e-25,2.526264e-25,2.924622e-25,3.249716e-25,3.513385e-25,3.726208e-25,3.897348e-25,4.034563e-25,4.144324e-25,4.231965e-25,4.301843e-25,4.357495e-25,4.401777e-25,4.436989e-25,4.464971e-25,4.487198e-25,4.504848e-25,4.518860e-25,4.529980e-25,4.538805e-25,4.545806e-25,4.551361e-25,4.555767e-25,4.559262e-25,4.562034e-25,4.564233e-25,4.565977e-25,4.567360e-25,4.568457e-25
Ce-150,-1.558484e-25,-1.697690e-27,4.488349e-26,-3.337237e-27,-1.200830e-25,2.631589e-25,-1.786152e-25,-1.540684e-25,2.198639e-25,1.579998e-25,-1.544223e-25,-2.570281e-25,-8.921306e-26,1.428713e-25,2.664044e-25,2.431060e-25,1.230327e-25,-2.469320e-26,-1.502010e-25,-2.308082e-25,-2.642480e-25,-2.590371e-25,-2.271225e-25,-1.797252e-25,-1.256308e-25,-7.091153e-26,-1.930869e-26,2.718637e-26,6.777690e-26,1.024156e-25,1.314821e-25,1.555659e-25,1.753293e-25,1.914274e-25,2.044647e-25,2.149759e-25,2.234207e-25,2.301869e-25,2.355963e-25,2.399136e-25,2.433548e-25,2.460946e-25,2.482743e-25,2.500071e-25,2.513840e-25,2.524777e-25,2.533460e-25,2.540353e-25,2.545823e-25,2.550164e-25,2.553608e-25,2.556340e-25,2.558507e-25,2.560226e-25,2.561589e-25,2.562671e-25,2.563529e-25,2.564209e-25,2.564748e-25,2.565176e-25
Ce-151,-6.516304e-26,4.546152e-26,1.162044e-26,-6.432913e-26,2.146890e-26,6.407460e-26,-3.705442e-27,-6.376734e-26,-4.935453e-26,8.094343e-27,5.489231e-26,6.586423e-26,4.550009e-26,1.047602e-26,-2.399839e-26,-4.923303e-26,-6.260601e-26,-6.525421e-26,-5.991289e-26,-4.952603e-26,-3.657265e-26,-2.286166e-26,-9.569182e-27,2.630469e-27,1.341994e-26,2.271469e-26,3.056927e-26,3.711208e-26,4.250309e-26,4.690809e-26,5.048426e-26,5.337299e-26,5.569732e-26,5.756177e-26,5.905374e-26,6.024538e-26,6.119571e-26,6.195271e-26,6.255515e-26,6.303423e-26,6.341499e-26,6.371746e-26,6.395766e-26,6.414835e-26,6.429970e-26,6.441981e-26,6.451510e-26,6.459070e-26,6.465068e-26,6.469825e-26,6.473598e-26,6.476591e-26,6.478965e-26,6.480847e-26,6.482340e-26,6.483524e-26,6.484463e-26,6.485208e-26,6.485798e-26,6.486267e-26
Ce-152,9.199921e-27,2.900285e-27,-1.331735e-26,3.885167e-27,1.306012e-26,-4.403091e-28,-1.276976e-26,-1.001745e-26,1.602574e-27,1.113604e-26,1.338187e-26,9.218462e-27,2.046806e-27,-1.043247e-21,-3.215710e-25,-1.292461e-26,-1.344116e-26,-1.232599e-26,-1.017396e-26,-7.495139e-27,-4.661807e-27,-1.916029e-27,6.034446e-28,2.831381e-27,4.750502e-27,6.372165e-27,7.722943e-27,8.835897e-27,9.745273e-27,1.048353e-26,1.107987e-26,1.155969e-26,1.194457e-26,1.225256e-26,1.249855e-26,1.269473e-26,1.285100e-26,1.297536e-26,1.307425e-26,1.315285e-26,1.321529e-26,1.326487e-26,1.330424e-26,1.333548e-26,1.336027e-26,1.337995e-26,1.339555e-26,1.340793e-26,1.341775e-26,1.342554e-26,1.343172e-26,1.343662e-26,1.344051e-26,1.344359e-26,1.344603e-26,1.344797e-26,1.344951e-26,1.345073e-26,1.345169e-26,1.345246e-26
Ce-153,-8.480922e-28,-5.037349e-28,1.015862e-27,6.033663e-28,-7.210626e-28,-1.080465e-27,-3.353130e-28,6.224678e-28,1.099364e-27,9.677807e-28,4.509665e-28,-1.632530e-28,-6.735104e-28,-9.919617e-28,-1.113747e-27,-1.076719e-27,-9.314549e-28,-7.246302e-28,-4.923956e-28,-2.595062e-28,-4.105002e-29,1.550821e-28,3.258786e-28,4.713663e-28,5.932854e-28,6.942015e-28,7.769503e-28,8.443121e-28,8.988407e-28,9.427880e-28,9.780861e-28,1.006361e-27,1.028962e-27,1.046999e-27,1.061373e-27,1.072817e-27,1.081920e-27,1.089157e-27,1.094907e-27,1.099474e-27,1.103100e-27,1.105978e-27,1.108262e-27,1.110075e-27,1.111513e-27,1.112654e-27,1.113558e-27,1.114276e-27,1.114846e-27,1.115297e-27,1.115655e-27,1.115939e-27,1.116164e-27,1.116343e-27,1.116485e-27,1.116597e-27,1.116686e-27,1.116757e-27,1.116813e-27,1.116857e-27
Ce-154,-2.627301e-29,5.459402e-29,3.177049e-29,-3.893599e-29,-5.762512e-29,-1.751581e-29,3.358837e-29,5.882357e-29,5.157075e-29,2.384274e-29,-8.987015e-30,-3.619919e-29,-5.313916e-29,-5.957262e-29,-5.753410e-29,-4.972902e-29,-3.864978e-29,-2.622463e-29,-1.377284e-29,-2.097711e-30,8.381319e-30,1.750484e-29,2.527526e-29,3.178616e-29,3.717498e-29,4.159339e-29,4.519002e-29,4.810134e-29,5.044764e-29,5.233213e-29,5.384164e-29,5.504823e-29,5.601110e-29,5.677846e-29,5.738938e-29,5.787535e-29,5.826168e-29,5.856864e-29,5.881244e-29,5.900601e-29,5.915966e-29,5.928160e-29,5.937836e-29,5.945512e-29,5.951602e-29,5.956433e-29,5.960265e-29,5.963304e-29,5.965715e-29,5.967626e-29,5.969142e-29,5.970345e-29,5.971298e-29,5.972055e-29,5.972654e-29,5.973130e-29,5.973507e-29,5.973806e-29,5.974043e-29,5.974231e-29
Ce-155,5.951367e-31,-1.292049e-30,-1.522884e-30,-2.648878e-31,1.101307e-30,1.666687e-30,1.352318e-30,5.309493e-31,-3.782009e-31,-1.101098e-30,-1.529617e-30,-1.670121e-30,-1.584551e-30,-1.348784e-30,-1.030517e-30,-6.810929e-31,-3.350566e-31,-1.304768e-32,2.744817e-31,5.238953e-31,7.357431e-31,9.128912e-31,1.059283e-30,1.179171e-30,1.276671e-30,1.355537e-30,1.419061e-30,1.470060e-30,1.510897e-30,1.543530e-30,1.569566e-30,1.590312e-30,1.606827e-30,1.619962e-30,1.630403e-30,1.638699e-30,1.645287e-30,1.650518e-30,1.654670e-30,1.657965e-30,1.660579e-30,1.662653e-30,1.664299e-30,1.665604e-30,1.666639e-30,1.667461e-30,1.668112e-30,1.668628e-30,1.669038e-30,1.669363e-30,1.669621e-30,1.669825e-30,1.669987e-30,1.670115e-30,1.670217e-30,1.670298e-30,1.670362e-30,1.670413e-30,1.670453e-30,1.670485e-30
Ce-156,-3.043738e-32,-3.332659e-32,-4.145589e-33,2.594337e-32,3.752249e-32,2.961451e-32,1.084002e-32,-9.487686e-33,-2.541728e-32,-3.468815e-32,-3.753917e-32,-3.539767e-32,-2.996794e-32,-2.275449e-32,-1.489053e-32,-7.133977e-33,6.541767e-35,6.482554e-33,1.204195e-32,1.675960e-32,2.070175e-32,2.395774e-32,2.662313e-32,2.879010e-32,3.054249e-32,3.195372e-32,3.308651e-32,3.399348e-32,3.471818e-32,3.529633e-32,3.575698e-32,3.612366e-32,3.641530e-32,3.664712e-32,3.683129e-32,3.697756e-32,3.709369e-32,3.718586e-32,3.725901e-32,3.731705e-32,3.736310e-32,3.739963e-32,3.742860e-32,3.745159e-32,3.746982e-32,3.748427e-32,3.749574e-32,3.750483e-32,3.751205e-32,3.751777e-32,3.752230e-32,3.752590e-32,3.752875e-32,3.753101e-32,3.753281e-32,3.753423e-32,3.753536e-32,3.753625e-32,3.753696e-32,3.753752e-32
Ce-157,-8.700216e-35,1.698604e-34,2.961113e-34,2.590145e-34,1.192300e-34,-4.592985e-35,-1.826597e-34,-2.676559e-34,-2.998108e-34,-2.893911e-34,-2.500130e-34,-1.942083e-34,-1.316668e-34,-6.901441e-35,-1.028360e-35,4.242192e-35,8.830455e-35,1.273792e-34,1.601181e-34,1.872135e-34,2.094288e-34,2.275118e-34,2.421489e-34,2.539451e-34,2.634193e-34,2.710083e-34,2.770744e-34,2.819151e-34,2.857728e-34,2.888441e-34,2.912873e-34,2.932295e-34,2.947727e-34,2.959983e-34,2.969714e-34,2.977439e-34,2.983569e-34,2.988433e-34,2.992292e-34,2.995354e-34,2.997783e-34,2.999709e-34,3.001237e-34,3.002449e-34,3.003410e-34,3.004172e-34,3.004776e-34,3.005256e-34,3.005636e-34,3.005937e-34,3.006176e-34,3.006366e-34,3.006516e-34,3.006636e-34,3.006730e-34,3.006805e-34,3.006865e-34,3.006912e-34,3.006949e-34,3.006979e-34
Pr-141,5.856557e+18,1.049231e+19,1.841777e+19,3.164587e+19,5.319992e+19,8.750210e+19,1.408500e+20,2.219476e+20,3.424057e+20,5.170822e+20,7.641290e+20,1.104709e+21,1.562584e+21,2.164095e+21,2.939201e+21,3.923904e+21,5.163548e+21,6.715894e+21,8.653202e+21,1.106352e+22,1.405165e+22,1.773967e+22,2.226606e+22,2.778227e+22,3.444513e+22,4.240311e+22,5.177435e+22,6.261470e+22,7.487574e+22,8.835643e+22,1.026588e+23,1.171665e+23,1.310739e+23,1.434910e+23,1.536296e+23,1.610289e+23,1.657194e+23,1.682115e+23,1.692732e+23,1.696163e+23,1.696949e+23,1.697067e+23,1.697077e+23,1.697077e+23,1.697077e+23,1.697077e+23,1.697077e+23,1.697077e+23,1.697077e+23,1.697077e+23,1.697077e+23,1.697077e+23,1.697077e+23,1.697077e+23,1.697077e+23,1.697077e+23,1.697077e+23,1.697077e+23,1.697077e+23,1.697077e+23
Pr-142,1.264464e+14,1.272857e+14,1.268936e+14,1.254962e+14,1.233073e+14,1.204334e+14,1.168603e+14,1.124977e+14,1.072270e+14,1.009310e+14,9.351590e+13,8.493682e+13,7.523124e+13,6.455720e+13,5.322857e+13,4.173214e+13,3.070523e+13,2.085306e+13,1.280156e+13,6.918977e+12,3.184698e+12,1.197111e+12,3.485618e+11,7.354466e+10,1.033801e+10,8.707539e+08,3.844733e+07,7.518541e+05,5.264659e+03,1.009599e+01,3.781387e-03,1.806069e-07,6.425813e-13,8.646087e-20,1.871341e-28,3.913904e-33,-3.024408e-33,1.631016e-33,-2.161635e-34,-3.540385e-34,2.094904e-33,3.392126e-33,-1.089221e-33,2.096874e-33,1.622943e-33,1.742190e-33,-7.219011e-34,3.802668e-33,-1.341822e-33,-1.765342e-33,2.359002e-33,1.666482e-33,-2.198500e-33,-3.795329e-33,-2.160826e-33,3.937558e-34,1.802726e-33,1.542300e-33,1.495031e-34,-1.583373e-33
Pr-142m,3.890901e+12,1.849811e+12,7.242891e+11,2.220246e+11,4.998601e+10,7.625443e+09,7.120802e+08,3.580969e+07,8.251204e+05,7.105614e+03,1.768808e+01,9.205732e-03,6.657506e-07,3.996735e-12,-5.061227e-10,1.694912e-06,4.376150e-06,-2.435960e-06,7.544515e-06,-6.103127e-06,-7.635301e-07,8.628247e-07,-2.341358e-08,-8.759008e-09,3.395851e-10,1.227697e-10,5.218831e-11,-1.320369e-14,4.488009e-18,-2.946724e-17,-7.117852e-21,-2.785335e-23,2.884741e-27,3.954726e-29,-1.739329e-33,-8.547390e-34,4.896144e-34,1.386835e-33,1.440742e-33,8.553728e-34,2.600372e-35,-7.285107e-34,-1.244515e-33,-1.487143e-33,-1.495293e-33,-1.335518e-33,-1.074231e-33,-7.652248e-34,-4.466504e-34,-1.426347e-34,1.334980e-34,3.759443e-34,5.837084e-34,7.585972e-34,9.038508e-34,1.023266e-33,1.120671e-33,1.199643e-33,1.263369e-33,1.314601e-33
Pr-143,2.408236e+21,3.297683e+21,4.437282e+21,5.877816e+21,7.682412e+21,9.929823e+21,1.271587e+22,1.615317e+22,2.036941e+22,2.550335e+22,3.169690e+22,3.908088e+22,4.775215e+22,5.773980e+22,6.895949e+22,8.115848e+22,9.386003e+22,1.063254e+23,1.175623e+23,1.264123e+23,1.317375e+23,1.326819e+23,1.289214e+23,1.207687e+23,1.090477e+23,9.480516e+22,7.906475e+22,6.277936e+22,4.691760e+22,3.249488e+22,2.044808e+22,1.140198e+22,5.458737e+21,2.156272e+21,6.683723e+20,1.525988e+20,2.369418e+19,2.262468e+18,1.170192e+17,2.793585e+15,2.515656e+13,6.625228e+10,3.701998e+07,2.928209e+03,1.968185e-02,5.906661e-09,3.515532e-17,-7.495343e-24,4.225019e-24,-5.018942e-24,3.534980e-24,8.541428e-24,2.317247e-24,-4.110074e-24,-3.713779e-24,7.889459e-24,3.227784e-25,2.261904e-24,-7.710251e-24,-2.144963e-25
Pr-144,6.141238e+18,6.412758e+18,6.582028e+18,6.670241e+18,6.706815e+18,6.718004e+18,6.720021e+18,6.719677e+18,6.718806e+18,6.717671e+18,6.716237e+18,6.714431e+18,6.712153e+18,6.709282e+18,6.705663e+18,6.701102e+18,6.695355e+18,6.688115e+18,6.678996e+18,6.667515e+18,6.653064e+18,6.634887e+18,6.612035e+18,6.583331e+18,6.547311e+18,6.502171e+18,6.445690e+18,6.375165e+18,6.287331e+18,6.178291e+18,6.043482e+18,5.877668e+18,5.675042e+18,5.429452e+18,5.134851e+18,4.786029e+18,4.379734e+18,3.916185e+18,3.400922e+18,2.846674e+18,2.274637e+18,1.714175e+18,1.199856e+18,7.651778e+17,4.339095e+17,2.121914e+17,8.609182e+16,2.760154e+16,6.575796e+15,1.077322e+15,1.100720e+14,6.200315e+12,1.648373e+11,1.700126e+09,5.313090e+06,3.644243e+03,1.337823e+01,8.661287e+00,6.077297e+01,5.130998e+00
Pr-144m,2.780112e+16,2.697675e+16,2.677662e+16,2.674369e+16,2.673924e+16,2.673730e+16,2.673504e+16,2.673220e+16,2.672861e+16,2.672409e+16,2.671839e+16,2.671120e+16,2.670214e+16,2.669072e+16,2.667632e+16,2.665818e+16,2.663531e+16,2.660651e+16,2.657024e+16,2.652456e+16,2.646708e+16,2.639476e+16,2.630385e+16,2.618966e+16,2.604637e+16,2.586679e+16,2.564210e+16,2.536154e+16,2.501212e+16,2.457834e+16,2.404205e+16,2.338241e+16,2.257633e+16,2.159933e+16,2.042735e+16,1.903968e+16,1.742336e+16,1.557928e+16,1.352947e+16,1.132458e+16,9.048909e+15,6.819293e+15,4.773239e+15,3.044014e+15,1.726169e+15,8.441353e+14,3.424886e+14,1.098038e+14,2.615969e+13,4.285779e+12,4.378860e+11,2.466596e+10,6.557519e+08,6.763447e+06,2.110626e+04,-4.555844e+00,2.207315e+00,2.695383e+01,2.187983e+01,-1.396311e+01
Pr-145,1.026125e+23,9.955648e+22,9.583200e+22,9.133330e+22,8.596013e+22,7.963271e+22,7.231332e+22,6.403464e+22,5.493237e+22,4.527523e+22,3.547928e+22,2.608853e+22,1.770396e+22,1.085773e+22,5.861149e+21,2.693606e+21,1.010529e+21,2.935088e+20,6.173606e+19,8.644063e+18,7.244759e+17,3.178926e+16,6.167726e+14,4.276078e+12,8.098069e+09,2.985521e+06,1.397810e+02,4.849840e-04,6.322015e-11,1.314697e-19,-3.316657e-25,-5.304026e-24,4.051446e-25,4.376804e-25,1.486875e-24,4.120023e-24,5.366403e-24,1.265841e-24,3.413969e-24,2.698805e-24,2.229664e-24,-1.500075e-25,3.324419e-24,-1.361063e-24,-1.879263e-24,1.444538e-24,6.673098e-25,-2.742034e-24,-4.168459e-24,-2.832317e-24,-7.163512e-25,4.258092e-25,1.560647e-25,-1.065332e-24,-2.565138e-24,-3.848225e-24,-4.685461e-24,-5.050902e-24,-5.027341e-24,-4.733058e-24
Pr-146,2.627052e+22,1.850296e+22,1.133611e+22,5.860896e+21,2.465414e+21,8.068754e+20,1.941940e+20,3.196211e+19,3.273903e+18,1.848327e+17,4.926894e+15,5.098515e+13,1.600056e+11,1.115290e+08,1.165827e+04,1.113741e-01,5.207177e-08,5.420666e-16,-5.121057e-24,6.790470e-24,-1.496178e-24,8.263147e-25,-1.338414e-24,3.193621e-24,-1.181711e-24,-5.343693e-24,5.705551e-24,-2.810668e-24,1.981731e-26,-9.188160e-25,5.371934e-24,-3.814637e-24,-6.601578e-24,4.763013e-24,8.538274e-24,7.329582e-25,-6.902694e-24,-7.530837e-24,-3.037889e-24,2.087948e-24,5.128154e-24,5.673311e-24,4.525989e-24,2.682786e-24,8.595499e-25,-5.836000e-25,-1.548768e-24,-2.081820e-24,-2.284249e-24,-2.262716e-24,-2.106582e-24,-1.881844e-24,-1.632928e-24,-1.387257e-24,-1.160086e-24,-9.585645e-25,-7.847880e-25,-6.379291e-25,-5.156398e-25,-4.149290e-25
Pr-147,3.117430e+21,1.386614e+21,4.991982e+20,1.376500e+20,2.711650e+19,3.495614e+18,2.639806e+17,1.015682e+16,1.669683e+14,9.392917e+11,1.366762e+09,3.614220e+05,1.112896e+01,2.276365e-05,1.523959e-12,1.367610e-21,-1.604876e-24,9.465740e-25,1.601046e-24,-1.770540e-24,-2.626904e-24,-2.167952e-25,2.771257e-24,7.274825e-25,-9.681662e-25,-2.792594e-25,-1.950085e-24,-1.170517e-24,1.207089e-24,-7.321083e-25,5.459372e-25,2.844582e-24,2.134682e-24,1.843759e-25,-4.218829e-25,4.098592e-25,1.441516e-24,1.773505e-24,1.285830e-24,3.146983e-25,-7.382841e-25,-1.602465e-24,-2.166686e-24,-2.433088e-24,-2.460521e-24,-2.323424e-24,-2.089453e-24,-1.810839e-24,-1.523515e-24,-1.249706e-24,-1.001444e-24,-7.838312e-25,-5.976209e-25,-4.410679e-25,-3.111748e-25,-2.044759e-25,-1.175005e-25,-4.702264e-26,9.823922e-27,5.551059e-26
Pr-148,1.029245e+15,8.988960e+12,2.277661e+10,1.212208e+07,9.017278e+02,5.609327e-03,1.526794e-09,8.034402e-18,-2.489257e-24,-1.525623e-24,5.793253e-25,3.135458e-24,1.570155e-26,3.242458e-24,-1.318370e-24,-2.387296e-26,-5.289148e-26,-1.044709e-24,2.812849e-24,-2.383969e-24,6.119503e-26,-1.632172e-25,1.997471e-25,2.283101e-24,1.160087e-24,-2.079668e-24,-3.513739e-24,-2.150686e-24,3.936232e-25,2.376479e-24,3.100920e-24,2.743758e-24,1.808774e-24,7.506372e-25,-1.560226e-25,-8.030623e-25,-1.188559e-24,-1.360677e-24,-1.380907e-24,-1.305230e-24,-1.177165e-24,-1.027177e-24,-8.747711e-25,-7.312895e-25,-6.024605e-25,-4.904133e-25,-3.951268e-25,-3.154092e-25,-2.495241e-25,-1.955707e-25,-1.516983e-25,-1.162165e-25,-8.764132e-26,-6.470391e-26,-4.633925e-26,-3.166538e-26,-1.995916e-26,-1.063209e-26,-3.207973e-27,2.696840e-27
Pr-148m,1.164610e+12,5.254991e+09,5.790139e+06,1.078226e+03,2.133504e-02,2.498572e-08,8.279727e-16,3.217791e-25,-2.019785e-26,1.784829e-26,-2.382182e-26,-2.223871e-26,-2.312814e-26,-2.297832e-26,1.060194e-26,1.391511e-26,-2.255459e-26,2.342418e-26,-1.952021e-26,6.356643e-27,1.552154e-26,-2.470259e-26,-1.429700e-27,2.540928e-26,6.189237e-27,-2.128253e-26,-2.212570e-26,-1.924955e-27,1.816044e-26,2.546129e-26,1.969412e-26,6.815320e-27,-6.915320e-27,-1.756278e-26,-2.367531e-26,-2.546043e-26,-2.390260e-26,-2.015687e-26,-1.523531e-26,-9.896435e-27,-4.645429e-27,2.194781e-28,4.550314e-27,8.298879e-27,1.147775e-26,1.413273e-26,1.632476e-26,1.811865e-26,1.957676e-26,2.075569e-26,2.170498e-26,2.246689e-26,2.307685e-26,2.356421e-26,2.395299e-26,2.426275e-26,2.450930e-26,2.470539e-26,2.486126e-26,2.498509e-26
Pr-149,3.272346e+14,2.683618e+12,6.281122e+09,3.024588e+06,1.983177e+02,1.052176e-03,2.343205e-10,9.573877e-19,4.529553e-25,-8.825819e-25,-2.075266e-25,9.058651e-25,1.157458e-24,1.010002e-24,8.411329e-26,-1.234343e-24,-5.842954e-26,-5.990364e-25,3.523438e-25,-3.410973e-25,1.161721e-24,2.840149e-25,-3.798113e-26,9.712475e-25,9.697406e-25,8.317462e-27,-5.586652e-25,-3.240201e-25,2.207589e-25,5.471645e-25,4.822683e-25,1.310367e-25,-3.183081e-25,-7.176399e-25,-9.932390e-25,-1.131819e-24,-1.154100e-24,-1.093104e-24,-9.812368e-25,-8.445894e-25,-7.016545e-25,-5.641717e-25,-4.386992e-25,-3.281899e-25,-2.332876e-25,-1.532818e-25,-8.676060e-26,-3.202849e-26,1.264304e-26,4.887734e-26,7.812631e-26,1.016477e-25,1.205073e-25,1.355939e-25,1.476404e-25,1.572455e-25,1.648953e-25,1.709823e-25,1.758224e-25,1.796689e-25
Pr-150,3.537154e-25,8.553342e-25,-3.195962e-25,-3.397748e-25,8.391891e-25,-1.027591e-24,3.070391e-25,1.198891e-24,-1.370253e-24,-7.953042e-25,1.269026e-24,1.167051e-24,-3.431128e-25,-1.230057e-24,-9.588877e-25,-1.416556e-25,5.493989e-25,8.373472e-25,7.668419e-25,5.019180e-25,1.923360e-25,-7.170797e-26,-2.549277e-25,-3.567554e-25,-3.927867e-25,-3.827723e-25,-3.445493e-25,-2.918514e-25,-2.341700e-25,-1.774695e-25,-1.251076e-25,-7.866927e-26,-3.861728e-26,-4.757960e-27,2.344706e-26,4.668329e-26,6.566550e-26,8.107250e-26,9.351522e-26,1.035249e-25,1.115529e-25,1.179761e-25,1.231057e-25,1.271962e-25,1.304543e-25,1.330471e-25,1.351088e-25,1.367473e-25,1.380489e-25,1.390825e-25,1.399030e-25,1.405543e-25,1.410711e-25,1.414811e-25,1.418064e-25,1.420645e-25,1.422692e-25,1.424315e-25,1.425603e-25,1.426624e-25
Pr-151,-1.213471e-25,1.221208e-25,-2.209017e-25,-1.346303e-25,-2.353511e-25,-2.719686e-25,1.071654e-25,1.876540e-25,-1.452847e-25,1.985170e-25,-2.320320e-25,-1.991777e-26,9.327196e-26,-2.316142e-25,1.088734e-26,2.827963e-25,1.277182e-25,-1.174431e-25,-1.334579e-25,3.544252e-26,2.020594e-25,2.535657e-25,1.879019e-25,5.905509e-26,-7.630300e-26,-1.825350e-25,-2.464945e-25,-2.700908e-25,-2.623050e-25,-2.336931e-25,-1.935333e-25,-1.488141e-25,-1.042262e-25,-6.257744e-26,-2.530320e-26,7.077421e-27,3.460820e-26,5.764542e-26,7.669231e-26,9.229636e-26,1.049899e-25,1.152595e-25,1.235327e-25,1.301754e-25,1.354949e-25,1.397461e-25,1.431381e-25,1.458409e-25,1.479926e-25,1.497040e-25,1.510645e-25,1.521454e-25,1.530038e-25,1.536854e-25,1.542264e-25,1.546557e-25,1.549964e-25,1.552667e-25,1.554811e-25,1.556511e-25
Pr-152,5.920874e-26,-9.311936e-26,1.105248e-25,-8.778387e-26,2.138501e-26,3.835942e-26,-6.828505e-26,2.665487e-26,8.619917e-26,-8.379045e-27,-1.016241e-25,-8.722099e-26,-1.470833e-27,3.237898e-21,-1.357589e-24,8.613523e-26,4.053380e-26,-8.715644e-27,-4.795292e-26,-7.203053e-26,-8.148671e-26,-7.951711e-26,-6.992401e-26,-5.606086e-26,-4.045821e-26,-2.481848e-26,-1.016483e-26,2.975006e-27,1.440445e-26,2.413070e-26,3.227464e-26,3.901109e-26,4.453179e-26,4.902395e-26,5.265901e-26,5.558786e-26,5.793975e-26,5.982336e-26,6.132879e-26,6.253000e-26,6.348723e-26,6.424926e-26,6.485541e-26,6.533726e-26,6.572010e-26,6.602416e-26,6.626557e-26,6.645719e-26,6.660926e-26,6.672992e-26,6.682566e-26,6.690160e-26,6.696185e-26,6.700963e-26,6.704753e-26,6.707759e-26,6.710143e-26,6.712034e-26,6.713533e-26,6.714723e-26
Pr-153,-2.329362e-26,2.300562e-26,-1.841507e-26,1.767065e-26,-2.317860e-26,2.486085e-26,-3.499490e-27,-2.350996e-26,1.262082e-26,2.109794e-26,-7.127908e-27,-2.508897e-26,-1.464882e-26,8.333154e-27,2.431024e-26,2.593291e-26,1.632168e-26,2.161376e-27,-1.100430e-26,-2.024559e-26,-2.485911e-26,-2.544307e-26,-2.310273e-26,-1.896341e-26,-1.394685e-26,-8.712847e-27,-3.682949e-27,9.063744e-28,4.948393e-27,8.419909e-27,1.134689e-26,1.378085e-26,1.578370e-26,1.741857e-26,1.874477e-26,1.981537e-26,2.067639e-26,2.136678e-26,2.191908e-26,2.236010e-26,2.271175e-26,2.299182e-26,2.321468e-26,2.339189e-26,2.353272e-26,2.364459e-26,2.373342e-26,2.380394e-26,2.385991e-26,2.390432e-26,2.393956e-26,2.396752e-26,2.398970e-26,2.400729e-26,2.402124e-26,2.403231e-26,2.404108e-26,2.404805e-26,2.405357e-26,2.405794e-26
Pr-154,3.361674e-27,-3.041072e-27,1.339694e-27,1.691236e-27,-3.272172e-27,2.398371e-28,3.325979e-27,4.204766e-28,-3.048173e-27,-2.839970e-27,-1.782930e-29,2.600782e-27,3.455529e-27,2.600854e-27,8.549684e-28,-9.629116e-28,-2.352445e-27,-3.138205e-27,-3.356813e-27,-3.141555e-27,-2.644737e-27,-1.998272e-27,-1.300301e-27,-6.157887e-28,1.716477e-29,5.798559e-28,1.066401e-27,1.478688e-27,1.822829e-27,2.106834e-27,2.339175e-27,2.527976e-27,2.680595e-27,2.803465e-27,2.902070e-27,2.981002e-27,3.044063e-27,3.094365e-27,3.134441e-27,3.166338e-27,3.191707e-27,3.211871e-27,3.227891e-27,3.240612e-27,3.250713e-27,3.258729e-27,3.265091e-27,3.270139e-27,3.274144e-27,3.277321e-27,3.279841e-27,3.281840e-27,3.283425e-27,3.284682e-27,3.285680e-27,3.286470e-27,3.287098e-27,3.287595e-27,3.287990e-27,3.288302e-27
Pr-155,-4.104653e-28,2.232825e-28,4.043929e-28,-9.149340e-29,-4.401468e-28,-2.880721e-28,1.044184e-28,3.906924e-28,4.315922e-28,2.746935e-28,3.464762e-29,-1.911628e-28,-3.502908e-28,-4.293958e-28,-4.383168e-28,-3.961091e-28,-3.223877e-28,-2.333033e-28,-1.404518e-28,-5.125624e-29,3.011465e-29,1.017786e-28,1.633278e-28,2.152237e-28,2.583797e-28,2.938926e-28,3.228815e-28,3.463978e-28,3.653823e-28,3.806503e-28,3.928931e-28,4.026872e-28,4.105079e-28,4.167438e-28,4.217104e-28,4.256625e-28,4.288051e-28,4.313025e-28,4.332864e-28,4.348617e-28,4.361123e-28,4.371049e-28,4.378925e-28,4.385174e-28,4.390132e-28,4.394065e-28,4.397185e-28,4.399659e-28,4.401622e-28,4.403178e-28,4.404412e-28,4.405391e-28,4.406168e-28,4.406784e-28,4.407272e-28,4.407659e-28,4.407966e-28,4.408210e-28,4.408403e-28,4.408556e-28
Pr-156,-1.316064e-30,2.675846e-29,6.412659e-30,-2.245088e-29,-2.327293e-29,-2.011712e-30,1.909367e-29,2.675862e-29,2.070269e-29,7.184959e-30,-7.224649e-30,-1.839862e-29,-2.481521e-29,-2.669286e-29,-2.506440e-29,-2.114130e-29,-1.598484e-29,-1.039041e-29,-4.887697e-30,2.105849e-31,4.749269e-30,8.677786e-30,1.200928e-29,1.479176e-29,1.708905e-29,1.896910e-29,2.049724e-29,2.173280e-29,2.272768e-29,2.352618e-29,2.416545e-29,2.467622e-29,2.508367e-29,2.540830e-29,2.566670e-29,2.587221e-29,2.603557e-29,2.616535e-29,2.626842e-29,2.635025e-29,2.641519e-29,2.646674e-29,2.650763e-29,2.654008e-29,2.656582e-29,2.658624e-29,2.660243e-29,2.661528e-29,2.662546e-29,2.663354e-29,2.663995e-29,2.664503e-29,2.664906e-29,2.665226e-29,2.665479e-29,2.665680e-29,2.665840e-29,2.665966e-29,2.666066e-29,2.666146e-29
Pr-157,1.050316e-30,4.239810e-31,-8.126965e-31,-9.994792e-31,-2.008256e-31,6.929984e-31,1.077374e-30,8.879547e-31,3.617605e-31,-2.282261e-31,-7.012596e-31,-9.845495e-31,-1.080603e-30,-1.028903e-30,-8.785560e-31,-6.736471e-31,-4.477432e-31,-2.235048e-31,-1.452402e-32,1.722714e-31,3.344237e-31,4.722275e-31,5.875064e-31,6.828002e-31,7.608594e-31,8.243538e-31,8.757203e-31,9.170993e-31,9.503222e-31,9.769270e-31,9.981885e-31,1.015152e-30,1.028670e-30,1.039430e-30,1.047989e-30,1.054793e-30,1.060199e-30,1.064492e-30,1.067900e-30,1.070606e-30,1.072753e-30,1.074457e-30,1.075808e-30,1.076881e-30,1.077731e-30,1.078406e-30,1.078941e-30,1.079365e-30,1.079702e-30,1.079969e-30,1.080181e-30,1.080349e-30,1.080482e-30,1.080587e-30,1.080671e-30,1.080737e-30,1.080790e-30,1.080832e-30,1.080865e-30,1.080891e-30
Pr-158,2.392675e-32,1.541428e-32,2.146943e-33,-1.042896e-32,-1.934546e-32,-2.382059e-32,-2.437973e-32,-2.207508e-32,-1.799823e-32,-1.305156e-32,-7.884829e-33,-2.915090e-33,1.622640e-33,5.621528e-33,9.057573e-33,1.195570e-32,1.436636e-32,1.635048e-32,1.797035e-32,1.928458e-32,2.034564e-32,2.119904e-32,2.188339e-32,2.243089e-32,2.286809e-32,2.321670e-32,2.349436e-32,2.371531e-32,2.389100e-32,2.403063e-32,2.414154e-32,2.422962e-32,2.429954e-32,2.435503e-32,2.439907e-32,2.443401e-32,2.446173e-32,2.448372e-32,2.450116e-32,2.451499e-32,2.452596e-32,2.453467e-32,2.454157e-32,2.454704e-32,2.455138e-32,2.455482e-32,2.455755e-32,2.455972e-32,2.456144e-32,2.456280e-32,2.456388e-32,2.456473e-32,2.456541e-32,2.456595e-32,2.456638e-32,2.456672e-32,2.456699e-32,2.456720e-32,2.456737e-32,2.456750e-32
Pr-159,1.947070e-34,2.129876e-35,-1.410567e-34,-2.549621e-34,-3.110947e-34,-3.167096e-34,-2.856085e-34,-2.319402e-34,-1.673298e-34,-1.001103e-34,-3.560694e-35,2.319657e-35,7.496019e-35,1.194025e-34,1.568649e-34,1.880122e-34,2.136396e-34,2.345566e-34,2.515234e-34,2.652196e-34,2.762341e-34,2.850657e-34,2.921306e-34,2.977720e-34,3.022701e-34,3.058526e-34,3.087032e-34,3.109699e-34,3.127713e-34,3.142022e-34,3.153385e-34,3.162405e-34,3.169564e-34,3.175245e-34,3.179752e-34,3.183328e-34,3.186165e-34,3.188415e-34,3.190200e-34,3.191615e-34,3.192738e-34,3.193628e-34,3.194334e-34,3.194894e-34,3.195338e-34,3.195691e-34,3.195970e-34,3.196191e-34,3.196367e-34,3.196506e-34,3.196617e-34,3.196704e-34,3.196774e-34,3.196829e-34,3.196872e-34,3.196907e-34,3.196935e-34,3.196956e-34,3.196974e-34,3.196987e-34
Nd-142,3.997255e+12,5.198781e+12,6.716137e+12,8.615509e+12,1.097609e+13,1.389190e+13,1.747131e+13,2.183388e+13,2.710375e+13,3.339869e+13,4.081258e+13,4.939026e+13,5.909425e+13,6.976653e+13,8.109330e+13,9.258784e+13,1.036129e+14,1.134635e+14,1.215137e+14,1.273953e+14,1.311290e+14,1.331162e+14,1.339646e+14,1.342396e+14,1.343028e+14,1.343123e+14,1.343131e+14,1.343131e+14,1.343131e+14,1.343131e+14,1.343131e+14,1.343131e+14,1.343131e+14,1.343131e+14,1.343131e+14,1.343131e+14,1.343131e+14,1.343131e+14,1.343131e+14,1.343131e+14,1.343131e+14,1.343131e+14,1.343131e+14,1.343131e+14,1.343131e+14,1.343131e+14,1.343131e+14,1.343131e+14,1.343131e+14,1.343131e+14,1.343131e+14,1.343131e+14,1.343131e+14,1.343131e+14,1.343131e+14,1.343131e+14,1.343131e+14,1.343131e+14,1.343131e+14,1.343131e+14
Nd-143,2.033567e+18,3.617536e+18,6.326415e+18,1.088308e+19,1.843806e+19,3.081314e+19,5.088001e+19,8.314197e+19,1.346166e+20,2.161565e+20,3.443925e+20,5.445264e+20,8.542231e+20,1.328811e+21,2.047818e+21,3.122469e+21,4.702997e+21,6.983485e+21,1.020068e+22,1.462237e+22,2.052199e+22,2.813978e+22,3.763749e+22,4.905785e+22,6.229720e+22,7.708678e+22,9.297066e+22,1.092814e+23,1.251459e+23,1.395687e+23,1.516155e+23,1.606616e+23,1.666049e+23,1.699074e+23,1.713953e+23,1.719110e+23,1.720399e+23,1.720614e+23,1.720635e+23,1.720636e+23,1.720636e+23,1.720636e+23,1.720636e+23,1.720636e+23,1.720636e+23,1.720636e+23,1.720636e+23,1.720636e+23,1.720636e+23,1.720636e+23,1.720636e+23,1.720636e+23,1.720636e+23,1.720636e+23,1.720636e+23,1.720636e+23,1.720636e+23,1.720636e+23,1.720636e+23,1.720636e+23
Nd-144,1.010077e+19,1.405318e+19,1.920941e+19,2.583635e+19,3.426734e+19,4.493336e+19,5.839461e+19,7.537092e+19,9.677641e+19,1.237653e+20,1.577927e+20,2.006918e+20,2.547724e+20,3.229436e+20,4.088679e+20,5.171550e+20,6.536033e+20,8.255019e+20,1.042006e+21,1.314604e+21,1.657690e+21,2.089272e+21,2.631829e+21,3.313346e+21,4.168544e+21,5.240307e+21,6.581305e+21,8.255749e+21,1.034118e+22,1.293006e+22,1.613081e+22,2.006767e+22,2.487855e+22,3.070949e+22,3.770412e+22,4.598607e+22,5.563260e+22,6.663847e+22,7.887218e+22,9.203149e+22,1.056132e+23,1.189200e+23,1.311313e+23,1.414517e+23,1.493169e+23,1.545811e+23,1.575751e+23,1.589638e+23,1.594630e+23,1.595935e+23,1.596165e+23,1.596190e+23,1.596191e+23,1.596191e+23,1.596191e+23,1.596191e+23,1.596191e+23,1.596191e+23,1.596191e+23,1.596191e+23
Nd-145,1.149600e+22,1.455216e+22,1.827664e+22,2.277534e+22,2.814851e+22,3.447592e+22,4.179531e+22,5.007399e+22,5.917626e+22,6.883341e+22,7.862935e+22,8.802010e+22,9.640468e+22,1.032509e+23,1.082475e+23,1.114150e+23,1.130981e+23,1.138151e+23,1.140469e+23,1.141000e+23,1.141079e+23,1.141086e+23,1.141086e+23,1.141086e+23,1.141086e+23,1.141086e+23,1.141086e+23,1.141086e+23,1.141086e+23,1.141086e+23,1.141086e+23,1.141086e+23,1.141086e+23,1.141086e+23,1.141086e+23,1.141086e+23,1.141086e+23,1.141086e+23,1.141086e+23,1.141086e+23,1.141086e+23,1.141086e+23,1.141086e+23,1.141086e+23,1.141086e+23,1.141086e+23,1.141086e+23,1.141086e+23,1.141086e+23,1.141086e+23,1.141086e+23,1.141086e+23,1.141086e+23,1.141086e+23,1.141086e+23,1.141086e+23,1.141086e+23,1.141086e+23,1.141086e+23,1.141086e+23
Nd-146,5.667718e+22,6.667591e+22,7.499573e+22,8.094532e+22,8.448761e+22,8.617801e+22,8.679513e+22,8.695772e+22,8.698642e+22,8.698951e+22,8.698969e+22,8.698970e+22,8.698970e+22,8.698970e+22,8.698970e+22,8.698970e+22,8.698970e+22,8.698970e+22,8.698970e+22,8.698970e+22,8.698970e+22,8.698970e+22,8.698970e+22,8.698970e+22,8.698970e+22,8.698970e+22,8.698970e+22,8.698970e+22,8.698970e+22,8.698970e+22,8.698970e+22,8.698970e+22,8.698970e+22,8.698970e+22,8.698970e+22,8.698970e+22,8.698970e+22,8.698970e+22,8.698970e+22,8.698970e+22,8.698970e+22,8.698970e+22,8.698970e+22,8.698970e+22,8.698970e+22,8.698970e+22,8.698970e+22,8.698970e+22,8.698970e+22,8.698970e+22,8.698970e+22,8.698970e+22,8.698970e+22,8.698970e+22,8.698970e+22,8.698970e+22,8.698970e+22,8.698970e+22,8.698970e+22,8.698970e+22
Nd-147,6.194333e+22,6.363096e+22,6.446286e+22,6.475382e+22,6.477517e+22,6.468639e+22,6.454815e+22,6.437044e+22,6.414672e+22,6.386571e+22,6.351310e+22,6.307122e+22,6.251837e+22,6.182812e+22,6.096855e+22,5.990162e+22,5.858276e+22,5.696096e+22,5.497967e+22,5.257916e+22,4.970088e+22,4.629483e+22,4.233046e+22,3.781157e+22,3.279432e+22,2.740526e+22,2.185336e+22,1.642628e+22,1.146035e+22,7.278580e+21,4.106134e+21,1.994913e+21,8.027485e+20,2.547054e+20,5.989116e+19,9.651258e+18,9.657530e+17,5.298973e+16,1.362836e+15,1.348103e+13,3.996781e+10,2.593046e+07,2.476124e+03,2.110491e-02,8.545388e-09,7.420029e-17,-3.052502e-25,1.828021e-24,-8.934230e-25,8.213432e-25,1.123226e-24,5.532403e-25,-1.183703e-24,-1.965340e-24,5.416344e-25,-2.218474e-24,1.547616e-25,-2.628727e-24,9.114096e-27,-1.296732e-24
Nd-148,4.854998e+22,4.854998e+22,4.854998e+22,4.854998e+22,4.854998e+22,4.854998e+22,4.854998e+22,4.854998e+22,4.854998e+22,4.854998e+22,4.854998e+22,4.854998e+22,4.854998e+22,4.854998e+22,4.854998e+22,4.854998e+22,4.854998e+22,4.854998e+22,4.854998e+22,4.854998e+22,4.854998e+22,4.854998e+22,4.854998e+22,4.854998e+22,4.854998e+22,4.854998e+22,4.854998e+22,4.854998e+22,4.854998e+22,4.854998e+22,4.854998e+22,4.854998e+22,4.854998e+22,4.854998e+22,4.854998e+22,4.854998e+22,4.854998e+22,4.854998e+22,4.854998e+22,4.854998e+22,4.854998e+22,4.854998e+22,4.854998e+22,4.854998e+22,4.854998e+22,4.854998e+22,4.854998e+22,4.854998e+22,4.854998e+22,4.854998e+22,4.854998e+22,4.854998e+22,4.854998e+22,4.854998e+22,4.854998e+22,4.854998e+22,4.854998e+22,4.854998e+22,4.854998e+22,4.854998e+22
Nd-149,2.149150e+22,1.935501e+22,1.696095e+22,1.435948e+22,1.163997e+22,8.932276e+21,6.396713e+21,4.198565e+21,2.468959e+21,1.263970e+21,5.433230e+20,1.873550e+20,4.892987e+19,9.000744e+18,1.064262e+18,7.207484e+16,2.417161e+15,3.341522e+13,1.510893e+11,1.669104e+08,3.118401e+04,6.196074e-01,7.294338e-07,2.433177e-14,8.897502e-24,-3.156244e-25,1.250684e-24,-2.857608e-25,-9.011782e-25,-1.343858e-24,-1.340302e-24,-8.423490e-26,4.100133e-25,-2.557664e-25,1.297452e-24,1.925950e-25,9.249222e-25,1.110310e-24,-1.648463e-25,3.439523e-25,9.545360e-25,2.612117e-25,-6.556281e-25,-7.986044e-25,-3.247552e-25,1.626923e-25,3.008780e-25,7.941135e-26,-3.341495e-25,-7.632798e-25,-1.097386e-24,-1.296378e-24,-1.367237e-24,-1.338904e-24,-1.245036e-24,-1.115084e-24,-9.711643e-25,-8.280824e-25,-6.946687e-25,-5.754079e-25
Nd-150,1.894956e+22,1.894956e+22,1.894956e+22,1.894956e+22,1.894956e+22,1.894956e+22,1.894956e+22,1.894956e+22,1.894956e+22,1.894956e+22,1.894956e+22,1.894956e+22,1.894956e+22,1.894956e+22,1.894956e+22,1.894956e+22,1.894956e+22,1.894956e+22,1.894956e+22,1.894956e+22,1.894956e+22,1.894956e+22,1.894956e+22,1.894956e+22,1.894956e+22,1.894956e+22,1.894956e+22,1.894956e+22,1.894956e+22,1.894956e+22,1.894956e+22,1.894956e+22,1.894956e+22,1.894956e+22,1.894956e+22,1.894956e+22,1.894956e+22,1.894956e+22,1.894956e+22,1.894956e+22,1.894956e+22,1.894956e+22,1.894956e+22,1.894956e+22,1.894956e+22,1.894956e+22,1.894956e+22,1.894956e+22,1.894956e+22,1.894956e+22,1.894956e+22,1.894956e+22,1.894956e+22,1.894956e+22,1.894956e+22,1.894956e+22,1.894956e+22,1.894956e+22,1.894956e+22,1.894956e+22
Nd-151,4.377897e+20,1.829248e+20,6.086265e+19,1.519418e+19,2.640511e+18,2.906152e+17,1.797983e+16,5.380087e+14,6.441457e+12,2.429573e+10,2.135411e+07,2.990283e+03,4.130413e-02,3.074268e-08,5.752174e-16,7.385722e-26,7.144882e-26,6.322150e-26,-1.361788e-26,-2.306571e-26,-2.612560e-25,-5.073541e-25,-2.354087e-25,1.883216e-25,-2.157617e-25,4.432469e-25,-4.435034e-26,3.925316e-25,3.239851e-25,-8.885729e-26,1.948193e-25,3.742246e-25,6.659122e-26,-2.513058e-25,-2.560885e-25,-5.503297e-26,1.216175e-25,1.549602e-25,5.583188e-26,-1.072573e-25,-2.687394e-25,-3.900270e-25,-4.588220e-25,-4.795295e-25,-4.638809e-25,-4.247649e-25,-3.731693e-25,-3.172012e-25,-2.622018e-25,-2.112963e-25,-1.660200e-25,-1.268612e-25,-9.367476e-26,-6.597194e-26,-4.310941e-26,-2.440565e-26,-9.206962e-27,3.079062e-27,1.297016e-26,2.090780e-26
Nd-152,2.000858e+20,7.720554e+19,2.323416e+19,5.110610e+18,7.570960e+17,6.813201e+16,3.270139e+15,7.104585e+13,5.680820e+11,1.287864e+09,5.956950e+05,3.712640e+01,1.847656e-04,3.795779e-11,1.400860e-19,-3.175155e-26,-1.786013e-25,1.057992e-25,2.228689e-25,2.143206e-25,2.573813e-25,1.661418e-25,-9.993309e-26,1.539008e-25,-2.154977e-26,9.514016e-26,-1.362932e-25,1.601315e-25,-9.169999e-26,-1.685283e-25,7.779646e-26,8.457608e-26,-1.262144e-25,-2.351620e-25,-1.537758e-25,-3.243536e-27,9.085043e-26,8.890849e-26,1.704568e-26,-7.949827e-26,-1.654079e-25,-2.231641e-25,-2.495821e-25,-2.494988e-25,-2.306303e-25,-2.005283e-25,-1.652470e-25,-1.290483e-25,-9.460861e-26,-6.339237e-26,-3.602492e-26,-1.259801e-26,7.105787e-27,2.346052e-26,3.689949e-26,4.785745e-26,5.673907e-26,6.390433e-26,6.966387e-26,7.428027e-26
Nd-153,2.289747e-13,2.556678e-22,3.261438e-26,1.175063e-26,8.085745e-26,-8.126594e-26,-5.951237e-26,2.944375e-26,8.511428e-26,-5.668121e-26,-2.292106e-26,7.596696e-26,-8.671832e-27,-3.750466e-26,6.559267e-26,-1.085115e-25,-6.065293e-26,9.219712e-26,6.608536e-26,-4.374536e-26,-6.906923e-26,5.012986e-28,8.443943e-26,1.217943e-25,1.028999e-25,4.920196e-26,-1.265078e-26,-6.424260e-26,-9.763183e-26,-1.124632e-25,-1.122653e-25,-1.017142e-25,-8.512251e-26,-6.583904e-26,-4.617056e-26,-2.753940e-26,-1.070790e-26,4.010821e-27,1.658537e-26,2.714523e-26,3.589965e-26,4.308650e-26,4.894219e-26,5.368554e-26,5.751047e-26,6.058387e-26,6.304656e-26,6.501559e-26,6.658720e-26,6.783991e-26,6.883736e-26,6.963089e-26,7.026177e-26,7.076307e-26,7.116124e-26,7.147739e-26,7.172835e-26,7.192752e-26,7.208556e-26,7.221095e-26
Nd-154,1.934137e-07,1.044664e-09,9.249800e-14,2.529198e-16,-1.368368e-22,-5.596443e-24,1.934674e-26,3.554995e-26,-2.899349e-26,1.140343e-26,1.280835e-27,2.710024e-27,-2.858630e-26,3.858132e-26,-2.525810e-26,-2.506483e-26,3.661800e-26,3.149896e-26,-1.817892e-26,-3.789959e-26,-1.418028e-26,2.164549e-26,4.149889e-26,3.831335e-26,1.949311e-26,-4.083151e-27,-2.437961e-26,-3.764289e-26,-4.340358e-26,-4.295803e-26,-3.818677e-26,-3.087696e-26,-2.243807e-26,-1.385033e-26,-5.721933e-27,1.619781e-27,8.040121e-27,1.352584e-26,1.813332e-26,2.195361e-26,2.509026e-26,2.764622e-26,2.971685e-26,3.138670e-26,3.272854e-26,3.380380e-26,3.466355e-26,3.534980e-26,3.589682e-26,3.633238e-26,3.667890e-26,3.695440e-26,3.717331e-26,3.734719e-26,3.748526e-26,3.759485e-26,3.768183e-26,3.775085e-26,3.780561e-26,3.784905e-26
Nd-155,6.143338e-27,2.312965e-27,-9.309745e-27,-6.736002e-27,1.242503e-26,-1.105124e-26,1.130221e-26,-1.238292e-26,8.189463e-27,1.632351e-27,-1.179303e-26,4.126677e-27,1.189604e-26,-2.639084e-28,-1.093147e-26,-8.238532e-27,2.035991e-27,1.025081e-26,1.196397e-26,8.060683e-27,1.580352e-27,-4.733801e-27,-9.328802e-27,-1.174888e-26,-1.221353e-26,-1.122651e-26,-9.325484e-27,-6.961524e-27,-4.462975e-27,-2.042885e-27,1.768776e-28,2.139197e-27,3.829127e-27,5.256866e-27,6.445946e-27,7.425562e-27,8.225922e-27,8.875631e-27,9.400416e-27,9.822644e-27,1.016132e-26,1.043233e-26,1.064877e-26,1.082139e-26,1.095888e-26,1.106830e-26,1.115532e-26,1.122447e-26,1.127941e-26,1.132304e-26,1.135767e-26,1.138516e-26,1.140697e-26,1.142428e-26,1.143801e-26,1.144890e-26,1.145755e-26,1.146440e-26,1.146983e-26,1.147414e-26
Nd-156,-1.292798e-27,-2.582338e-27,3.021358e-27,-2.549151e-27,2.679072e-27,-3.075919e-27,2.594431e-27,-5.150562e-29,-2.953414e-27,1.389637e-27,2.873792e-27,-4.960610e-28,-3.011563e-27,-2.036545e-27,6.917458e-28,2.726876e-27,3.049240e-27,1.967026e-27,2.810906e-28,-1.317963e-27,-2.453442e-27,-3.025797e-27,-3.101337e-27,-2.813299e-27,-2.300014e-27,-1.675895e-27,-1.023367e-27,-3.953633e-28,1.782532e-28,6.838759e-28,1.118406e-27,1.484954e-27,1.789876e-27,2.040864e-27,2.245785e-27,2.412046e-27,2.546285e-27,2.654255e-27,2.740838e-27,2.810107e-27,2.865423e-27,2.909531e-27,2.944662e-27,2.972617e-27,2.994847e-27,3.012513e-27,3.026547e-27,3.037691e-27,3.046537e-27,3.053559e-27,3.059131e-27,3.063551e-27,3.067059e-27,3.069841e-27,3.072048e-27,3.073798e-27,3.075186e-27,3.076288e-27,3.077161e-27,3.077853e-27
Nd-157,-1.701924e-28,-9.585218e-30,2.520416e-28,-2.838949e-28,-7.939160e-29,3.092771e-28,1.229603e-28,-2.414793e-28,-2.951390e-28,-5.830747e-29,2.059252e-28,3.193382e-28,2.632255e-28,1.076975e-28,-6.663373e-29,-2.064286e-28,-2.902176e-28,-3.187473e-28,-3.036698e-28,-2.594731e-28,-1.991630e-28,-1.326421e-28,-6.659573e-29,-5.034654e-30,4.999599e-29,9.776950e-29,1.383711e-28,1.723372e-28,2.004153e-28,2.234158e-28,2.421248e-28,2.572605e-28,2.694533e-28,2.792429e-28,2.870824e-28,2.933474e-28,2.983461e-28,3.023292e-28,3.055000e-28,3.080221e-28,3.100270e-28,3.116198e-28,3.128849e-28,3.138893e-28,3.146865e-28,3.153192e-28,3.158212e-28,3.162195e-28,3.165355e-28,3.167861e-28,3.169849e-28,3.171426e-28,3.172677e-28,3.173669e-28,3.174455e-28,3.175079e-28,3.175574e-28,3.175966e-28,3.176277e-28,3.176524e-28
Nd-158,3.223954e-29,-7.673376e-30,-2.920808e-29,2.032236e-29,2.894534e-29,-1.017356e-29,-3.385838e-29,-1.969630e-29,1.044344e-29,3.090948e-29,3.247163e-29,1.953293e-29,9.504802e-31,-1.606015e-29,-2.776012e-29,-3.332201e-29,-3.359718e-29,-3.007387e-29,-2.424575e-29,-1.732638e-29,-1.017850e-29,-3.348954e-30,2.859256e-30,8.313219e-30,1.298893e-29,1.692600e-29,2.019669e-29,2.288605e-29,2.508004e-29,2.685902e-29,2.829465e-29,2.944892e-29,3.037426e-29,3.111440e-29,3.170533e-29,3.217646e-29,3.255167e-29,3.285021e-29,3.308758e-29,3.327622e-29,3.342606e-29,3.354504e-29,3.363950e-29,3.371446e-29,3.377395e-29,3.382114e-29,3.385859e-29,3.388829e-29,3.391185e-29,3.393053e-29,3.394536e-29,3.395711e-29,3.396643e-29,3.397383e-29,3.397969e-29,3.398434e-29,3.398803e-29,3.399095e-29,3.399327e-29,3.399511e-29
Nd-159,-4.902479e-31,1.067546e-30,6.021734e-31,-7.669867e-31,-1.114396e-30,-3.280338e-31,6.609902e-31,1.143383e-30,9.964774e-31,4.555992e-31,-1.813184e-31,-7.075645e-31,-1.033986e-30,-1.156751e-30,-1.115638e-30,-9.631837e-31,-7.476642e-31,-5.063713e-31,-2.647867e-31,-3.840398e-32,1.647045e-31,3.414893e-31,4.920238e-31,6.181380e-31,7.225053e-31,8.080705e-31,8.777165e-31,9.340889e-31,9.795188e-31,1.016006e-30,1.045231e-30,1.068592e-30,1.087234e-30,1.102090e-30,1.113917e-30,1.123326e-30,1.130805e-30,1.136747e-30,1.141467e-30,1.145215e-30,1.148189e-30,1.150550e-30,1.152423e-30,1.153909e-30,1.155088e-30,1.156023e-30,1.156765e-30,1.157354e-30,1.157820e-30,1.158190e-30,1.158484e-30,1.158717e-30,1.158901e-30,1.159048e-30,1.159164e-30,1.159256e-30,1.159329e-30,1.159387e-30,1.159433e-30,1.159469e-30
Nd-160,3.271290e-32,1.006954e-32,-2.651824e-32,-2.948784e-32,-3.984668e-33,2.259947e-32,3.299504e-32,2.619540e-32,9.739175e-33,-8.161009e-33,-2.223175e-32,-3.045327e-32,-3.301801e-32,-3.117496e-32,-2.642342e-32,-2.008990e-32,-1.317498e-32,-6.348753e-33,-9.408121e-36,5.643242e-33,1.054165e-32,1.469922e-32,1.817387e-32,2.104405e-32,2.339382e-32,2.530432e-32,2.684939e-32,2.809371e-32,2.909255e-32,2.989230e-32,3.053134e-32,3.104116e-32,3.144737e-32,3.177071e-32,3.202789e-32,3.223232e-32,3.239473e-32,3.252372e-32,3.262613e-32,3.270741e-32,3.277192e-32,3.282310e-32,3.286371e-32,3.289592e-32,3.292148e-32,3.294174e-32,3.295782e-32,3.297057e-32,3.298068e-32,3.298870e-32,3.299506e-32,3.300010e-32,3.300410e-32,3.300728e-32,3.300979e-32,3.301179e-32,3.301337e-32,3.301462e-32,3.301562e-32,3.301641e-32
Nd-161,2.188321e-34,-2.594982e-34,-3.901561e-34,-1.216606e-34,2.241804e-34,3.966678e-34,3.494325e-34,1.629618e-34,-5.880694e-35,-2.431067e-34,-3.581662e-34,-4.021992e-34,-3.888622e-34,-3.364176e-34,-2.617253e-34,-1.778452e-34,-9.372212e-35,-1.480851e-35,5.604343e-35,1.177446e-34,1.703039e-34,2.143493e-34,2.508075e-34,2.807025e-34,3.050389e-34,3.247389e-34,3.406163e-34,3.533688e-34,3.635841e-34,3.717496e-34,3.782658e-34,3.834589e-34,3.875934e-34,3.908823e-34,3.934969e-34,3.955743e-34,3.972243e-34,3.985343e-34,3.995742e-34,4.003994e-34,4.010543e-34,4.015738e-34,4.019860e-34,4.023129e-34,4.025722e-34,4.027779e-34,4.029411e-34,4.030704e-34,4.031730e-34,4.032544e-34,4.033190e-34,4.033701e-34,4.034107e-34,4.034429e-34,4.034684e-34,4.034887e-34,4.035047e-34,4.035175e-34,4.035275e-34,4.035356e-34
Pm-146,1.305612e+13,1.305607e+13,1.305601e+13,1.305593e+13,1.305584e+13,1.305571e+13,1.305556e+13,1.305536e+13,1.305511e+13,1.305480e+13,1.305441e+13,1.305391e+13,1.305329e+13,1.305250e+13,1.305151e+13,1.305026e+13,1.304868e+13,1.304669e+13,1.304418e+13,1.304101e+13,1.303702e+13,1.303199e+13,1.302565e+13,1.301766e+13,1.300759e+13,1.299490e+13,1.297892e+13,1.295879e+13,1.293346e+13,1.290158e+13,1.286149e+13,1.281112e+13,1.274788e+13,1.266858e+13,1.256928e+13,1.244517e+13,1.229040e+13,1.209798e+13,1.185963e+13,1.156573e+13,1.120548e+13,1.076715e+13,1.023877e+13,9.609259e+12,8.870311e+12,8.018935e+12,7.060829e+12,6.014089e+12,4.912402e+12,3.806096e+12,2.758924e+12,1.838753e+12,1.102324e+12,5.782165e+11,2.562868e+11,9.185935e+10,2.518864e+10,4.927292e+09,6.295742e+08,4.701529e+07
Pm-147,1.153506e+20,1.585385e+20,2.140541e+20,2.846333e+20,3.738173e+20,4.862020e+20,6.276639e+20,8.056087e+20,1.029295e+21,1.310250e+21,1.662768e+21,2.104498e+21,2.657103e+21,3.346972e+21,4.205939e+21,5.271911e+21,6.589253e+21,8.208673e+21,1.018623e+22,1.258091e+22,1.545014e+22,1.884222e+22,2.278521e+22,2.727167e+22,3.224028e+22,3.755738e+22,4.300451e+22,4.828186e+22,5.303819e+22,5.693310e+22,5.972193e+22,6.133142e+22,6.188002e+22,6.161516e+22,6.079436e+22,5.958545e+22,5.804279e+22,5.614474e+22,5.383845e+22,5.106466e+22,4.776963e+22,4.391588e+22,3.949626e+22,3.455140e+22,2.918852e+22,2.359594e+22,1.804470e+22,1.286635e+22,8.398799e+21,4.904857e+21,2.489208e+21,1.058292e+21,3.599061e+20,9.236380e+19,1.661986e+19,1.911253e+18,1.249744e+17,4.009908e+15,5.242648e+13,2.209505e+11
Pm-148,1.284267e+14,1.282482e+14,1.280236e+14,1.277408e+14,1.273852e+14,1.269381e+14,1.263767e+14,1.256722e+14,1.247895e+14,1.236852e+14,1.223068e+14,1.205907e+14,1.184611e+14,1.158298e+14,1.125955e+14,1.086466e+14,1.038657e+14,9.813857e+13,9.136919e+13,8.350164e+13,7.454994e+13,6.463351e+13,5.401210e+13,4.310739e+13,3.249222e+13,2.282670e+13,1.473190e+13,8.623225e+12,4.568715e+12,2.261434e+12,1.152938e+12,6.853611e+11,4.738690e+11,3.390578e+11,2.297738e+11,1.413642e+11,7.664517e+10,3.541940e+10,1.338102e+10,3.920901e+09,8.339246e+08,1.184098e+08,1.010098e+07,4.532017e+05,9.043411e+03,6.495820e+01,1.286685e-01,2.763786e-04,2.705879e-04,-1.933732e-04,1.095672e-04,-1.618331e-05,-2.446242e-06,6.963927e-06,3.147612e-06,-2.415027e-06,3.079861e-06,6.025666e-06,-6.398702e-06,-3.733859e-05
Pm-148m,2.348494e+14,2.348065e+14,2.347525e+14,2.346843e+14,2.345984e+14,2.344901e+14,2.343536e+14,2.341816e+14,2.339649e+14,2.336919e+14,2.333481e+14,2.329153e+14,2.323706e+14,2.316856e+14,2.308246e+14,2.297435e+14,2.283874e+14,2.266887e+14,2.245646e+14,2.219143e+14,2.186168e+14,2.145284e+14,2.094815e+14,2.032862e+14,1.957343e+14,1.866097e+14,1.757073e+14,1.628624e+14,1.479946e+14,1.311652e+14,1.126435e+14,9.296869e+13,7.298022e+13,5.378128e+13,3.659748e+13,2.252332e+13,1.221191e+13,5.643388e+12,2.132003e+12,6.247189e+11,1.328696e+11,1.886629e+10,1.609393e+09,7.220882e+07,1.440891e+06,1.034978e+04,2.049564e+01,7.993864e-03,4.018144e-07,1.524741e-12,-3.544682e-10,6.746778e-12,-1.582978e-04,1.184569e-05,-1.873792e-04,2.015266e-04,-8.620359e-05,-4.462887e-08,-6.341151e-08,3.788024e-08
Pm-149,9.826552e+21,1.192590e+22,1.426356e+22,1.678069e+22,1.937630e+22,2.190554e+22,2.418980e+22,2.604260e+22,2.730977e+22,2.791146e+22,2.786420e+22,2.726377e+22,2.623258e+22,2.486439e+22,2.320246e+22,2.125632e+22,1.903218e+22,1.655609e+22,1.388758e+22,1.112681e+22,8.413737e+21,5.914568e+21,3.792297e+21,2.165197e+21,1.067964e+21,4.380209e+20,1.423634e+20,3.450596e+19,5.777297e+18,6.066688e+17,3.537443e+16,9.823080e+14,1.070355e+13,3.584915e+10,2.712488e+07,3.144508e+03,3.422722e-02,1.886474e-08,2.416661e-16,-7.848907e-26,-2.719083e-26,-8.801123e-25,4.941404e-25,9.769348e-25,1.946628e-25,-1.083211e-24,-1.141059e-24,1.599205e-25,-8.895972e-25,9.184714e-25,-2.004743e-25,1.233114e-24,8.914772e-25,-2.729519e-27,8.406455e-25,1.169807e-24,2.676738e-25,-5.443858e-25,-5.246956e-25,-1.929489e-26
Pm-150,6.720553e+17,6.281811e+17,5.769144e+17,5.181871e+17,4.525759e+17,3.815477e+17,3.076472e+17,2.345048e+17,1.665232e+17,1.081406e+17,6.274267e+16,3.158080e+16,1.328801e+16,4.460246e+15,1.125908e+15,1.984216e+14,2.222699e+13,1.406077e+12,4.327087e+10,5.367272e+08,2.116765e+06,1.968133e+03,2.958643e-01,4.469126e-06,3.723579e-12,8.032084e-20,3.590042e-29,3.234321e-30,-3.124019e-30,-1.771140e-29,-6.946083e-30,-9.931976e-30,-1.958022e-29,-7.259816e-31,1.641230e-29,-1.951038e-29,1.958579e-29,-1.798726e-29,9.464541e-30,8.260991e-30,-1.963191e-29,2.326549e-30,1.957244e-29,2.107198e-30,-1.762682e-29,-1.591701e-29,4.236218e-31,1.515669e-29,1.960000e-29,1.431351e-29,4.096211e-30,-6.357473e-30,-1.422949e-29,-1.857014e-29,-1.963280e-29,-1.820926e-29,-1.518751e-29,-1.133003e-29,-7.200628e-30,-3.170314e-30
Pm-151,1.150436e+22,1.168524e+22,1.171322e+22,1.164054e+22,1.150523e+22,1.132369e+22,1.109623e+22,1.081559e+22,1.047177e+22,1.005375e+22,9.550307e+21,8.951236e+21,8.249066e+21,7.441589e+21,6.535040e+21,5.547589e+21,4.512213e+21,3.477416e+21,2.503759e+21,1.654584e+21,9.813521e+20,5.078583e+20,2.213014e+20,7.763491e+19,2.071954e+19,3.917026e+18,4.793992e+17,3.390870e+16,1.201267e+15,1.779504e+13,8.779009e+10,1.082515e+08,2.323179e+04,5.497705e-01,8.068277e-07,3.553752e-14,1.854168e-23,-5.525980e-25,7.602915e-26,-2.175270e-25,-1.758819e-25,-6.443922e-26,8.202897e-26,4.747749e-25,3.463983e-25,1.553068e-26,3.908337e-25,-6.703378e-26,7.168116e-26,1.958503e-25,-3.075753e-25,-1.397179e-25,1.466848e-25,-6.215849e-26,-3.954094e-25,-4.469288e-25,-2.520259e-25,-4.018299e-26,4.026361e-26,-2.212116e-26
Pm-152,1.133372e+20,4.380850e+19,1.319606e+19,2.905862e+18,4.312749e+17,3.894243e+16,1.881953e+15,4.152956e+13,3.459829e+11,8.889109e+08,6.185886e+05,1.155142e+02,4.036951e-03,1.177988e-08,1.270740e-15,2.207373e-24,-2.642850e-26,-2.608949e-26,7.253036e-26,1.434021e-25,2.046010e-26,1.042833e-25,-9.886944e-26,-1.764782e-26,5.688000e-26,6.413872e-26,-1.746452e-25,6.188406e-26,3.775597e-26,1.414800e-26,8.487202e-26,1.262221e-26,-1.367832e-25,-1.775489e-25,-8.111275e-26,5.940469e-26,1.567606e-25,1.821366e-25,1.507018e-25,9.176100e-26,2.982996e-26,-2.114046e-26,-5.629101e-26,-7.630463e-26,-8.432065e-26,-8.399000e-26,-7.851932e-26,-7.034860e-26,-6.115718e-26,-5.200224e-26,-4.348453e-26,-3.589525e-26,-2.932952e-26,-2.376713e-26,-1.912658e-26,-1.529929e-26,-1.217010e-26,-9.628691e-27,-7.575270e-27,-5.922766e-27
Pm-152m,1.067384e+17,2.519820e+16,4.080987e+15,4.109503e+14,2.272861e+13,5.904524e+11,5.915112e+09,1.781903e+07,1.179581e+04,1.155356e+00,1.016790e-05,4.286602e-12,3.916493e-20,-5.372768e-28,4.889880e-28,-5.699740e-28,2.393078e-28,4.988231e-28,3.541676e-28,-2.795402e-28,-4.833663e-28,5.966668e-28,-5.142084e-28,5.274341e-28,-6.036206e-28,5.036033e-28,8.300954e-30,-5.761423e-28,2.644025e-28,5.632928e-28,-9.345601e-29,-5.925928e-28,-4.085078e-28,1.242569e-28,5.257475e-28,5.932675e-28,3.850493e-28,5.723745e-29,-2.547527e-28,-4.767137e-28,-5.887614e-28,-6.036323e-28,-5.472943e-28,-4.467929e-28,-3.245318e-28,-1.966660e-28,-7.357942e-29,3.886556e-29,1.379938e-28,2.231922e-28,2.950665e-28,3.548604e-28,4.040800e-28,4.442671e-28,4.768737e-28,5.032005e-28,5.243760e-28,5.413572e-28,5.549429e-28,5.657919e-28
Pm-152m2,1.322299e+18,6.021252e+17,2.232877e+17,6.391240e+16,1.319755e+16,1.805393e+15,1.469402e+14,6.213486e+12,1.150603e+11,7.521501e+08,1.322610e+06,4.440730e+02,1.847840e-02,5.525305e-08,5.970870e-15,9.801585e-24,5.078588e-28,-2.490533e-28,5.662661e-28,3.202621e-30,-1.153782e-28,2.670349e-28,5.901929e-28,-3.618573e-28,-1.058221e-29,1.342580e-28,-2.282324e-29,-2.851189e-28,5.877405e-28,-4.115050e-28,-3.298980e-28,5.264953e-28,3.699735e-28,-3.563694e-28,-5.965293e-28,-2.160529e-28,3.116291e-28,5.919160e-28,5.382329e-28,2.652643e-28,-6.937167e-29,-3.523202e-28,-5.323283e-28,-6.046390e-28,-5.889661e-28,-5.127281e-28,-4.015951e-28,-2.756203e-28,-1.486323e-28,-2.912382e-29,7.841100e-29,1.722033e-28,2.521902e-28,3.192776e-28,3.748447e-28,4.204313e-28,4.575558e-28,4.876167e-28,5.118501e-28,5.313177e-28
Pm-153,1.847008e+18,2.335801e+17,1.721826e+16,6.425990e+14,1.016546e+13,5.448131e+10,7.457619e+07,1.825807e+04,5.101427e-01,9.231229e-07,5.295168e-14,3.895751e-23,-5.383924e-26,1.364425e-25,-1.135667e-25,-1.191430e-26,-5.651282e-26,-1.503324e-25,3.938055e-26,7.524321e-26,3.937623e-26,1.056245e-25,-1.229784e-25,-1.238916e-25,-5.717963e-27,-1.461319e-25,-1.548068e-26,1.801828e-25,1.498262e-25,2.993659e-26,3.786013e-27,7.294111e-26,1.478310e-25,1.666870e-25,1.241937e-25,4.674018e-26,-3.575474e-26,-1.035358e-25,-1.486663e-25,-1.714707e-25,-1.763591e-25,-1.688355e-25,-1.538847e-25,-1.353552e-25,-1.159036e-25,-9.718548e-26,-8.011217e-26,-6.508780e-26,-5.219662e-26,-4.133763e-26,-3.231511e-26,-2.489589e-26,-1.884333e-26,-1.393584e-26,-9.975677e-27,-6.791808e-27,-4.239483e-27,-2.198094e-27,-5.682858e-28,7.310852e-28
Pm-154,9.440856e+10,1.777325e+08,6.503563e+04,3.016309e+00,1.034143e-05,1.327955e-12,2.709713e-21,1.054353e-26,-1.702250e-27,4.739683e-26,1.739140e-26,-1.739977e-27,7.135399e-26,-2.155428e-27,-1.065379e-26,4.350657e-26,-4.109268e-26,-3.224517e-26,-4.521512e-27,1.128185e-25,-1.321906e-26,-6.189029e-26,-4.901604e-27,-1.161539e-26,-5.775282e-26,-5.355745e-26,7.659057e-27,7.617039e-26,1.119824e-25,1.071556e-25,7.473430e-26,3.237988e-26,-6.807059e-27,-3.631661e-26,-5.472538e-26,-6.344020e-26,-6.492749e-26,-6.167433e-26,-5.572581e-26,-4.856933e-26,-4.118722e-26,-3.416796e-26,-2.782091e-26,-2.227184e-26,-1.753425e-26,-1.355879e-26,-1.026550e-26,-7.563727e-27,-5.363660e-27,-3.582381e-27,-2.146581e-27,-9.932650e-28,-6.937010e-29,6.691637e-28,1.258536e-27,1.728251e-27,2.102212e-27,2.399694e-27,2.636184e-27,2.824089e-27
Pm-154m,2.861864e+13,4.982446e+11,3.013217e+09,4.803368e+06,1.425062e+03,5.073207e-02,1.246022e-07,-4.354583e+01,-1.098928e+03,-1.026128e+03,1.664374e+03,-4.115586e+02,-1.869345e+02,2.185497e+03,9.702325e+01,-2.098048e+01,3.487310e+02,-3.085340e+02,1.190502e+03,1.577329e+02,-7.963434e+02,-4.827615e+02,4.518113e+02,1.524272e+00,3.135282e+02,4.939326e+01,-1.415334e+01,1.909054e+02,1.220788e+02,-6.058386e+00,8.907401e+01,-6.649022e+01,-6.048842e+01,-3.906085e+01,9.582926e-01,2.488333e+01,-2.428930e+01,4.087260e+00,-1.580158e-01,-9.253060e+00,9.288753e+00,-1.899936e-01,-8.257291e-03,4.477153e+00,-1.260759e-01,7.758676e-02,-2.429003e-02,1.519116e+00,6.754841e-02,-8.000365e-02,9.876944e-02,5.543298e-01,-4.407610e-02,-7.438140e-03,2.785016e-01,2.659538e-01,-5.212028e-02,-6.854236e-03,2.377955e-02,1.654022e-02
Pm-155,8.002331e-06,1.221298e-12,3.098467e-21,3.003478e-26,-3.785522e-26,3.617633e-26,-1.097362e-28,2.393445e-26,8.120501e-27,1.585388e-26,-5.013023e-27,2.346897e-27,-1.641833e-26,6.120724e-27,-9.893536e-28,3.443324e-26,-1.465465e-26,-2.849214e-26,3.376221e-27,6.342987e-27,-1.355682e-26,-1.746905e-26,1.384864e-27,2.505017e-26,3.761453e-26,3.533072e-26,2.286430e-26,6.909360e-27,-7.521650e-27,-1.797106e-26,-2.396993e-26,-2.615049e-26,-2.554420e-26,-2.317053e-26,-1.985645e-26,-1.619474e-26,-1.256907e-26,-9.201784e-27,-6.202082e-27,-3.605807e-27,-1.404868e-27,4.325467e-28,1.948893e-27,3.189329e-27,4.197227e-27,5.011907e-27,5.667731e-27,6.193998e-27,6.615247e-27,6.951774e-27,7.220203e-27,7.434054e-27,7.604258e-27,7.739622e-27,7.847213e-27,7.932687e-27,8.000566e-27,8.054456e-27,8.097229e-27,8.131173e-27
Pm-156,9.759333e-21,3.795090e-27,-1.054207e-26,6.385327e-27,5.008072e-27,1.099007e-26,5.214004e-27,3.604334e-27,-4.757642e-27,3.581411e-27,-6.845009e-27,4.764389e-27,-3.205237e-27,1.102160e-26,-3.904180e-27,-1.013581e-26,2.004874e-27,4.321733e-27,-3.607686e-27,-6.880462e-27,-1.374043e-27,6.909491e-27,1.182770e-26,1.153659e-26,7.467530e-27,1.994540e-27,-3.024178e-27,-6.643690e-27,-8.658778e-27,-9.284722e-27,-8.895295e-27,-7.865918e-27,-6.503143e-27,-5.027149e-27,-3.580167e-27,-2.243988e-27,-1.057951e-27,-3.387976e-29,8.328169e-28,1.555506e-27,2.151396e-27,2.638546e-27,3.034180e-27,3.353851e-27,3.611116e-27,3.817513e-27,3.982695e-27,4.114637e-27,4.219870e-27,4.303699e-27,4.370414e-27,4.423470e-27,4.465639e-27,4.499139e-27,4.525741e-27,4.546861e-27,4.563624e-27,4.576927e-27,4.587481e-27,4.595855e-27
Pm-157,2.468254e-27,1.941145e-27,1.995672e-27,1.309491e-27,-2.190211e-27,1.070478e-27,-1.031045e-27,1.410689e-27,-1.544169e-27,2.350686e-27,-1.077767e-27,-2.211263e-27,1.254561e-27,1.707035e-27,-7.984855e-28,-2.058286e-27,-8.524151e-28,1.230339e-27,2.518801e-27,2.485609e-27,1.486605e-27,1.374022e-28,-1.078889e-27,-1.919535e-27,-2.336579e-27,-2.391983e-27,-2.188043e-27,-1.825957e-27,-1.387441e-27,-9.304593e-28,-4.917884e-28,-9.192121e-29,2.599854e-28,5.620330e-28,8.165738e-28,1.028156e-27,1.202205e-27,1.344241e-27,1.459436e-27,1.552416e-27,1.627183e-27,1.687129e-27,1.735080e-27,1.773367e-27,1.803894e-27,1.828207e-27,1.847552e-27,1.862934e-27,1.875158e-27,1.884868e-27,1.892579e-27,1.898700e-27,1.903558e-27,1.907413e-27,1.910471e-27,1.912898e-27,1.914823e-27,1.916350e-27,1.917561e-27,1.918521e-27
Pm-158,3.461087e-28,1.057221e-28,-3.048182e-28,3.595208e-28,-3.298491e-28,2.141460e-29,4.352688e-28,-4.355089e-28,-1.268895e-28,4.554735e-28,1.426547e-28,-4.174784e-28,-4.679400e-28,-6.307767e-29,3.712889e-28,5.542420e-28,4.608595e-28,2.062586e-28,-7.936548e-29,-3.102286e-28,-4.517287e-28,-5.048063e-28,-4.878452e-28,-4.238064e-28,-3.333490e-28,-2.322404e-28,-1.311640e-28,-3.656878e-29,4.821333e-29,1.219462e-28,1.846891e-28,2.372261e-28,2.806855e-28,3.163039e-28,3.452879e-28,3.687431e-28,3.876423e-28,4.028190e-28,4.149744e-28,4.246895e-28,4.324415e-28,4.386191e-28,4.435371e-28,4.474491e-28,4.505588e-28,4.530296e-28,4.549920e-28,4.565500e-28,4.577868e-28,4.587682e-28,4.595470e-28,4.601649e-28,4.606550e-28,4.610439e-28,4.613523e-28,4.615969e-28,4.617909e-28,4.619447e-28,4.620668e-28,4.621636e-28
Pm-159,1.938497e-29,4.128137e-29,-7.109704e-29,-2.128289e-30,7.411042e-29,1.794428e-29,-6.159751e-29,-6.479288e-29,-7.374188e-30,5.041748e-29,7.227373e-29,5.702654e-29,2.132522e-29,-1.717426e-29,-4.729583e-29,-6.484434e-29,-7.031221e-29,-6.640329e-29,-5.632509e-29,-4.290094e-29,-2.825375e-29,-1.380187e-29,-3.862854e-31,1.157219e-29,2.193236e-29,3.072384e-29,3.807006e-29,4.413751e-29,4.910433e-29,5.314233e-29,5.640774e-29,5.903741e-29,6.114822e-29,6.283824e-29,6.418861e-29,6.526590e-29,6.612426e-29,6.680750e-29,6.735092e-29,6.778287e-29,6.812605e-29,6.839859e-29,6.861497e-29,6.878672e-29,6.892302e-29,6.903117e-29,6.911697e-29,6.918504e-29,6.923903e-29,6.928185e-29,6.931582e-29,6.934276e-29,6.936413e-29,6.938107e-29,6.939451e-29,6.940517e-29,6.941362e-29,6.942032e-29,6.942564e-29,6.942985e-29
Pm-160,-1.838727e-30,4.649291e-30,-3.680238e-30,-2.295865e-30,4.513410e-30,2.730606e-30,-3.221747e-30,-4.888484e-30,-1.567578e-30,2.755261e-30,4.942528e-30,4.394090e-30,2.098717e-30,-6.524469e-31,-2.950463e-30,-4.395047e-30,-4.959703e-30,-4.811393e-30,-4.175603e-30,-3.261243e-30,-2.230509e-30,-1.194706e-30,-2.218480e-31,6.523402e-31,1.414060e-30,2.063189e-30,2.607334e-30,3.057849e-30,3.427329e-30,3.728147e-30,3.971682e-30,4.167976e-30,4.325648e-30,4.451956e-30,4.552923e-30,4.633498e-30,4.697715e-30,4.748842e-30,4.789513e-30,4.821845e-30,4.847536e-30,4.867940e-30,4.884140e-30,4.897000e-30,4.907206e-30,4.915304e-30,4.921729e-30,4.926826e-30,4.930869e-30,4.934077e-30,4.936620e-30,4.938638e-30,4.940238e-30,4.941507e-30,4.942513e-30,4.943311e-30,4.943944e-30,4.944446e-30,4.944844e-30,4.945160e-30
Pm-161,-4.347718e-32,-2.571952e-31,1.587742e-31,2.538190e-31,-7.361087e-32,-2.871047e-31,-1.769846e-31,7.886465e-32,2.587637e-31,2.784209e-31,1.721657e-31,1.498408e-32,-1.307907e-31,-2.322397e-31,-2.815374e-31,-2.855247e-31,-2.567384e-31,-2.079138e-31,-1.494645e-31,-8.882935e-32,-3.074606e-32,2.214289e-32,6.866177e-32,1.085772e-31,1.422087e-31,1.701614e-31,1.931544e-31,2.119175e-31,2.271347e-31,2.394172e-31,2.492938e-31,2.572124e-31,2.635467e-31,2.686043e-31,2.726369e-31,2.758485e-31,2.784039e-31,2.804359e-31,2.820507e-31,2.833334e-31,2.843519e-31,2.851605e-31,2.858022e-31,2.863115e-31,2.867155e-31,2.870361e-31,2.872903e-31,2.874920e-31,2.876520e-31,2.877789e-31,2.878795e-31,2.879593e-31,2.880226e-31,2.880728e-31,2.881126e-31,2.881442e-31,2.881692e-31,2.881891e-31,2.882048e-31,2.882173e-31
Pm-162,-2.888000e-33,1.032336e-33,3.907055e-33,4.324531e-33,2.752813e-33,3.413341e-34,-1.929840e-33,-3.531374e-33,-4.327664e-33,-4.417024e-33,-3.991058e-33,-3.247310e-33,-2.348563e-33,-1.411759e-33,-5.117837e-34,3.092855e-34,1.032440e-33,1.653553e-33,2.177266e-33,2.612790e-33,2.971189e-33,3.263752e-33,3.501086e-33,3.692686e-33,3.846780e-33,3.970341e-33,4.069189e-33,4.148121e-33,4.211059e-33,4.261186e-33,4.301073e-33,4.332790e-33,4.357997e-33,4.378019e-33,4.393919e-33,4.406541e-33,4.416559e-33,4.424508e-33,4.430815e-33,4.435819e-33,4.439789e-33,4.442937e-33,4.445435e-33,4.447415e-33,4.448986e-33,4.450232e-33,4.451220e-33,4.452004e-33,4.452625e-33,4.453118e-33,4.453509e-33,4.453819e-33,4.454065e-33,4.454259e-33,4.454414e-33,4.454537e-33,4.454634e-33,4.454711e-33,4.454772e-33,4.454820e-33
Pm-163,5.302531e-35,1.139399e-34,1.087552e-34,5.779409e-35,-7.840801e-36,-6.483407e-35,-1.021072e-34,-1.180851e-34,-1.163571e-34,-1.022599e-34,-8.090327e-35,-5.633131e-35,-3.136194e-35,-7.745004e-36,1.357799e-35,3.222084e-35,4.814766e-35,6.152358e-35,7.261362e-35,8.171876e-35,8.913810e-35,9.514856e-35,9.999558e-35,1.038905e-34,1.070116e-34,1.095071e-34,1.114990e-34,1.130868e-34,1.143511e-34,1.153569e-34,1.161566e-34,1.167920e-34,1.172967e-34,1.176974e-34,1.180155e-34,1.182680e-34,1.184683e-34,1.186273e-34,1.187534e-34,1.188534e-34,1.189327e-34,1.189956e-34,1.190456e-34,1.190851e-34,1.191165e-34,1.191414e-34,1.191612e-34,1.191768e-34,1.191893e-34,1.191991e-34,1.192069e-34,1.192131e-34,1.192180e-34,1.192219e-34,1.192250e-34,1.192274e-34,1.192294e-34,1.192309e-34,1.192322e-34,1.192331e-34
Sm-146,6.347389e+07,8.004234e+07,1.009356e+08,1.272824e+08,1.605063e+08,2.024024e+08,2.552340e+08,3.218553e+08,4.058654e+08,5.118023e+08,6.453884e+08,8.138388e+08,1.026251e+09,1.294094e+09,1.631829e+09,2.057687e+09,2.594648e+09,3.271680e+09,4.125290e+09,5.201483e+09,6.558224e+09,8.268522e+09,1.042432e+10,1.314135e+10,1.656523e+10,2.087907e+10,2.631295e+10,3.315572e+10,4.176953e+10,5.260779e+10,6.623710e+10,8.336371e+10,1.048653e+11,1.318282e+11,1.655902e+11,2.077881e+11,2.604075e+11,3.258302e+11,4.068720e+11,5.067958e+11,6.292802e+11,7.783127e+11,9.579646e+11,1.171997e+12,1.423239e+12,1.712707e+12,2.038463e+12,2.394355e+12,2.768928e+12,3.145072e+12,3.501111e+12,3.813969e+12,4.064354e+12,4.242551e+12,4.352007e+12,4.407912e+12,4.430579e+12,4.437468e+12,4.438929e+12,4.439126e+12
Sm-147,1.361971e+15,2.438664e+15,4.286410e+15,7.405694e+15,1.259988e+16,2.115534e+16,3.512867e+16,5.780259e+16,9.440778e+16,1.532642e+17,2.475822e+17,3.982988e+17,6.385291e+17,1.020530e+18,1.626543e+18,2.585572e+18,4.099169e+18,6.480684e+18,1.021430e+19,1.604245e+19,2.509281e+19,3.905785e+19,6.044032e+19,9.287345e+19,1.415127e+20,2.134716e+20,3.182388e+20,4.679749e+20,6.775738e+20,9.644328e+20,1.348045e+21,1.849776e+21,2.493339e+21,3.306250e+21,4.321863e+21,5.581009e+21,7.132355e+21,9.031317e+21,1.133766e+22,1.411146e+22,1.740649e+22,2.126023e+22,2.567986e+22,3.062471e+22,3.598759e+22,4.158018e+22,4.713141e+22,5.230976e+22,5.677731e+22,6.027126e+22,6.268690e+22,6.411782e+22,6.481621e+22,6.508375e+22,6.515949e+22,6.517420e+22,6.517599e+22,6.517611e+22,6.517611e+22,6.517611e+22
Sm-148,8.978187e+11,1.119131e+12,1.397845e+12,1.748728e+12,2.190277e+12,2.745614e+12,3.443584e+12,4.320061e+12,5.419500e+12,6.796727e+12,8.518953e+12,1.066794e+13,1.334212e+13,1.665852e+13,2.075377e+13,2.578378e+13,3.192082e+13,3.934664e+13,4.824014e+13,5.875792e+13,7.100710e+13,8.501199e+13,1.006802e+14,1.177803e+14,1.359474e+14,1.547375e+14,1.737347e+14,1.926883e+14,2.116106e+14,2.307472e+14,2.503774e+14,2.705198e+14,2.907198e+14,3.100535e+14,3.273466e+14,3.415092e+14,3.518853e+14,3.584951e+14,3.620285e+14,3.635452e+14,3.640402e+14,3.641549e+14,3.641723e+14,3.641738e+14,3.641739e+14,3.641739e+14,3.641739e+14,3.641739e+14,3.641739e+14,3.641739e+14,3.641739e+14,3.641739e+14,3.641739e+14,3.641739e+14,3.641739e+14,3.641739e+14,3.641739e+14,3.641739e+14,3.641739e+14,3.641739e+14
Sm-149,6.476424e+19,1.019033e+20,1.583070e+20,2.426457e+20,3.665539e+20,5.450003e+20,7.963064e+20,1.141653e+21,1.604093e+21,2.207388e+21,2.975292e+21,3.931697e+21,5.101310e+21,6.509432e+21,8.179296e+21,1.012643e+22,1.235064e+22,1.482673e+22,1.749524e+22,2.025601e+22,2.296908e+22,2.546825e+22,2.759052e+22,2.921762e+22,3.031485e+22,3.094480e+22,3.124045e+22,3.134831e+22,3.137704e+22,3.138221e+22,3.138278e+22,3.138282e+22,3.138282e+22,3.138282e+22,3.138282e+22,3.138282e+22,3.138282e+22,3.138282e+22,3.138282e+22,3.138282e+22,3.138282e+22,3.138282e+22,3.138282e+22,3.138282e+22,3.138282e+22,3.138282e+22,3.138282e+22,3.138282e+22,3.138282e+22,3.138282e+22,3.138282e+22,3.138282e+22,3.138282e+22,3.138282e+22,3.138282e+22,3.138282e+22,3.138282e+22,3.138282e+22,3.138282e+22,3.138282e+22
Sm-150,1.987202e+17,2.425944e+17,2.938611e+17,3.525884e+17,4.181996e+17,4.892278e+17,5.631283e+17,6.362707e+17,7.042523e+17,7.626349e+17,8.080328e+17,8.391947e+17,8.574875e+17,8.663153e+17,8.696496e+17,8.705771e+17,8.707533e+17,8.707741e+17,8.707755e+17,8.707755e+17,8.707755e+17,8.707755e+17,8.707755e+17,8.707755e+17,8.707755e+17,8.707755e+17,8.707755e+17,8.707755e+17,8.707755e+17,8.707755e+17,8.707755e+17,8.707755e+17,8.707755e+17,8.707755e+17,8.707755e+17,8.707755e+17,8.707755e+17,8.707755e+17,8.707755e+17,8.707755e+17,8.707755e+17,8.707755e+17,8.707755e+17,8.707755e+17,8.707755e+17,8.707755e+17,8.707755e+17,8.707755e+17,8.707755e+17,8.707755e+17,8.707755e+17,8.707755e+17,8.707755e+17,8.707755e+17,8.707755e+17,8.707755e+17,8.707755e+17,8.707755e+17,8.707755e+17,8.707755e+17
Sm-151,2.072740e+20,2.812600e+20,3.753379e+20,4.936865e+20,6.415547e+20,8.254454e+20,1.053173e+21,1.333828e+21,1.677646e+21,2.095671e+21,2.599106e+21,3.198170e+21,3.900329e+21,4.707791e+21,5.614315e+21,6.601730e+21,7.637053e+21,8.671774e+21,9.645322e+21,1.049435e+22,1.116737e+22,1.164060e+22,1.192680e+22,1.207001e+22,1.212635e+22,1.214243e+22,1.214495e+22,1.214424e+22,1.214281e+22,1.214097e+22,1.213865e+22,1.213572e+22,1.213203e+22,1.212738e+22,1.212152e+22,1.211413e+22,1.210482e+22,1.209309e+22,1.207831e+22,1.205970e+22,1.203628e+22,1.200680e+22,1.196974e+22,1.192316e+22,1.186468e+22,1.179135e+22,1.169952e+22,1.158474e+22,1.144160e+22,1.126361e+22,1.104311e+22,1.077120e+22,1.043783e+22,1.003211e+22,9.542892e+21,8.959839e+21,8.275103e+21,7.485729e+21,6.596746e+21,5.624626e+21
Sm-152,7.429861e+21,7.623072e+21,7.708056e+21,7.736633e+21,7.743512e+21,7.744604e+21,7.744708e+21,7.744713e+21,7.744713e+21,7.744713e+21,7.744713e+21,7.744713e+21,7.744713e+21,7.744713e+21,7.744713e+21,7.744713e+21,7.744713e+21,7.744713e+21,7.744713e+21,7.744713e+21,7.744713e+21,7.744713e+21,7.744713e+21,7.744713e+21,7.744713e+21,7.744713e+21,7.744713e+21,7.744713e+21,7.744713e+21,7.744713e+21,7.744713e+21,7.744713e+21,7.744713e+21,7.744713e+21,7.744713e+21,7.744713e+21,7.744713e+21,7.744713e+21,7.744713e+21,7.744713e+21,7.744713e+21,7.744713e+21,7.744713e+21,7.744713e+21,7.744713e+21,7.744713e+21,7.744713e+21,7.744713e+21,7.744713e+21,7.744713e+21,7.744713e+21,7.744713e+21,7.744713e+21,7.744713e+21,7.744713e+21,7.744713e+21,7.744713e+21,7.744713e+21,7.744713e+21,7.744713e+21
Sm-153,4.532347e+21,4.516355e+21,4.494465e+21,4.466758e+21,4.432042e+21,4.388647e+21,4.334531e+21,4.267239e+21,4.183868e+21,4.081054e+21,3.954997e+21,3.801570e+21,3.616551e+21,3.396018e+21,3.136989e+21,2.838321e+21,2.501889e+21,2.133889e+21,1.745980e+21,1.355697e+21,9.853826e+20,6.589908e+20,3.967758e+20,2.092653e+20,9.339477e+19,3.376677e+19,9.361056e+18,1.856622e+18,2.413914e+17,1.842668e+16,7.186711e+14,1.201831e+13,6.908570e+10,1.033015e+08,2.827102e+04,9.090493e-01,1.963765e-06,1.408400e-13,1.378757e-22,1.037350e-25,1.739173e-25,1.356107e-25,1.028813e-26,-2.031325e-26,2.200886e-26,1.124043e-25,-2.851757e-26,-6.559809e-26,1.594401e-26,-8.609193e-26,-8.461469e-26,2.149820e-26,-1.613855e-25,-1.214237e-25,1.080050e-26,-3.952510e-26,-1.641971e-25,-1.940513e-25,-1.236135e-25,-3.709515e-26
Sm-154,2.159605e+21,2.159605e+21,2.159605e+21,2.159605e+21,2.159605e+21,2.159605e+21,2.159605e+21,2.159605e+21,2.159605e+21,2.159605e+21,2.159605e+21,2.159605e+21,2.159605e+21,2.159605e+21,2.159605e+21,2.159605e+21,2.159605e+21,2.159605e+21,2.159605e+21,2.159605e+21,2.159605e+21,2.159605e+21,2.159605e+21,2.159605e+21,2.159605e+21,2.159605e+21,2.159605e+21,2.159605e+21,2.159605e+21,2.159605e+21,2.159605e+21,2.159605e+21,2.159605e+21,2.159605e+21,2.159605e+21,2.159605e+21,2.159605e+21,2.159605e+21,2.159605e+21,2.159605e+21,2.159605e+21,2.159605e+21,2.159605e+21,2.159605e+21,2.159605e+21,2.159605e+21,2.159605e+21,2.159605e+21,2.159605e+21,2.159605e+21,2.159605e+21,2.159605e+21,2.159605e+21,2.159605e+21,2.159605e+21,2.159605e+21,2.159605e+21,2.159605e+21,2.159605e+21,2.159605e+21
Sm-155,1.494200e+20,9.183083e+19,4.970283e+19,2.291824e+19,8.634217e+18,2.521151e+18,5.338531e+17,7.538141e+16,6.385428e+15,2.839698e+14,5.603546e+12,3.968691e+10,7.720851e+07,2.944659e+04,1.438930e+00,5.269201e-06,7.352132e-13,1.665876e-21,5.724971e-27,-3.396317e-26,3.372079e-26,3.306963e-26,1.303603e-26,2.066631e-27,-7.977436e-27,-4.241778e-26,-9.273392e-27,-1.696949e-28,1.539537e-26,6.931157e-27,4.580060e-26,1.188713e-26,8.040308e-27,3.561834e-26,2.818006e-26,-2.688358e-27,-1.764703e-26,-9.248461e-27,6.223241e-27,1.397839e-26,1.017424e-26,-1.428618e-27,-1.521181e-26,-2.702009e-26,-3.492805e-26,-3.872403e-26,-3.911743e-26,-3.712010e-26,-3.369146e-26,-2.958946e-26,-2.534388e-26,-2.128660e-26,-1.759980e-26,-1.436264e-26,-1.158889e-26,-9.254445e-27,-7.315935e-27,-5.722530e-27,-4.423000e-27,-3.369534e-27
Sm-156,4.001646e+20,3.925359e+20,3.831228e+20,3.715737e+20,3.575049e+20,3.405207e+20,3.202486e+20,2.963964e+20,2.688340e+20,2.377008e+20,2.035280e+20,1.673488e+20,1.307474e+20,9.577757e+19,6.468615e+19,3.943353e+19,2.112577e+19,9.616270e+18,3.564339e+18,1.019624e+18,2.103882e+17,2.875330e+16,2.337420e+15,9.869066e+13,1.824062e+12,1.189533e+10,2.085399e+07,6.975163e+03,2.888512e-01,8.584804e-07,9.206360e-14,1.496831e-22,1.269754e-26,-8.513868e-28,1.030980e-26,-2.821042e-28,-3.480204e-27,1.528717e-27,5.861442e-27,-1.012008e-26,-5.288055e-27,-3.369935e-27,-6.431115e-27,-1.087660e-26,2.754215e-27,-1.347470e-26,-1.229105e-26,1.253957e-27,-1.401297e-27,-1.311135e-26,-1.700244e-26,-1.095883e-26,-2.565152e-27,1.871847e-27,9.743924e-28,-3.420388e-27,-8.792387e-27,-1.333099e-26,-1.621881e-26,-1.738152e-26
Sm-157,1.009871e+18,2.614431e+17,4.756558e+16,5.546565e+15,3.691001e+14,1.210774e+13,1.627768e+11,7.105776e+08,7.509388e+05,1.326692e+02,2.456593e-03,2.645988e-09,7.890077e-17,2.701454e-26,-1.547451e-27,4.404714e-27,-2.819017e-27,-4.062817e-27,-5.634809e-27,-6.119138e-27,-7.130004e-29,2.536751e-27,-2.561849e-27,5.797641e-27,-9.349881e-28,3.594719e-27,4.376130e-27,-2.273586e-27,1.160965e-27,4.759478e-27,1.099829e-27,-3.614103e-27,-3.998157e-27,-1.069984e-27,1.811192e-27,2.685863e-27,1.544092e-27,-6.637144e-28,-2.956494e-27,-4.726008e-27,-5.755012e-27,-6.084914e-27,-5.876604e-27,-5.315665e-27,-4.563730e-27,-3.741665e-27,-2.929956e-27,-2.176233e-27,-1.504307e-27,-9.221757e-28,-4.281964e-28,-1.543613e-29,3.254630e-28,6.045148e-28,8.313761e-28,1.014828e-27,1.162560e-27,1.281142e-27,1.376083e-27,1.451942e-27
Sm-158,3.593146e+16,4.633551e+15,3.500667e+14,1.347639e+13,2.216917e+11,1.248226e+09,1.818283e+06,4.814859e+02,1.485185e-02,3.044544e-08,2.043889e-15,1.839138e-24,-2.371227e-28,1.478751e-27,5.271370e-29,-2.105954e-27,-2.116103e-27,-5.974892e-28,2.066327e-27,6.017292e-29,-4.577040e-28,1.714807e-27,-2.874915e-28,4.978639e-29,2.114055e-27,-1.511588e-27,-6.155554e-28,1.975403e-27,8.917766e-28,-1.606894e-27,-2.180613e-27,-7.717781e-28,9.309974e-28,1.703388e-27,1.366584e-27,3.557440e-28,-8.006856e-28,-1.743567e-27,-2.322732e-27,-2.537053e-27,-2.460255e-27,-2.186887e-27,-1.802909e-27,-1.374317e-27,-9.460055e-28,-5.451549e-28,-1.858433e-28,1.266892e-28,3.926787e-28,6.154314e-28,7.997174e-28,9.507684e-28,1.073694e-27,1.173178e-27,1.253341e-27,1.317719e-27,1.369281e-27,1.410494e-27,1.443379e-27,1.469586e-27
Sm-159,-3.191085e-28,2.656023e-29,2.443658e-29,-5.043085e-28,-2.868915e-28,5.229160e-28,-4.922913e-28,6.346384e-28,-5.469611e-28,2.978657e-28,7.239441e-29,-6.295915e-28,1.128439e-28,5.770255e-28,6.125863e-29,-4.529664e-28,-3.507051e-28,1.280432e-28,5.237720e-28,6.119367e-28,4.260883e-28,1.096319e-28,-2.041427e-28,-4.379194e-28,-5.675092e-28,-6.020490e-28,-5.651067e-28,-4.823904e-28,-3.757159e-28,-2.611113e-28,-1.490838e-28,-4.573500e-29,4.598386e-29,1.251883e-28,1.922378e-28,2.481622e-28,2.942867e-28,3.320031e-28,3.626404e-28,3.873993e-28,4.073277e-28,4.233174e-28,4.361154e-28,4.463389e-28,4.544932e-28,4.609893e-28,4.661594e-28,4.702712e-28,4.735392e-28,4.761355e-28,4.781973e-28,4.798341e-28,4.811333e-28,4.821643e-28,4.829824e-28,4.836314e-28,4.841462e-28,4.845546e-28,4.848785e-28,4.851354e-28
Sm-160,-1.415258e-28,-1.492321e-28,-8.584418e-29,1.084603e-28,2.785165e-29,-1.050590e-28,1.166560e-28,-7.981490e-29,7.855836e-30,1.043144e-28,-1.380571e-28,-3.432752e-29,1.389877e-28,5.185960e-29,-1.081438e-28,-1.260475e-28,-1.669279e-29,1.009469e-28,1.488246e-28,1.204844e-28,4.832177e-29,-3.136557e-29,-9.487456e-29,-1.328540e-28,-1.458497e-28,-1.392120e-28,-1.194980e-28,-9.256165e-29,-6.284617e-29,-3.334513e-29,-5.851496e-30,1.872200e-29,4.005208e-29,5.817800e-29,7.334018e-29,8.587312e-29,9.613892e-29,1.044890e-28,1.112439e-28,1.166853e-28,1.210540e-28,1.245525e-28,1.273482e-28,1.295789e-28,1.313563e-28,1.327712e-28,1.338967e-28,1.347913e-28,1.355021e-28,1.360666e-28,1.365148e-28,1.368705e-28,1.371528e-28,1.373769e-28,1.375546e-28,1.376956e-28,1.378074e-28,1.378961e-28,1.379665e-28,1.380223e-28
Sm-161,1.455521e-29,3.859761e-30,-1.301370e-29,1.405896e-29,-1.066069e-29,6.385397e-31,1.463866e-29,-1.727438e-29,-4.504629e-30,1.813178e-29,6.740467e-30,-1.450757e-29,-1.714726e-29,-2.866993e-30,1.271391e-29,1.922246e-29,1.570620e-29,6.376812e-30,-3.997776e-30,-1.228707e-29,-1.724529e-29,-1.893201e-29,-1.804348e-29,-1.543827e-29,-1.188461e-29,-7.966361e-30,-4.077162e-30,-4.528934e-31,2.786340e-30,5.598011e-30,7.987326e-30,9.985979e-30,1.163806e-29,1.299130e-29,1.409202e-29,1.498246e-29,1.569976e-29,1.627566e-29,1.673684e-29,1.710539e-29,1.739944e-29,1.763375e-29,1.782027e-29,1.796863e-29,1.808657e-29,1.818027e-29,1.825468e-29,1.831376e-29,1.836066e-29,1.839788e-29,1.842741e-29,1.845084e-29,1.846943e-29,1.848417e-29,1.849586e-29,1.850514e-29,1.851249e-29,1.851833e-29,1.852296e-29,1.852663e-29
Sm-162,9.877788e-31,-7.261089e-31,-2.170387e-32,1.033197e-30,-1.203059e-30,-3.197820e-31,1.302319e-30,5.139732e-31,-1.006360e-30,-1.223701e-30,-2.329247e-31,8.660461e-31,1.332830e-30,1.092860e-30,4.403236e-31,-2.883407e-31,-8.712060e-31,-1.219425e-30,-1.336684e-30,-1.271957e-30,-1.085884e-30,-8.328053e-31,-5.540517e-31,-2.774994e-31,-1.985284e-32,2.103871e-31,4.102178e-31,5.800207e-31,7.220545e-31,8.394561e-31,9.356194e-31,1.013836e-30,1.077111e-30,1.128082e-30,1.169005e-30,1.201775e-30,1.227964e-30,1.248858e-30,1.265508e-30,1.278762e-30,1.289304e-30,1.297684e-30,1.304342e-30,1.309630e-30,1.313828e-30,1.317160e-30,1.319805e-30,1.321903e-30,1.323568e-30,1.324889e-30,1.325937e-30,1.326768e-30,1.327427e-30,1.327949e-30,1.328364e-30,1.328693e-30,1.328953e-30,1.329160e-30,1.329324e-30,1.329454e-30
Sm-163,-8.992466e-32,6.735115e-32,1.120020e-32,-8.768841e-32,3.176611e-32,8.576443e-32,-7.438818e-33,-8.605753e-32,-6.386909e-32,1.411784e-32,7.576348e-32,8.848045e-32,5.935408e-32,1.124284e-32,-3.541251e-32,-6.912582e-32,-8.659135e-32,-8.950895e-32,-8.166698e-32,-6.708511e-32,-4.912437e-32,-3.022477e-32,-1.196473e-32,4.757003e-33,1.952332e-32,3.223014e-32,4.295950e-32,5.189161e-32,5.924796e-32,6.525674e-32,7.013359e-32,7.407217e-32,7.724069e-32,7.978199e-32,8.181538e-32,8.343932e-32,8.473433e-32,8.576585e-32,8.658671e-32,8.723947e-32,8.775826e-32,8.817037e-32,8.849763e-32,8.875743e-32,8.896363e-32,8.912726e-32,8.925709e-32,8.936010e-32,8.944180e-32,8.950662e-32,8.955802e-32,8.959880e-32,8.963113e-32,8.965678e-32,8.967712e-32,8.969325e-32,8.970604e-32,8.971619e-32,8.972423e-32,8.973061e-32
Sm-164,3.550251e-33,-3.147753e-33,-1.602617e-33,3.668055e-33,2.002309e-33,-2.657310e-33,-3.789383e-33,-1.079387e-33,2.285073e-33,3.905637e-33,3.383729e-33,1.529562e-33,-6.420514e-34,-2.430530e-33,-3.535809e-33,-3.947256e-33,-3.801571e-33,-3.278066e-33,-2.541091e-33,-1.717403e-33,-8.935053e-34,-1.219166e-34,5.700616e-34,1.172181e-33,1.684783e-33,2.114160e-33,2.469452e-33,2.760710e-33,2.997763e-33,3.189626e-33,3.344240e-33,3.468413e-33,3.567873e-33,3.647370e-33,3.710808e-33,3.761363e-33,3.801611e-33,3.833626e-33,3.859077e-33,3.879299e-33,3.895360e-33,3.908112e-33,3.918234e-33,3.926267e-33,3.932641e-33,3.937698e-33,3.941710e-33,3.944892e-33,3.947416e-33,3.949418e-33,3.951006e-33,3.952266e-33,3.953264e-33,3.954056e-33,3.954685e-33,3.955183e-33,3.955578e-33,3.955891e-33,3.956139e-33,3.956337e-33
Sm-165,-5.736930e-35,1.582883e-34,7.685931e-35,-1.178408e-34,-1.578474e-34,-3.960376e-35,1.009027e-34,1.656053e-34,1.405526e-34,6.098731e-35,-3.050241e-35,-1.050183e-34,-1.504838e-34,-1.668013e-34,-1.598820e-34,-1.373054e-34,-1.059587e-34,-7.112515e-35,-3.639428e-35,-3.934612e-36,2.513555e-35,5.040565e-35,7.190319e-35,8.990060e-35,1.047866e-34,1.169858e-34,1.269122e-34,1.349448e-34,1.414169e-34,1.466142e-34,1.507766e-34,1.541035e-34,1.567581e-34,1.588735e-34,1.605575e-34,1.618971e-34,1.629620e-34,1.638081e-34,1.644800e-34,1.650135e-34,1.654370e-34,1.657731e-34,1.660398e-34,1.662514e-34,1.664192e-34,1.665523e-34,1.666580e-34,1.667417e-34,1.668081e-34,1.668608e-34,1.669026e-34,1.669358e-34,1.669620e-34,1.669829e-34,1.669994e-34,1.670125e-34,1.670229e-34,1.670312e-34,1.670377e-34,1.670429e-34
Eu-151,8.048655e+13,1.364841e+14,2.314230e+14,3.899078e+14,6.510140e+14,1.076533e+15,1.763737e+15,2.864934e+15,4.617064e+15,7.385888e+15,1.173084e+16,1.849797e+16,2.894933e+16,4.493588e+16,6.911642e+16,1.052147e+17,1.582887e+17,2.349657e+17,3.435810e+17,4.941763e+17,6.983909e+17,9.694221e+17,1.322370e+18,1.775269e+18,2.350836e+18,3.078583e+18,3.996871e+18,5.154901e+18,6.615074e+18,8.456146e+18,1.077740e+19,1.370393e+19,1.739337e+19,2.204427e+19,2.790664e+19,3.529524e+19,4.460606e+19,5.633709e+19,7.111405e+19,8.972252e+19,1.131475e+20,1.426222e+20,1.796879e+20,2.262657e+20,2.847434e+20,3.580769e+20,4.499068e+20,5.646881e+20,7.078269e+20,8.858106e+20,1.106312e+21,1.378227e+21,1.711596e+21,2.117314e+21,2.606532e+21,3.189585e+21,3.874321e+21,4.663695e+21,5.552679e+21,6.524798e+21
Eu-152,3.555458e+12,3.737835e+12,3.940281e+12,4.157668e+12,4.381546e+12,4.600292e+12,4.800335e+12,4.968665e+12,5.096242e+12,5.181028e+12,5.228805e+12,5.250680e+12,5.258365e+12,5.260239e+12,5.260421e+12,5.260250e+12,5.259992e+12,5.259665e+12,5.259251e+12,5.258730e+12,5.258072e+12,5.257243e+12,5.256198e+12,5.254881e+12,5.253220e+12,5.251126e+12,5.248487e+12,5.245161e+12,5.240969e+12,5.235688e+12,5.229037e+12,5.220661e+12,5.210118e+12,5.196853e+12,5.180174e+12,5.159217e+12,5.132911e+12,5.099929e+12,5.058640e+12,5.007050e+12,4.942742e+12,4.862825e+12,4.763885e+12,4.641985e+12,4.492701e+12,4.311276e+12,4.092900e+12,3.833220e+12,3.529113e+12,3.179778e+12,2.788121e+12,2.362248e+12,1.916677e+12,1.472572e+12,1.056146e+12,6.945294e+11,4.093938e+11,2.102193e+11,9.070763e+10,3.142908e+10
Eu-152m,2.441898e+12,2.394907e+12,2.336938e+12,2.265834e+12,2.179245e+12,2.074755e+12,1.950103e+12,1.803533e+12,1.634304e+12,1.443351e+12,1.234029e+12,1.012784e+12,7.894230e+11,5.765770e+11,3.879597e+11,2.353967e+11,1.253644e+11,5.663999e+10,2.079714e+10,5.879016e+09,1.195030e+09,1.602653e+08,1.272158e+07,5.212330e+05,9.275577e+03,5.766708e+01,9.518640e-02,2.950828e-05,1.110337e-09,2.924426e-15,2.692971e-22,3.612609e-31,3.012360e-35,-1.515651e-36,4.484293e-35,-1.705684e-35,-2.575322e-35,1.355327e-35,5.933745e-35,-2.663117e-35,-1.001375e-35,2.074718e-35,-9.237771e-36,-2.220344e-35,5.576140e-35,-4.367555e-35,-2.848793e-35,5.326473e-35,3.335685e-35,-3.724988e-35,-5.769489e-35,-1.882788e-35,3.227667e-35,5.823868e-35,5.177040e-35,2.454073e-35,-8.120075e-36,-3.539675e-35,-5.251877e-35,-5.916627e-35
Eu-152m2,1.705737e+12,1.523355e+12,1.320901e+12,1.103504e+12,8.796136e+11,6.608505e+11,4.607841e+11,2.924240e+11,1.648083e+11,7.997234e+10,3.213119e+10,1.017519e+10,2.386734e+09,3.834288e+08,3.821875e+07,2.086750e+06,5.333767e+04,5.235087e+02,1.536868e+00,9.847954e-04,9.257860e-08,7.736597e-13,-9.198222e-13,-2.451728e-06,-1.643600e-06,-6.842089e-07,4.247586e-07,-3.878222e-07,-4.119764e-06,3.464144e-06,2.439477e-07,3.314660e-06,-2.793563e-06,-2.084942e-06,-1.155054e-07,-2.649257e-06,4.076413e-07,8.631432e-07,5.810316e-07,-7.822592e-08,5.063798e-07,4.071405e-07,7.447624e-10,2.113561e-07,-2.040374e-07,-1.305372e-08,-1.468303e-07,-4.074120e-08,4.975142e-08,-3.370628e-08,-2.024682e-09,3.481251e-09,2.860532e-09,-4.797652e-10,-6.417726e-10,-7.071319e-10,-1.103900e-10,4.903531e-11,-3.792765e-11,4.194527e-11
Eu-153,5.860186e+19,7.620717e+19,9.831398e+19,1.260376e+20,1.607543e+20,2.041488e+20,2.582652e+20,3.255574e+20,4.089276e+20,5.117418e+20,6.377994e+20,7.912259e+20,9.762452e+20,1.196778e+21,1.455807e+21,1.754474e+21,2.090907e+21,2.458907e+21,2.846816e+21,3.237099e+21,3.607413e+21,3.933805e+21,4.196020e+21,4.383531e+21,4.499401e+21,4.559029e+21,4.583435e+21,4.590939e+21,4.592555e+21,4.592778e+21,4.592795e+21,4.592796e+21,4.592796e+21,4.592796e+21,4.592796e+21,4.592796e+21,4.592796e+21,4.592796e+21,4.592796e+21,4.592796e+21,4.592796e+21,4.592796e+21,4.592796e+21,4.592796e+21,4.592796e+21,4.592796e+21,4.592796e+21,4.592796e+21,4.592796e+21,4.592796e+21,4.592796e+21,4.592796e+21,4.592796e+21,4.592796e+21,4.592796e+21,4.592796e+21,4.592796e+21,4.592796e+21,4.592796e+21,4.592796e+21
Eu-154,4.489139e+15,4.728681e+15,4.960327e+15,5.169433e+15,5.342539e+15,5.471073e+15,5.554327e+15,5.599756e+15,5.619735e+15,5.626411e+15,5.627936e+15,5.628059e+15,5.627910e+15,5.627693e+15,5.627418e+15,5.627070e+15,5.626633e+15,5.626081e+15,5.625384e+15,5.624507e+15,5.623400e+15,5.622005e+15,5.620246e+15,5.618029e+15,5.615234e+15,5.611712e+15,5.607274e+15,5.601682e+15,5.594638e+15,5.585769e+15,5.574604e+15,5.560556e+15,5.542893e+15,5.520698e+15,5.492837e+15,5.457903e+15,5.414168e+15,5.359515e+15,5.291382e+15,5.206697e+15,5.101837e+15,4.972611e+15,4.814309e+15,4.621849e+15,4.390082e+15,4.114312e+15,3.791118e+15,3.419502e+15,3.002363e+15,2.548094e+15,2.071905e+15,1.596143e+15,1.148681e+15,7.586357e+14,4.496124e+14,2.324549e+14,1.011705e+14,3.543749e+13,9.439501e+12,1.780204e+12
Eu-154m,1.139546e+15,8.999925e+14,6.683320e+14,4.592069e+14,2.860756e+14,1.575086e+14,7.421215e+13,2.872986e+13,8.681814e+12,1.919660e+12,2.862611e+11,2.597581e+10,1.259889e+09,2.773574e+07,2.254987e+05,5.220630e+02,2.479576e-01,1.597860e-05,8.294023e-11,5.335392e-08,4.985318e-04,-6.809828e-04,-7.902719e-05,1.442126e-05,5.842641e-03,1.935188e-04,3.523325e-03,5.992659e-04,3.083097e-03,-2.483361e-03,1.081658e-04,-1.190516e-04,-4.113159e-04,2.331614e-03,-1.155121e-03,5.226362e-05,-2.782562e-05,-4.110230e-05,2.229909e-05,-2.412949e-05,-6.228310e-05,1.705526e-04,-1.277737e-05,1.022548e-04,1.841881e-05,-2.271026e-06,-1.311377e-05,5.136695e-05,6.103969e-07,1.474391e-06,5.757056e-07,1.175318e-06,-8.673938e-07,2.270086e-07,-1.353836e-06,5.381589e-07,-2.253839e-07,-6.652464e-10,-7.208040e-09,-1.579421e-11
Eu-155,7.829739e+20,8.405595e+20,8.826828e+20,9.094612e+20,9.237372e+20,9.298401e+20,9.318145e+20,9.322567e+20,9.323052e+20,9.322854e+20,9.322530e+20,9.322119e+20,9.321600e+20,9.320945e+20,9.320120e+20,9.319079e+20,9.317767e+20,9.316113e+20,9.314027e+20,9.311397e+20,9.308083e+20,9.303904e+20,9.298638e+20,9.292001e+20,9.283638e+20,9.273103e+20,9.259835e+20,9.243131e+20,9.222110e+20,9.195670e+20,9.162436e+20,9.120698e+20,9.068336e+20,9.002735e+20,8.920686e+20,8.818284e+20,8.690827e+20,8.532723e+20,8.337443e+20,8.097547e+20,7.804847e+20,7.450779e+20,7.027096e+20,6.526994e+20,5.946771e+20,5.288046e+20,4.560373e+20,3.783752e+20,2.990069e+20,2.222039e+20,1.528156e+20,9.531126e+19,5.255373e+19,2.480710e+19,9.625990e+18,2.917410e+18,6.474689e+17,9.700285e+16,8.854171e+15,4.326482e+14
Eu-156,3.077032e+19,3.838191e+19,4.776804e+19,5.927486e+19,7.327759e+19,9.015916e+19,1.102725e+20,1.338808e+20,1.610715e+20,1.916439e+20,2.249812e+20,2.599338e+20,2.947653e+20,3.272318e+20,3.548614e+20,3.754406e+20,3.875932e+20,3.911854e+20,3.872645e+20,3.774627e+20,3.631995e+20,3.452072e+20,3.236010e+20,2.982450e+20,2.690808e+20,2.363341e+20,2.006594e+20,1.632458e+20,1.258437e+20,9.064044e+19,5.992571e+19,3.556272e+19,1.841716e+19,8.032581e+18,2.821115e+18,7.539897e+17,1.427991e+17,1.751679e+16,1.242552e+15,4.417886e+13,6.574395e+11,3.262131e+09,4.051736e+06,8.775342e+02,2.100749e-02,3.128190e-08,1.403358e-15,7.492394e-25,-1.594591e-26,1.580734e-26,4.003081e-27,-6.452419e-27,-1.511429e-26,-1.643276e-26,-1.875542e-27,-1.585402e-27,-6.179781e-27,1.384041e-26,2.566799e-27,1.063704e-26
Eu-157,1.710029e+20,1.697198e+20,1.673998e+20,1.642983e+20,1.604230e+20,1.556603e+20,1.498551e+20,1.428421e+20,1.344645e+20,1.245969e+20,1.131792e+20,1.002607e+20,8.605084e+19,7.096652e+19,5.565487e+19,4.096388e+19,2.783270e+19,1.709609e+19,9.246750e+18,4.260008e+18,1.603151e+18,4.674639e+17,9.881241e+16,1.392182e+16,1.176018e+15,5.211623e+13,1.023866e+12,7.211165e+09,1.393057e+07,5.266078e+03,2.544691e-01,9.187880e-07,1.259390e-13,2.790267e-22,1.099047e-27,-7.515923e-27,9.488486e-28,7.932508e-28,2.006165e-27,5.792134e-27,7.337084e-27,9.388625e-28,4.720023e-27,3.334936e-27,3.041159e-27,-8.404558e-28,4.809577e-27,-2.361402e-27,-3.266108e-27,2.011093e-27,9.486158e-28,-4.340711e-27,-6.604509e-27,-4.532493e-27,-1.198829e-27,6.326944e-28,2.516037e-28,-1.633561e-27,-3.969254e-27,-5.975694e-27
Eu-158,4.331103e+19,3.421551e+19,2.539537e+19,1.743500e+19,1.085043e+19,5.966311e+18,2.806496e+18,1.084239e+18,3.267907e+17,7.202041e+16,1.069531e+16,9.654491e+14,4.651887e+13,1.015608e+12,8.171040e+09,1.866872e+07,8.720243e+03,5.502494e-01,2.781457e-06,5.827668e-13,2.204733e-21,-9.225079e-28,-1.174329e-27,1.498367e-27,2.968419e-28,3.879788e-27,3.217463e-27,-1.096495e-27,-3.470155e-27,3.089363e-27,1.382067e-27,1.674233e-27,-3.361370e-27,7.873478e-29,-2.888242e-27,-2.737485e-27,2.109697e-27,3.380534e-27,1.164871e-27,-7.281043e-29,1.010962e-27,2.840719e-27,3.756856e-27,3.275828e-27,1.810915e-27,2.532654e-29,-1.569939e-27,-2.722440e-27,-3.386626e-27,-3.632972e-27,-3.574198e-27,-3.321479e-27,-2.965046e-27,-2.569669e-27,-2.177352e-27,-1.812512e-27,-1.487208e-27,-1.205475e-27,-9.665301e-28,-7.669812e-28
Eu-159,2.959051e+18,1.624326e+18,7.624322e+17,2.937569e+17,8.823741e+16,1.936298e+16,2.859936e+15,2.564039e+14,1.224847e+13,2.645204e+11,2.099225e+09,4.714016e+06,2.154474e+03,1.322628e-01,6.458044e-07,1.295226e-13,4.637405e-22,1.456249e-28,-1.071838e-27,-2.190286e-28,2.170294e-28,3.998293e-28,8.559754e-28,7.714658e-28,-9.523734e-29,9.479356e-28,3.252254e-28,7.241161e-28,-1.957446e-28,8.696131e-28,-1.738041e-28,-5.218852e-28,3.608522e-28,3.240322e-28,-5.313028e-28,-9.828686e-28,-6.997825e-28,-1.498444e-28,1.865362e-28,1.590469e-28,-1.318813e-28,-5.134818e-28,-8.513672e-28,-1.079275e-27,-1.185646e-27,-1.189441e-27,-1.120495e-27,-1.007911e-27,-8.750016e-28,-7.381778e-28,-6.077594e-28,-4.894115e-28,-3.855765e-28,-2.966458e-28,-2.218205e-28,-1.596964e-28,-1.086376e-28,-6.699858e-29,-3.324544e-29,-6.012678e-30
Eu-160,3.368338e-10,1.211142e-17,5.186389e-27,-3.685945e-28,1.620006e-28,-8.133326e-29,-3.855267e-28,-1.253136e-28,-2.225236e-28,-1.860643e-29,2.978926e-28,-1.738138e-28,3.557960e-29,-2.517785e-28,1.996345e-28,3.362920e-28,-2.118100e-28,-1.509671e-28,5.663206e-29,-8.913198e-29,-2.680688e-28,-1.771479e-28,1.035187e-28,3.529085e-28,4.441698e-28,3.796556e-28,2.262887e-28,5.391841e-29,-9.218529e-29,-1.932861e-28,-2.488063e-28,-2.671593e-28,-2.593194e-28,-2.353735e-28,-2.031847e-28,-1.682361e-28,-1.339948e-28,-1.024195e-28,-7.443419e-29,-5.030372e-29,-2.990569e-29,-1.291379e-29,1.085431e-30,1.252246e-29,2.180598e-29,2.930381e-29,3.533585e-29,4.017387e-29,4.404494e-29,4.713651e-29,4.960189e-29,5.156561e-29,5.312831e-29,5.437097e-29,5.535858e-29,5.614312e-29,5.676611e-29,5.726069e-29,5.765324e-29,5.796474e-29
Eu-161,4.878008e-24,4.674864e-29,-3.244239e-29,3.357649e-29,4.070978e-29,1.420931e-29,2.251794e-29,6.464295e-29,-3.789319e-29,-8.975511e-30,-9.682587e-30,2.720079e-29,-1.204091e-29,5.645621e-29,-4.474381e-29,-5.756616e-29,2.336627e-29,2.885900e-29,-2.172105e-29,-3.734542e-29,-1.218730e-30,4.721219e-29,7.269361e-29,6.680878e-29,3.965091e-29,5.713161e-30,-2.425564e-29,-4.512190e-29,-5.608235e-29,-5.869466e-29,-5.533435e-29,-4.830111e-29,-3.943504e-29,-3.003740e-29,-2.093556e-29,-1.259509e-29,-5.230403e-30,1.105009e-30,6.452293e-30,1.090207e-29,1.456549e-29,1.755688e-29,1.998411e-29,2.194393e-29,2.352028e-29,2.478441e-29,2.579576e-29,2.660339e-29,2.724739e-29,2.776031e-29,2.816848e-29,2.849304e-29,2.875098e-29,2.895588e-29,2.911858e-29,2.924775e-29,2.935026e-29,2.943161e-29,2.949616e-29,2.954737e-29
Eu-162,5.005683e-30,6.525195e-30,6.327471e-30,8.331328e-31,-4.734650e-30,4.649973e-30,-4.383291e-30,2.640293e-30,-4.029169e-30,7.762746e-30,-1.759095e-30,-6.196541e-30,2.455848e-30,3.685930e-30,-2.853439e-30,-5.928838e-30,-2.253112e-30,3.785008e-30,7.555091e-30,7.581939e-30,4.846071e-30,1.063270e-30,-2.407714e-30,-4.871887e-30,-6.176924e-30,-6.480165e-30,-6.055837e-30,-5.179291e-30,-4.074901e-30,-2.903168e-30,-1.767017e-30,-7.248205e-31,1.962588e-31,9.891844e-31,1.658831e-30,2.216345e-30,2.675509e-30,3.050556e-30,3.354943e-30,3.600761e-30,3.798512e-30,3.957114e-30,4.084014e-30,4.185358e-30,4.266175e-30,4.330547e-30,4.381773e-30,4.422507e-30,4.454881e-30,4.480598e-30,4.501020e-30,4.517233e-30,4.530100e-30,4.540311e-30,4.548413e-30,4.554840e-30,4.559939e-30,4.563983e-30,4.567191e-30,4.569736e-30
Eu-163,-1.176418e-30,-6.590823e-31,1.183989e-30,1.672953e-31,-8.393432e-31,8.332142e-31,-6.584040e-31,5.665133e-33,1.208783e-30,-1.233296e-30,-4.891272e-31,1.223310e-30,4.977810e-31,-1.036692e-30,-1.245523e-30,-1.908401e-31,9.847616e-31,1.495517e-30,1.253305e-30,5.638488e-31,-2.171886e-31,-8.522251e-31,-1.243676e-30,-1.392339e-30,-1.347846e-30,-1.173048e-30,-9.248099e-31,-6.466843e-31,-3.682600e-31,-1.074482e-31,1.264600e-31,3.299811e-31,5.032294e-31,6.483360e-31,7.683959e-31,8.668100e-31,9.469036e-31,1.011725e-30,1.063960e-30,1.105909e-30,1.139508e-30,1.166363e-30,1.187793e-30,1.204870e-30,1.218466e-30,1.229280e-30,1.237877e-30,1.244708e-30,1.250133e-30,1.254441e-30,1.257860e-30,1.260573e-30,1.262726e-30,1.264434e-30,1.265789e-30,1.266864e-30,1.267717e-30,1.268393e-30,1.268930e-30,1.269355e-30
Eu-164,-1.447072e-31,1.438564e-31,-1.303843e-31,7.421646e-32,4.122985e-32,-1.338268e-31,3.441297e-32,1.386536e-31,1.794872e-33,-1.345622e-31,-1.138619e-31,6.684431e-33,1.115729e-31,1.420603e-31,1.040402e-31,3.189742e-32,-4.152709e-32,-9.677837e-32,-1.274254e-31,-1.353280e-31,-1.260142e-31,-1.056372e-31,-7.946216e-32,-5.137510e-32,-2.393072e-32,1.384641e-33,2.385120e-32,4.325313e-32,5.967851e-32,7.337927e-32,8.467974e-32,9.392066e-32,1.014274e-31,1.074940e-31,1.123771e-31,1.162952e-31,1.194312e-31,1.219364e-31,1.239346e-31,1.255265e-31,1.267934e-31,1.278010e-31,1.286019e-31,1.292381e-31,1.297433e-31,1.301445e-31,1.304628e-31,1.307155e-31,1.309160e-31,1.310750e-31,1.312012e-31,1.313012e-31,1.313806e-31,1.314436e-31,1.314935e-31,1.315331e-31,1.315645e-31,1.315894e-31,1.316092e-31,1.316248e-31
Eu-165,2.525385e-32,-2.265228e-32,1.039766e-32,1.254438e-32,-2.521232e-32,1.676133e-33,2.543052e-32,3.609794e-33,-2.271425e-32,-2.133467e-32,-1.922180e-34,1.944708e-32,2.579718e-32,1.927305e-32,6.059109e-33,-7.657808e-33,-1.810527e-32,-2.396835e-32,-2.553422e-32,-2.381857e-32,-1.997841e-32,-1.501432e-32,-9.669835e-33,-4.436470e-33,3.981155e-34,4.693323e-33,8.405653e-33,1.155040e-32,1.417476e-32,1.634015e-32,1.811140e-32,1.955057e-32,2.071385e-32,2.165033e-32,2.240182e-32,2.300336e-32,2.348393e-32,2.386727e-32,2.417266e-32,2.441573e-32,2.460905e-32,2.476270e-32,2.488477e-32,2.498172e-32,2.505868e-32,2.511977e-32,2.516825e-32,2.520671e-32,2.523723e-32,2.526143e-32,2.528064e-32,2.529587e-32,2.530795e-32,2.531753e-32,2.532513e-32,2.533116e-32,2.533593e-32,2.533973e-32,2.534273e-32,2.534511e-32
Eu-166,-7.453511e-04,6.545864e-04,-1.095846e-06,-4.371604e-04,4.039273e-06,-5.069925e-06,-2.097845e-04,1.400199e-04,-1.614474e-05,-2.168133e-06,5.997017e-06,1.379553e-05,4.416832e-05,-2.965012e-06,5.537260e-06,-2.544293e-05,-1.694831e-06,8.278256e-06,6.916575e-06,6.134757e-06,-3.639693e-07,-4.697773e-06,1.103481e-06,1.172208e-07,3.924405e-07,-1.694670e-07,4.273480e-09,-1.080244e-10,-4.663536e-09,2.194433e-10,1.854865e-10,6.385257e-13,-7.825082e-15,-2.257114e-14,7.136121e-18,1.092684e-18,1.700347e-22,4.401611e-25,-6.675239e-29,1.772278e-30,2.885857e-33,1.631246e-33,1.632614e-33,1.633701e-33,1.634563e-33,1.635247e-33,1.635790e-33,1.636220e-33,1.636561e-33,1.636831e-33,1.637046e-33,1.637216e-33,1.637351e-33,1.637458e-33,1.637543e-33,1.637610e-33,1.637663e-33,1.637706e-33,1.637739e-33,1.637766e-33
Eu-167,-4.019516e-07,-7.082400e-08,-5.268346e-11,-7.564759e-10,1.167470e-12,9.481014e-15,1.522070e-15,-5.592357e-19,-1.347181e-22,2.852680e-25,7.246197e-10,2.093374e-06,5.752812e-09,1.720357e-09,-6.206125e-08,1.244582e-08,1.181060e-09,-1.353346e-10,-6.352506e-12,-1.377344e-13,-1.413313e-16,5.843588e-18,-3.413070e-21,-3.851017e-24,-1.185478e-27,-2.416763e-30,8.415920e-34,1.391818e-34,1.407398e-34,1.419777e-34,1.429619e-34,1.437440e-34,1.443651e-34,1.448584e-34,1.452499e-34,1.455606e-34,1.458072e-34,1.460028e-34,1.461580e-34,1.462811e-34,1.463787e-34,1.464562e-34,1.465176e-34,1.465663e-34,1.466050e-34,1.466356e-34,1.466599e-34,1.466792e-34,1.466945e-34,1.467066e-34,1.467162e-34,1.467238e-34,1.467299e-34,1.467347e-34,1.467385e-34,1.467415e-34,1.467439e-34,1.467458e-34,1.467473e-34,1.467485e-34
Gd-152,1.377628e+11,1.720672e+11,2.143866e+11,2.662957e+11,3.295093e+11,4.057916e+11,4.967943e+11,6.037988e+11,7.273466e+11,8.667565e+11,1.019579e+12,1.181111e+12,1.344193e+12,1.499607e+12,1.637343e+12,1.748771e+12,1.829168e+12,1.879428e+12,1.905709e+12,1.916744e+12,1.920347e+12,1.921334e+12,1.921733e+12,1.922109e+12,1.922573e+12,1.923157e+12,1.923894e+12,1.924822e+12,1.925991e+12,1.927464e+12,1.929320e+12,1.931657e+12,1.934599e+12,1.938299e+12,1.942953e+12,1.948800e+12,1.956139e+12,1.965341e+12,1.976861e+12,1.991255e+12,2.009196e+12,2.031493e+12,2.059097e+12,2.093108e+12,2.134758e+12,2.185376e+12,2.246302e+12,2.318753e+12,2.403599e+12,2.501063e+12,2.610336e+12,2.729154e+12,2.853469e+12,2.977374e+12,3.093557e+12,3.194448e+12,3.274001e+12,3.329570e+12,3.362914e+12,3.379453e+12
Gd-154,3.596671e+11,3.707367e+11,3.854116e+11,4.047610e+11,4.300819e+11,4.629247e+11,5.051416e+11,5.589835e+11,6.272582e+11,7.135418e+11,8.224161e+11,9.597253e+11,1.132875e+12,1.351214e+12,1.626534e+12,1.973702e+12,2.411460e+12,2.963439e+12,3.659422e+12,4.536956e+12,5.643358e+12,7.038253e+12,8.796764e+12,1.101352e+13,1.380766e+13,1.732918e+13,2.176677e+13,2.735770e+13,3.440009e+13,4.326812e+13,5.443095e+13,6.847580e+13,8.613634e+13,1.083268e+14,1.361831e+14,1.711104e+14,2.148383e+14,2.694812e+14,3.376019e+14,4.222710e+14,5.271122e+14,6.563153e+14,8.145891e+14,1.007014e+15,1.238740e+15,1.514460e+15,1.837596e+15,2.209145e+15,2.626209e+15,3.080396e+15,3.556500e+15,4.032176e+15,4.479557e+15,4.869532e+15,5.178500e+15,5.395618e+15,5.526879e+15,5.592600e+15,5.618594e+15,5.626251e+15
Gd-155,8.260748e+15,1.179601e+16,1.652607e+16,2.272574e+16,3.071753e+16,4.090147e+16,5.379460e+16,7.007124e+16,9.060071e+16,1.164891e+17,1.491341e+17,1.902988e+17,2.422062e+17,3.076589e+17,3.901901e+17,4.942540e+17,6.254652e+17,7.909001e+17,9.994766e+17,1.262431e+18,1.593919e+18,2.011767e+18,2.538419e+18,3.202117e+18,4.038386e+18,5.091873e+18,6.418647e+18,8.089044e+18,1.019117e+19,1.283520e+19,1.615859e+19,2.033238e+19,2.556855e+19,3.212869e+19,4.033361e+19,5.057374e+19,6.331944e+19,7.912986e+19,9.865788e+19,1.226474e+20,1.519174e+20,1.873242e+20,2.296925e+20,2.797027e+20,3.377250e+20,4.035975e+20,4.763648e+20,5.540270e+20,6.333953e+20,7.101983e+20,7.795866e+20,8.370909e+20,8.798484e+20,9.075951e+20,9.227762e+20,9.294848e+20,9.317547e+20,9.323052e+20,9.323933e+20,9.324017e+20
Gd-156,3.020853e+16,4.737500e+16,7.434583e+16,1.166099e+17,1.826161e+17,2.852626e+17,4.440336e+17,6.879793e+17,1.059706e+18,1.620431e+18,2.455909e+18,3.682552e+18,5.452495e+18,7.955742e+18,1.141761e+19,1.609102e+19,2.224614e+19,3.016344e+19,4.013631e+19,5.248285e+19,6.755529e+19,8.572923e+19,1.073618e+20,1.327201e+20,1.618844e+20,1.946310e+20,2.303058e+20,2.677194e+20,3.051214e+20,3.403247e+20,3.710394e+20,3.954024e+20,4.125480e+20,4.229326e+20,4.281440e+20,4.302112e+20,4.308223e+20,4.309476e+20,4.309639e+20,4.309651e+20,4.309651e+20,4.309651e+20,4.309651e+20,4.309651e+20,4.309651e+20,4.309651e+20,4.309651e+20,4.309651e+20,4.309651e+20,4.309651e+20,4.309651e+20,4.309651e+20,4.309651e+20,4.309651e+20,4.309651e+20,4.309651e+20,4.309651e+20,4.309651e+20,4.309651e+20,4.309651e+20
Gd-157,6.458653e+18,8.490170e+18,1.102408e+19,1.416758e+19,1.804804e+19,2.281109e+19,2.861636e+19,3.562934e+19,4.400695e+19,5.387452e+19,6.529219e+19,7.821073e+19,9.242058e+19,1.075049e+20,1.228166e+20,1.375075e+20,1.506387e+20,1.613753e+20,1.692247e+20,1.742114e+20,1.768683e+20,1.780040e+20,1.783726e+20,1.784575e+20,1.784703e+20,1.784714e+20,1.784714e+20,1.784714e+20,1.784714e+20,1.784714e+20,1.784714e+20,1.784714e+20,1.784714e+20,1.784714e+20,1.784714e+20,1.784714e+20,1.784714e+20,1.784714e+20,1.784714e+20,1.784714e+20,1.784714e+20,1.784714e+20,1.784714e+20,1.784714e+20,1.784714e+20,1.784714e+20,1.784714e+20,1.784714e+20,1.784714e+20,1.784714e+20,1.784714e+20,1.784714e+20,1.784714e+20,1.784714e+20,1.784714e+20,1.784714e+20,1.784714e+20,1.784714e+20,1.784714e+20,1.784714e+20
Gd-158,5.197608e+19,6.110290e+19,6.992733e+19,7.788803e+19,8.447262e+19,8.935674e+19,9.251655e+19,9.423881e+19,9.499625e+19,9.525103e+19,9.531235e+19,9.532208e+19,9.532300e+19,9.532304e+19,9.532305e+19,9.532305e+19,9.532305e+19,9.532305e+19,9.532305e+19,9.532305e+19,9.532305e+19,9.532305e+19,9.532305e+19,9.532305e+19,9.532305e+19,9.532305e+19,9.532305e+19,9.532305e+19,9.532305e+19,9.532305e+19,9.532305e+19,9.532305e+19,9.532305e+19,9.532305e+19,9.532305e+19,9.532305e+19,9.532305e+19,9.532305e+19,9.532305e+19,9.532305e+19,9.532305e+19,9.532305e+19,9.532305e+19,9.532305e+19,9.532305e+19,9.532305e+19,9.532305e+19,9.532305e+19,9.532305e+19,9.532305e+19,9.532305e+19,9.532305e+19,9.532305e+19,9.532305e+19,9.532305e+19,9.532305e+19,9.532305e+19,9.532305e+19,9.532305e+19,9.532305e+19
Gd-159,2.567372e+19,2.675113e+19,2.727880e+19,2.732184e+19,2.699375e+19,2.640143e+19,2.560603e+19,2.461999e+19,2.342770e+19,2.200588e+19,2.033528e+19,1.840819e+19,1.623623e+19,1.385883e+19,1.135063e+19,8.824298e+18,6.423910e+18,4.304549e+18,2.598186e+18,1.374611e+18,6.159099e+17,2.237913e+17,6.243109e+16,1.248052e+16,1.638930e+15,1.266908e+14,5.020101e+12,8.564604e+10,5.048932e+08,7.793332e+05,2.220071e+02,7.508721e-03,1.728827e-08,1.343686e-15,1.455320e-24,7.165939e-28,5.980762e-28,6.706025e-29,-1.007880e-27,-1.067494e-27,-3.531988e-28,6.847761e-28,1.621585e-28,3.556536e-28,9.923959e-28,4.833232e-28,4.120276e-28,1.080706e-27,-1.953525e-28,-8.173307e-29,6.817474e-28,2.812425e-28,-6.181472e-28,-9.051199e-28,-5.231337e-28,-1.467636e-29,2.097476e-28,7.953831e-29,-2.696441e-28,-6.666698e-28
Gd-160,9.255103e+18,9.255103e+18,9.255103e+18,9.255103e+18,9.255103e+18,9.255103e+18,9.255103e+18,9.255103e+18,9.255103e+18,9.255103e+18,9.255103e+18,9.255103e+18,9.255103e+18,9.255103e+18,9.255103e+18,9.255103e+18,9.255103e+18,9.255103e+18,9.255103e+18,9.255103e+18,9.255103e+18,9.255103e+18,9.255103e+18,9.255103e+18,9.255103e+18,9.255103e+18,9.255103e+18,9.255103e+18,9.255103e+18,9.255103e+18,9.255103e+18,9.255103e+18,9.255103e+18,9.255103e+18,9.255103e+18,9.255103e+18,9.255103e+18,9.255103e+18,9.255103e+18,9.255103e+18,9.255103e+18,9.255103e+18,9.255103e+18,9.255103e+18,9.255103e+18,9.255103e+18,9.255103e+18,9.255103e+18,9.255103e+18,9.255103e+18,9.255103e+18,9.255103e+18,9.255103e+18,9.255103e+18,9.255103e+18,9.255103e+18,9.255103e+18,9.255103e+18,9.255103e+18,9.255103e+18
Gd-161,3.233190e+13,1.665210e+12,3.954194e+10,3.536932e+08,9.236197e+05,5.106039e+02,3.984679e-02,2.633126e-07,7.734539e-14,4.480630e-22,-4.524187e-29,-1.953930e-29,1.323369e-29,-2.611750e-30,9.909133e-29,1.018852e-28,-4.274950e-29,-1.013627e-28,8.193272e-29,1.794614e-29,6.411015e-29,-8.979300e-29,-2.723278e-30,-7.032943e-29,-8.613481e-29,3.888864e-29,8.612244e-29,3.373903e-29,-2.358572e-30,2.264335e-29,7.169128e-29,9.966843e-29,9.108227e-29,5.523749e-29,9.359723e-30,-3.265911e-29,-6.361937e-29,-8.190554e-29,-8.913758e-29,-8.818568e-29,-8.196082e-29,-7.286056e-29,-6.262404e-29,-5.238993e-29,-4.282770e-29,-3.427455e-29,-2.685028e-29,-2.054317e-29,-1.526946e-29,-1.091205e-29,-7.344222e-30,-4.443171e-30,-2.096967e-30,-2.074357e-31,1.309332e-30,2.523750e-30,3.494125e-30,4.268268e-30,4.885087e-30,5.376068e-30
Gd-162,3.289076e+15,9.032403e+14,1.770208e+14,2.267219e+13,1.698186e+12,6.466743e+10,1.049315e+09,5.806843e+06,8.276338e+03,2.132152e+00,6.352662e-05,1.246543e-10,7.919448e-18,6.638426e-27,-2.576833e-30,1.437632e-29,4.048415e-30,-1.122201e-29,-1.534810e-29,-9.316540e-30,5.834840e-30,-1.016266e-30,-2.128685e-30,1.169523e-29,2.002960e-30,4.878255e-30,1.463930e-29,-4.214205e-30,-2.533842e-32,1.209202e-29,5.548127e-30,-7.793162e-30,-1.119167e-29,-4.567954e-30,3.508094e-30,6.912113e-30,4.795934e-30,-6.266949e-31,-6.699231e-30,-1.162991e-29,-1.468056e-29,-1.586007e-29,-1.555000e-29,-1.423328e-29,-1.234722e-29,-1.022709e-29,-8.100979e-30,-6.107243e-30,-4.317902e-30,-2.760243e-30,-1.433802e-30,-3.225264e-31,5.971173e-31,1.351073e-30,1.964748e-30,2.461455e-30,2.861739e-30,3.183222e-30,3.440726e-30,3.646550e-30
Gd-163,2.065667e+01,1.429073e-03,8.112638e-09,1.967587e-15,8.952254e-24,-2.116724e-30,-1.570442e-30,5.881434e-31,2.744177e-30,5.097357e-30,4.486070e-30,-3.428193e-31,-4.662733e-30,4.015054e-30,-4.449640e-31,2.540964e-30,-4.497238e-30,2.340420e-30,-2.534676e-30,-3.866621e-30,2.906734e-30,4.301962e-30,1.928116e-32,-2.464241e-30,-7.099885e-31,2.653986e-30,4.706136e-30,4.482761e-30,2.580138e-30,7.041894e-32,-2.195770e-30,-3.787562e-30,-4.617938e-30,-4.795431e-30,-4.501218e-30,-3.915411e-30,-3.184094e-30,-2.411429e-30,-1.664003e-30,-9.794133e-31,-3.749952e-31,1.449557e-31,5.838400e-31,9.490917e-31,1.249823e-30,1.495407e-30,1.694689e-30,1.855604e-30,1.985041e-30,2.088844e-30,2.171894e-30,2.238216e-30,2.291101e-30,2.333224e-30,2.366744e-30,2.393399e-30,2.414582e-30,2.431410e-30,2.444772e-30,2.455380e-30
Gd-164,4.107087e-08,2.124726e-14,2.512909e-22,-5.040628e-31,1.074157e-30,-9.608765e-31,-7.963447e-32,4.630266e-31,3.107816e-31,-6.428160e-31,-5.703301e-31,1.111637e-30,-1.166756e-30,9.065691e-31,-1.227589e-30,8.031863e-31,2.013665e-31,-9.881769e-31,5.263436e-31,1.217644e-30,4.859327e-32,-9.602213e-31,-7.180586e-31,2.231462e-31,9.650478e-31,1.099695e-30,7.143715e-31,9.407534e-32,-5.058937e-31,-9.419644e-31,-1.172835e-30,-1.219858e-30,-1.130573e-30,-9.554508e-31,-7.367426e-31,-5.051730e-31,-2.806734e-31,-7.465107e-32,1.075351e-31,2.644646e-31,3.970654e-31,5.075116e-31,5.985086e-31,6.728582e-31,7.332154e-31,7.819687e-31,8.211953e-31,8.526600e-31,8.778382e-31,8.979477e-31,9.139850e-31,9.267595e-31,9.369257e-31,9.450102e-31,9.514354e-31,9.565396e-31,9.605929e-31,9.638107e-31,9.663647e-31,9.683915e-31
Gd-165,2.138821e-31,1.685287e-31,3.289621e-31,3.336717e-31,-3.297478e-31,1.214394e-31,-5.313612e-32,8.184971e-32,-2.509724e-31,4.612345e-31,-2.372442e-31,-3.119636e-31,3.122144e-31,2.785048e-31,-2.248038e-31,-4.227470e-31,-1.639412e-31,2.260837e-31,4.490630e-31,4.267552e-31,2.352805e-31,-1.062051e-32,-2.251502e-31,-3.674755e-31,-4.316194e-31,-4.305587e-31,-3.837202e-31,-3.097519e-31,-2.234469e-31,-1.351436e-31,-5.129194e-32,2.460572e-32,9.107633e-32,1.479309e-31,1.957207e-31,2.353688e-31,2.679364e-31,2.944838e-31,3.159961e-31,3.333480e-31,3.472938e-31,3.584704e-31,3.674079e-31,3.745423e-31,3.802295e-31,3.847582e-31,3.883612e-31,3.912258e-31,3.935022e-31,3.953102e-31,3.967459e-31,3.978856e-31,3.987900e-31,3.995078e-31,4.000772e-31,4.005289e-31,4.008873e-31,4.011715e-31,4.013970e-31,4.015758e-31
Gd-166,-6.446178e-03,5.914998e-03,-1.599744e-05,-4.343657e-03,4.761080e-05,-5.888116e-05,-2.276807e-03,1.536205e-03,-1.886681e-04,-2.533106e-05,7.071738e-05,1.632062e-04,5.155705e-04,-3.527550e-05,6.596258e-05,-3.014466e-04,-2.023872e-05,9.855959e-05,8.249663e-05,7.328161e-05,-4.358853e-06,-5.619417e-05,1.320621e-05,1.405307e-06,4.701820e-06,-2.031151e-06,5.125729e-08,-1.294698e-09,-5.592668e-08,2.632747e-09,2.224950e-09,7.658387e-12,-9.389112e-14,-2.707999e-13,8.562491e-17,1.310999e-17,2.041035e-21,5.279921e-24,-7.997934e-28,2.133976e-29,1.171342e-31,1.034369e-31,1.045305e-31,1.054004e-31,1.060918e-31,1.066412e-31,1.070775e-31,1.074239e-31,1.076989e-31,1.079171e-31,1.080902e-31,1.082276e-31,1.083366e-31,1.084230e-31,1.084916e-31,1.085460e-31,1.085891e-31,1.086233e-31,1.086504e-31,1.086719e-31
Gd-167,-4.587322e-06,-8.255802e-07,-7.537672e-10,-9.951905e-09,1.710288e-11,1.381416e-13,2.144020e-14,-7.094315e-18,-2.985171e-21,3.557318e-24,9.932000e-09,3.088059e-05,5.517552e-08,2.663970e-08,-9.218109e-07,1.852820e-07,1.760429e-08,-2.020848e-09,-9.493068e-11,-2.059839e-12,-2.107253e-15,8.749356e-17,-5.088372e-20,-5.729884e-23,-1.769641e-26,-3.602949e-29,1.441751e-32,7.517341e-33,1.058398e-32,1.314778e-32,1.526613e-32,1.700075e-32,1.841132e-32,1.955222e-32,2.047113e-32,2.120882e-32,2.179950e-32,2.227151e-32,2.264808e-32,2.294814e-32,2.318699e-32,2.337697e-32,2.352798e-32,2.364796e-32,2.374324e-32,2.381889e-32,2.387894e-32,2.392660e-32,2.396441e-32,2.399441e-32,2.401820e-32,2.403708e-32,2.405205e-32,2.406393e-32,2.407335e-32,2.408082e-32,2.408674e-32,2.409144e-32,2.409517e-32,2.409812e-32
Gd-168,1.256727e-06,-2.385110e-07,5.205602e-08,3.909167e-09,1.454332e-12,1.845428e-13,-1.051096e-14,6.256501e-17,2.012414e-17,-8.201898e-21,8.553723e-24,-1.138174e-26,2.676712e-04,6.468876e-06,-6.478263e-05,1.597796e-05,-2.259166e-05,-4.307177e-05,-1.572331e-05,-3.909817e-06,-2.034938e-05,-2.557350e-05,8.017970e-06,-9.389535e-06,-1.042010e-05,2.271857e-06,1.206431e-06,1.533674e-07,-3.939172e-07,-2.449232e-06,2.238334e-06,2.166456e-06,5.247824e-08,-7.545410e-07,6.587157e-07,2.785061e-07,-1.222422e-06,-1.284483e-07,4.429763e-07,-3.625842e-08,-7.035765e-08,4.228981e-07,-1.900290e-07,-1.054576e-07,-7.014899e-08,1.989095e-08,-6.139595e-08,-1.554927e-08,6.305755e-08,-3.866964e-09,-1.176160e-08,-3.641853e-09,-1.747192e-08,-1.162939e-08,-7.311103e-09,-9.416948e-09,2.268851e-09,-3.015608e-09,-1.399754e-09,4.205962e-09
Gd-169,-1.069710e-10,3.454441e-09,-3.416392e-13,-1.840890e-14,-8.819232e-14,-2.597881e-16,-1.242234e-19,5.157057e-23,6.811661e-25,3.829426e-06,-1.789910e-08,-2.534759e-08,-7.993482e-06,1.237502e-05,-4.912102e-06,-3.686446e-06,1.131628e-07,2.466793e-06,-8.956213e-08,1.627683e-06,1.308093e-06,6.275992e-08,-3.944751e-08,-3.165525e-07,2.471652e-07,3.067518e-08,5.666857e-09,-6.173670e-08,1.072608e-09,5.431676e-10,2.695321e-11,9.224566e-11,6.119627e-10,-2.261342e-10,2.446404e-11,-3.196994e-14,6.244686e-15,-2.452157e-17,3.974755e-18,1.353692e-20,1.060683e-21,-2.160867e-25,8.786667e-28,-4.878999e-11,1.734252e-08,1.004347e-07,-1.396945e-07,-1.883819e-08,6.495299e-08,1.724592e-08,-4.283531e-08,2.488085e-08,-5.454919e-09,7.420832e-11,-8.987786e-10,-3.340547e-09,6.043970e-09,-8.776764e-09,2.272228e-09,-4.940172e-09
Tb-157,1.430390e+11,1.430389e+11,1.430389e+11,1.430388e+11,1.430387e+11,1.430386e+11,1.430385e+11,1.430383e+11,1.430381e+11,1.430378e+11,1.430375e+11,1.430371e+11,1.430366e+11,1.430359e+11,1.430350e+11,1.430340e+11,1.430326e+11,1.430309e+11,1.430288e+11,1.430261e+11,1.430227e+11,1.430184e+11,1.430129e+11,1.430061e+11,1.429975e+11,1.429866e+11,1.429729e+11,1.429556e+11,1.429338e+11,1.429064e+11,1.428717e+11,1.428281e+11,1.427730e+11,1.427037e+11,1.426162e+11,1.425060e+11,1.423672e+11,1.421923e+11,1.419721e+11,1.416949e+11,1.413461e+11,1.409075e+11,1.403564e+11,1.396644e+11,1.387967e+11,1.377101e+11,1.363521e+11,1.346586e+11,1.325530e+11,1.299447e+11,1.267286e+11,1.227862e+11,1.179891e+11,1.122061e+11,1.053159e+11,9.722705e+10,8.790646e+10,7.741589e+10,6.595277e+10,5.388514e+10
Tb-158,3.867584e+12,3.867583e+12,3.867583e+12,3.867582e+12,3.867581e+12,3.867580e+12,3.867579e+12,3.867577e+12,3.867575e+12,3.867572e+12,3.867568e+12,3.867564e+12,3.867558e+12,3.867551e+12,3.867542e+12,3.867530e+12,3.867516e+12,3.867498e+12,3.867475e+12,3.867446e+12,3.867410e+12,3.867364e+12,3.867306e+12,3.867233e+12,3.867141e+12,3.867025e+12,3.866879e+12,3.866695e+12,3.866462e+12,3.866169e+12,3.865800e+12,3.865334e+12,3.864746e+12,3.864005e+12,3.863071e+12,3.861894e+12,3.860409e+12,3.858538e+12,3.856180e+12,3.853208e+12,3.849464e+12,3.844748e+12,3.838809e+12,3.831333e+12,3.821926e+12,3.810096e+12,3.795231e+12,3.776568e+12,3.753164e+12,3.723858e+12,3.687228e+12,3.641549e+12,3.584753e+12,3.514393e+12,3.427632e+12,3.321271e+12,3.191839e+12,3.035787e+12,2.849831e+12,2.631486e+12
Tb-158m,3.233140e-06,4.713492e-06,2.735498e-06,-1.749423e-07,-5.894225e-08,-3.360888e-07,2.186476e-07,8.916690e-07,5.734314e-07,1.580619e-07,-7.304565e-09,2.490985e-07,-4.598190e-09,6.431232e-08,-5.256789e-08,1.147614e-07,2.626500e-07,4.218077e-08,-5.969061e-09,3.563355e-08,-5.291714e-08,1.175485e-07,-3.541494e-08,-5.745644e-09,-2.438585e-09,-9.863737e-09,1.327190e-08,-7.877684e-09,1.711601e-09,-2.413803e-09,-1.169748e-09,3.665545e-09,4.222733e-09,5.704367e-09,7.754261e-11,2.503271e-10,2.000151e-10,-2.084358e-09,8.224709e-10,7.252123e-10,-8.200060e-12,4.057703e-10,-2.279832e-10,-2.442899e-10,1.592201e-10,1.554219e-10,1.617498e-10,-1.184017e-13,3.433953e-11,5.751469e-11,-6.952747e-11,-3.726279e-11,3.275939e-12,-2.526250e-11,-1.388470e-11,6.822544e-12,-1.284186e-11,1.089033e-12,1.109204e-13,5.369318e-13
Tb-159,6.567955e+17,9.141055e+17,1.248332e+18,1.673969e+18,2.207576e+18,2.868769e+18,3.680678e+18,4.669325e+18,5.861857e+18,7.283682e+18,8.954288e+18,1.088138e+19,1.305333e+19,1.543073e+19,1.793894e+19,2.046527e+19,2.286566e+19,2.498502e+19,2.669138e+19,2.791496e+19,2.867366e+19,2.906578e+19,2.922714e+19,2.927709e+19,2.928793e+19,2.928944e+19,2.928956e+19,2.928957e+19,2.928957e+19,2.928957e+19,2.928957e+19,2.928957e+19,2.928957e+19,2.928957e+19,2.928957e+19,2.928957e+19,2.928957e+19,2.928957e+19,2.928957e+19,2.928957e+19,2.928957e+19,2.928957e+19,2.928957e+19,2.928957e+19,2.928957e+19,2.928957e+19,2.928957e+19,2.928957e+19,2.928957e+19,2.928957e+19,2.928957e+19,2.928957e+19,2.928957e+19,2.928957e+19,2.928957e+19,2.928957e+19,2.928957e+19,2.928957e+19,2.928957e+19,2.928957e+19
Tb-160,8.236696e+14,8.235837e+14,8.234754e+14,8.233389e+14,8.231668e+14,8.229498e+14,8.226762e+14,8.223313e+14,8.218966e+14,8.213488e+14,8.206585e+14,8.197888e+14,8.186935e+14,8.173143e+14,8.155784e+14,8.133946e+14,8.106491e+14,8.072002e+14,8.028720e+14,7.974470e+14,7.906581e+14,7.821795e+14,7.716172e+14,7.585009e+14,7.422783e+14,7.223147e+14,6.979038e+14,6.682934e+14,6.327382e+14,5.905861e+14,5.414109e+14,4.851938e+14,4.225473e+14,3.549468e+14,2.848971e+14,2.159191e+14,1.522182e+14,9.795159e+13,5.617989e+13,2.786952e+13,1.151350e+13,3.776328e+12,9.258866e+11,1.572837e+11,1.682091e+10,1.003687e+09,2.869332e+07,3.243249e+05,1.137644e+03,9.124527e-01,1.138462e-04,1.359544e-09,2.916408e-07,-2.584028e-03,-1.712252e-03,1.036659e-02,1.460848e-02,-4.676628e-03,-7.819836e-03,3.109387e-02
Tb-161,2.465513e+18,2.462853e+18,2.459467e+18,2.455201e+18,2.449833e+18,2.443079e+18,2.434590e+18,2.423926e+18,2.410546e+18,2.393778e+18,2.372799e+18,2.346606e+18,2.313987e+18,2.273500e+18,2.223453e+18,2.161910e+18,2.086724e+18,1.995629e+18,1.886403e+18,1.757148e+18,1.606703e+18,1.435211e+18,1.244802e+18,1.040277e+18,8.295651e+17,6.235809e+17,4.350894e+17,2.763513e+17,1.559161e+17,7.575931e+16,3.049018e+16,9.676201e+15,2.275821e+15,3.668567e+14,3.672413e+13,2.016022e+12,5.188263e+10,5.136277e+08,1.524309e+06,9.902033e+02,9.470694e-02,8.088537e-07,3.283401e-13,2.860172e-21,-5.134863e-29,3.210591e-29,-6.784554e-29,1.439696e-30,1.736985e-29,-2.522393e-31,-6.255861e-29,-8.880151e-29,8.944480e-30,-9.370241e-29,-1.654888e-30,-1.058774e-28,-4.579083e-30,-5.301996e-29,-1.058263e-28,-2.855905e-29
Tb-162,1.267136e+16,4.128590e+15,9.466896e+14,1.395611e+14,1.180934e+13,4.976252e+11,8.741195e+09,5.123486e+07,7.581514e+04,1.995212e+01,6.004854e-04,1.182731e-09,7.521827e-17,6.316460e-26,-1.460148e-28,1.758569e-28,1.212612e-30,-1.437514e-28,-1.213002e-28,3.708585e-29,1.581433e-28,-1.072178e-28,4.244247e-29,-3.137977e-29,5.861209e-29,-9.098666e-29,7.363102e-29,1.219334e-29,-6.950405e-29,1.623498e-31,5.433669e-29,2.488889e-29,-2.346244e-29,-3.911458e-29,-2.351428e-29,9.593209e-31,1.822714e-29,2.404015e-29,2.116012e-29,1.408161e-29,6.327986e-30,-1.689541e-31,-4.740259e-30,-7.451197e-30,-8.682004e-30,-8.876791e-30,-8.424682e-30,-7.621280e-30,-6.670290e-30,-5.700707e-30,-4.786912e-30,-3.966266e-30,-3.252617e-30,-2.645878e-30,-2.138419e-30,-1.719127e-30,-1.375851e-30,-1.096772e-30,-8.711063e-31,-6.893926e-31
Tb-163,2.227865e+16,1.276764e+16,6.327341e+15,2.610637e+15,8.548937e+14,2.091807e+14,3.544374e+13,3.778401e+12,2.245406e+11,6.386391e+09,7.172214e+07,2.495435e+05,1.981047e+02,2.439970e-02,2.866648e-07,1.739736e-13,2.516498e-21,-3.087521e-30,5.286413e-30,5.858209e-33,-4.444324e-30,-2.504259e-30,1.392682e-30,5.124636e-31,3.061097e-31,2.548837e-30,-8.211773e-30,3.388270e-32,-6.599082e-30,2.791500e-30,3.107569e-30,-6.204525e-31,5.437864e-30,8.445086e-30,3.799272e-30,-8.494434e-31,-8.992750e-31,1.848455e-30,4.010268e-30,3.965581e-30,1.992677e-30,-8.391265e-31,-3.551592e-30,-5.588033e-30,-6.786011e-30,-7.227821e-30,-7.099793e-30,-6.601458e-30,-5.901373e-30,-5.123582e-30,-4.350001e-30,-3.628992e-30,-2.984882e-30,-2.426157e-30,-1.951675e-30,-1.555012e-30,-1.227301e-30,-9.589864e-31,-7.408208e-31,-5.643823e-31
Tb-164,6.771793e+10,1.816126e+09,1.893932e+07,6.001754e+04,4.235019e+01,4.495896e-03,4.379590e-08,2.098597e-14,2.253428e-22,6.201796e-32,2.457775e-30,-3.095862e-30,1.607441e-30,-3.394419e-31,2.142593e-30,-2.093299e-30,-1.309462e-30,3.054474e-30,-1.977625e-30,3.251608e-32,-1.495761e-30,2.669209e-30,1.208985e-30,-1.780244e-30,-6.478618e-31,4.476160e-32,-1.158706e-30,-1.734001e-30,-5.319172e-31,1.426839e-30,2.806218e-30,3.067803e-30,2.409691e-30,1.307877e-30,1.805869e-31,-7.295706e-31,-1.339405e-30,-1.665291e-30,-1.768125e-30,-1.717730e-30,-1.575129e-30,-1.386537e-30,-1.183537e-30,-9.857688e-31,-8.041321e-31,-6.436262e-31,-5.055415e-31,-3.890176e-31,-2.920815e-31,-2.123016e-31,-1.471766e-31,-9.434820e-32,-5.170286e-32,-1.740817e-32,1.008936e-32,3.208568e-32,4.964922e-32,6.365311e-32,7.480610e-32,8.368063e-32
Tb-165,7.929073e+07,4.621470e+05,7.032038e+02,1.967334e-01,6.504024e-06,1.455089e-11,1.090689e-18,1.128093e-27,2.686809e-31,-1.810515e-31,5.252974e-31,-8.339109e-32,-8.225831e-31,-3.590609e-31,8.751184e-31,3.099816e-31,-3.136787e-32,1.071354e-31,-6.564929e-31,-5.992726e-31,3.457754e-31,-4.933163e-31,-1.943163e-33,1.009582e-30,7.940572e-31,2.352061e-32,-2.132483e-31,1.502281e-31,6.053763e-31,7.710640e-31,5.903685e-31,2.007568e-31,-2.296178e-31,-5.858674e-31,-8.196659e-31,-9.305081e-31,-9.421228e-31,-8.851598e-31,-7.876893e-31,-6.714706e-31,-5.515172e-31,-4.371359e-31,-3.333793e-31,-2.424009e-31,-1.645302e-31,-9.904821e-32,-4.470859e-32,-6.644201e-35,3.632710e-32,6.581983e-32,8.960976e-32,1.087303e-31,1.240543e-31,1.363085e-31,1.460905e-31,1.538883e-31,1.600977e-31,1.650379e-31,1.689657e-31,1.720868e-31
Tb-166,2.532252e-03,-1.452447e-03,-4.428670e-05,-4.360305e-03,1.579525e-04,-2.149339e-04,-6.258163e-03,4.630341e-03,-8.278787e-04,-1.133348e-04,3.326986e-04,7.852642e-04,2.317338e-03,-1.756844e-04,3.312633e-04,-1.472469e-03,-1.030794e-04,4.943071e-04,4.177673e-04,3.740814e-04,-2.255208e-05,-2.889733e-04,6.808892e-05,7.311742e-06,2.438293e-05,-1.055425e-05,2.673628e-07,-6.726782e-09,-2.914735e-07,1.375137e-08,1.161035e-08,3.993997e-11,-4.907024e-13,-1.414585e-12,4.475135e-16,6.849367e-17,1.068980e-20,2.755468e-23,-4.151202e-27,1.108571e-28,1.157942e-31,4.969476e-32,5.989512e-32,6.813002e-32,7.475285e-32,8.006337e-32,8.431167e-32,8.770399e-32,9.040887e-32,9.256315e-32,9.427737e-32,9.564045e-32,9.672370e-32,9.758419e-32,9.826748e-32,9.880991e-32,9.924042e-32,9.958205e-32,9.985311e-32,1.000681e-31
Tb-167,1.611131e-06,8.363116e-08,-2.649391e-09,-1.983942e-08,7.850943e-11,6.801394e-13,8.691217e-14,-1.355935e-17,-3.255038e-20,6.535335e-24,3.392482e-08,1.784151e-04,-8.401880e-07,2.036537e-07,-5.586726e-06,1.140102e-06,1.092263e-07,-1.268733e-08,-5.990512e-10,-1.306289e-11,-1.310672e-14,5.590972e-16,-3.161980e-19,-3.515322e-22,-1.108949e-25,-2.238646e-28,-4.506576e-32,-1.254690e-31,-1.235475e-31,-1.103952e-31,-9.083085e-32,-6.854570e-32,-4.605349e-32,-2.488431e-32,-5.841941e-33,1.075995e-32,2.491228e-32,3.677777e-32,4.660251e-32,5.466043e-32,6.122110e-32,6.653253e-32,7.081366e-32,7.425246e-32,7.700719e-32,7.920925e-32,8.096657e-32,8.236712e-32,8.348217e-32,8.436918e-32,8.507434e-32,8.563463e-32,8.607964e-32,8.643296e-32,8.671343e-32,8.693601e-32,8.711262e-32,8.725275e-32,8.736391e-32,8.745209e-32
Tb-168,1.555267e-05,-3.478397e-06,8.995715e-07,6.996162e-08,7.708018e-11,9.013643e-13,-2.623281e-13,1.609560e-15,4.858303e-16,-1.944606e-19,1.464598e-22,-1.936450e-25,7.003023e-03,1.691173e-04,-1.725341e-03,4.448876e-04,-6.075054e-04,-1.167102e-03,-4.292190e-04,-1.039008e-04,-5.542250e-04,-6.952762e-04,2.173865e-04,-2.556898e-04,-2.842959e-04,6.196959e-05,3.289961e-05,4.247787e-06,-1.077643e-05,-6.692260e-05,6.115765e-05,5.918963e-05,1.445883e-06,-2.062224e-05,1.799614e-05,7.609239e-06,-3.340954e-05,-3.510807e-06,1.210664e-05,-9.906993e-07,-1.922912e-06,1.155867e-05,-5.193967e-06,-2.882409e-06,-1.917357e-06,5.436719e-07,-1.678132e-06,-4.250058e-07,1.723564e-06,-1.057006e-07,-3.214826e-07,-9.954332e-08,-4.775648e-07,-3.178688e-07,-1.998366e-07,-2.573962e-07,6.201513e-08,-8.242662e-08,-3.825992e-08,1.149629e-07
Tb-169,-1.116107e-10,5.985495e-09,-1.145189e-12,-1.271445e-13,-1.642853e-13,-4.988639e-16,-2.332356e-19,7.944943e-23,1.087452e-24,7.405952e-06,-3.463890e-08,-4.455334e-08,-1.582439e-05,2.454617e-05,-9.760251e-06,-7.332870e-06,2.260753e-07,4.917405e-06,-1.789649e-07,3.248795e-06,2.612002e-06,1.254455e-07,-7.885864e-08,-6.325871e-07,4.940082e-07,6.133555e-08,1.133153e-08,-1.234330e-07,2.145014e-09,1.086248e-09,5.389020e-11,1.844799e-10,1.223802e-09,-4.522306e-10,4.892497e-11,-6.393839e-14,1.248985e-14,-4.904198e-17,7.949428e-18,2.707424e-20,2.121356e-21,-4.321471e-25,1.757212e-27,-9.757694e-11,3.468539e-08,2.008682e-07,-2.793883e-07,-3.767629e-08,1.299056e-07,3.449172e-08,-8.567048e-08,4.976163e-08,-1.090982e-08,1.484139e-10,-1.797556e-09,-6.681092e-09,1.208794e-08,-1.755352e-08,4.544454e-09,-9.880341e-09
Tb-170,-7.767285e-11,2.977983e-14,2.464041e-14,3.557128e-17,-2.249132e-20,-2.991302e-24,3.000633e-26,-1.126865e-30,2.806988e-33,-1.153458e-34,-1.326864e-34,-2.098595e-35,9.827758e-35,1.465207e-34,1.178279e-34,4.526298e-35,-3.447882e-35,-9.758589e-35,-1.347753e-34,-1.467288e-34,-1.389335e-34,-1.180543e-34,-9.001700e-35,-5.930595e-35,-2.893241e-35,-6.915935e-37,2.451078e-35,4.636322e-35,6.491868e-35,8.043131e-35,9.324844e-35,1.037436e-34,1.122781e-34,1.191809e-34,1.247405e-34,1.292037e-34,1.327775e-34,1.356332e-34,1.379116e-34,1.397270e-34,1.411721e-34,1.423214e-34,1.432351e-34,1.439610e-34,1.445375e-34,1.449952e-34,1.453585e-34,1.456468e-34,1.458755e-34,1.460570e-34,1.462010e-34,1.463152e-34,1.464058e-34,1.464777e-34,1.465346e-34,1.465798e-34,1.466157e-34,1.466441e-34,1.466666e-34,1.466845e-34
Tb-171,-1.089901e-24,-1.395834e-09,2.125782e-06,1.139430e-07,1.489404e-09,-1.309683e-06,2.712336e-09,3.970036e-08,1.822113e-08,-4.182259e-07,3.262885e-08,-1.361987e-07,1.219852e-07,-4.726754e-08,-2.014477e-08,-1.254828e-09,3.850063e-10,1.327492e-09,-4.299393e-10,7.682576e-12,-1.001532e-11,6.729464e-14,-4.560680e-14,-5.703536e-16,-1.673423e-19,5.518774e-21,-6.841135e-24,-9.573009e-27,-3.254253e-29,3.659381e-13,-8.134209e-09,6.416496e-09,-9.258560e-11,-1.754871e-09,3.133260e-09,1.721311e-10,3.886382e-10,7.889179e-10,-5.898584e-10,-6.393795e-11,-2.299950e-11,-3.299379e-10,5.377124e-11,-6.721174e-12,1.072643e-11,-9.065189e-12,-2.614257e-11,-1.283646e-12,-9.328727e-13,2.442910e-12,-1.084962e-12,-5.637993e-15,3.191835e-16,-9.048079e-15,1.973685e-17,4.315453e-17,2.117799e-20,5.005777e-22,8.188342e-24,3.781696e-26
Dy-158,2.819120e+05,3.555310e+05,4.483667e+05,5.654354e+05,7.130625e+05,8.992246e+05,1.133981e+06,1.430015e+06,1.803323e+06,2.274075e+06,2.867707e+06,3.616294e+06,4.560284e+06,5.750681e+06,7.251805e+06,9.144762e+06,1.153183e+07,1.454198e+07,1.833785e+07,2.312453e+07,2.916062e+07,3.677224e+07,4.637058e+07,5.847418e+07,7.373686e+07,9.298303e+07,1.172522e+08,1.478551e+08,1.864441e+08,2.351028e+08,2.964575e+08,3.738194e+08,4.713617e+08,5.943443e+08,7.493955e+08,9.448663e+08,1.191276e+09,1.501871e+09,1.893326e+09,2.386621e+09,3.008140e+09,3.791032e+09,4.776916e+09,6.017975e+09,7.579542e+09,9.543260e+09,1.201090e+10,1.510896e+10,1.899399e+10,2.385882e+10,2.993941e+10,3.752201e+10,4.695014e+10,5.862994e+10,7.303226e+10,9.068823e+10,1.121740e+11,1.380786e+11,1.689473e+11,2.051925e+11
Dy-160,3.850878e+11,4.709687e+11,5.792544e+11,7.157857e+11,8.879234e+11,1.104943e+12,1.378530e+12,1.723401e+12,2.158088e+12,2.705914e+12,3.396218e+12,4.265885e+12,5.361249e+12,6.740448e+12,8.476348e+12,1.066012e+13,1.340558e+13,1.685448e+13,2.118274e+13,2.660774e+13,3.339660e+13,4.187521e+13,5.243751e+13,6.555379e+13,8.177644e+13,1.017400e+14,1.261509e+14,1.557613e+14,1.913165e+14,2.334686e+14,2.826438e+14,3.388609e+14,4.015074e+14,4.691079e+14,5.391576e+14,6.081356e+14,6.718365e+14,7.261031e+14,7.678748e+14,7.961852e+14,8.125412e+14,8.202784e+14,8.231288e+14,8.238974e+14,8.240379e+14,8.240537e+14,8.240547e+14,8.240547e+14,8.240547e+14,8.240547e+14,8.240547e+14,8.240547e+14,8.240547e+14,8.240547e+14,8.240547e+14,8.240547e+14,8.240547e+14,8.240547e+14,8.240547e+14,8.240547e+14
Dy-161,9.322279e+15,1.201228e+16,1.540028e+16,1.966601e+16,2.503468e+16,3.178799e+16,4.027760e+16,5.094120e+16,6.432176e+16,8.108979e+16,1.020686e+17,1.282616e+17,1.608800e+17,2.013671e+17,2.514143e+17,3.129577e+17,3.881432e+17,4.792380e+17,5.884639e+17,7.177194e+17,8.681647e+17,1.039656e+18,1.230065e+18,1.434590e+18,1.645302e+18,1.851286e+18,2.039778e+18,2.198516e+18,2.318951e+18,2.399108e+18,2.444377e+18,2.465191e+18,2.472592e+18,2.474501e+18,2.474831e+18,2.474865e+18,2.474867e+18,2.474867e+18,2.474867e+18,2.474867e+18,2.474867e+18,2.474867e+18,2.474867e+18,2.474867e+18,2.474867e+18,2.474867e+18,2.474867e+18,2.474867e+18,2.474867e+18,2.474867e+18,2.474867e+18,2.474867e+18,2.474867e+18,2.474867e+18,2.474867e+18,2.474867e+18,2.474867e+18,2.474867e+18,2.474867e+18,2.474867e+18
Dy-162,4.442650e+17,4.551936e+17,4.591017e+17,4.600632e+17,4.602119e+17,4.602248e+17,4.602254e+17,4.602254e+17,4.602254e+17,4.602254e+17,4.602254e+17,4.602254e+17,4.602254e+17,4.602254e+17,4.602254e+17,4.602254e+17,4.602254e+17,4.602254e+17,4.602254e+17,4.602254e+17,4.602254e+17,4.602254e+17,4.602254e+17,4.602254e+17,4.602254e+17,4.602254e+17,4.602254e+17,4.602254e+17,4.602254e+17,4.602254e+17,4.602254e+17,4.602254e+17,4.602254e+17,4.602254e+17,4.602254e+17,4.602254e+17,4.602254e+17,4.602254e+17,4.602254e+17,4.602254e+17,4.602254e+17,4.602254e+17,4.602254e+17,4.602254e+17,4.602254e+17,4.602254e+17,4.602254e+17,4.602254e+17,4.602254e+17,4.602254e+17,4.602254e+17,4.602254e+17,4.602254e+17,4.602254e+17,4.602254e+17,4.602254e+17,4.602254e+17,4.602254e+17,4.602254e+17,4.602254e+17
Dy-163,1.547771e+17,1.642881e+17,1.707284e+17,1.744451e+17,1.762009e+17,1.768466e+17,1.770203e+17,1.770520e+17,1.770555e+17,1.770557e+17,1.770558e+17,1.770558e+17,1.770558e+17,1.770558e+17,1.770558e+17,1.770558e+17,1.770558e+17,1.770558e+17,1.770558e+17,1.770558e+17,1.770558e+17,1.770558e+17,1.770558e+17,1.770558e+17,1.770558e+17,1.770558e+17,1.770558e+17,1.770558e+17,1.770558e+17,1.770558e+17,1.770558e+17,1.770558e+17,1.770558e+17,1.770558e+17,1.770558e+17,1.770558e+17,1.770558e+17,1.770558e+17,1.770558e+17,1.770558e+17,1.770558e+17,1.770558e+17,1.770558e+17,1.770558e+17,1.770558e+17,1.770558e+17,1.770558e+17,1.770558e+17,1.770558e+17,1.770558e+17,1.770558e+17,1.770558e+17,1.770558e+17,1.770558e+17,1.770558e+17,1.770558e+17,1.770558e+17,1.770558e+17,1.770558e+17,1.770558e+17
Dy-164,5.460210e+16,5.460216e+16,5.460217e+16,5.460217e+16,5.460217e+16,5.460217e+16,5.460217e+16,5.460217e+16,5.460217e+16,5.460217e+16,5.460217e+16,5.460217e+16,5.460217e+16,5.460217e+16,5.460217e+16,5.460217e+16,5.460217e+16,5.460217e+16,5.460217e+16,5.460217e+16,5.460217e+16,5.460217e+16,5.460217e+16,5.460217e+16,5.460217e+16,5.460217e+16,5.460217e+16,5.460217e+16,5.460217e+16,5.460217e+16,5.460217e+16,5.460217e+16,5.460217e+16,5.460217e+16,5.460217e+16,5.460217e+16,5.460217e+16,5.460217e+16,5.460217e+16,5.460217e+16,5.460217e+16,5.460217e+16,5.460217e+16,5.460217e+16,5.460217e+16,5.460217e+16,5.460217e+16,5.460217e+16,5.460217e+16,5.460217e+16,5.460217e+16,5.460217e+16,5.460217e+16,5.460217e+16,5.460217e+16,5.460217e+16,5.460217e+16,5.460217e+16,5.460217e+16,5.460217e+16
Dy-165,2.083730e+16,1.928301e+16,1.748720e+16,1.545908e+16,1.323343e+16,1.087774e+16,8.495378e+15,6.220187e+15,4.198422e+15,2.557445e+15,1.368775e+15,6.222933e+14,2.303020e+14,6.575281e+13,1.353413e+13,1.843969e+12,1.493170e+11,6.273541e+09,1.152346e+08,7.456304e+05,1.294356e+03,4.275808e-01,1.743121e-05,5.079204e-11,5.312799e-18,8.370490e-27,1.090922e-30,-6.260912e-32,1.689962e-31,-6.977081e-31,-7.181558e-31,3.865631e-33,7.410781e-31,6.516934e-32,5.810217e-31,8.399063e-31,6.219259e-31,2.906947e-31,1.063033e-30,-1.184777e-31,-1.540347e-31,6.061846e-31,3.182576e-31,-5.375103e-31,-8.661160e-31,-5.373241e-31,-4.762703e-32,1.928592e-31,9.491076e-32,-2.224850e-31,-5.966227e-31,-9.111362e-31,-1.114115e-30,-1.201713e-30,-1.195244e-30,-1.123808e-30,-1.014529e-30,-8.885783e-31,-7.605823e-31,-6.395651e-31
Dy-165m,2.840994e-01,5.043546e-05,9.396087e-10,1.019861e-15,3.070755e-23,1.127426e-32,-9.328793e-34,8.026365e-34,-1.476753e-33,-1.178293e-33,-1.263419e-33,-1.421894e-33,4.773470e-34,9.329351e-34,-1.381478e-33,1.419114e-33,-1.209413e-33,4.562011e-34,8.537319e-34,-1.470334e-33,-2.488780e-35,1.499668e-33,3.190059e-34,-1.276475e-33,-1.284971e-33,-8.046420e-35,1.090485e-33,1.500124e-33,1.145559e-33,3.815737e-34,-4.252116e-34,-1.046708e-33,-1.400364e-33,-1.500066e-33,-1.404402e-33,-1.181388e-33,-8.903418e-34,-5.755845e-34,-2.665543e-34,1.942630e-35,2.738112e-34,4.938700e-34,6.804068e-34,8.361531e-34,9.647103e-34,1.069899e-33,1.155386e-33,1.224497e-33,1.280141e-33,1.324799e-33,1.360549e-33,1.389112e-33,1.411897e-33,1.430050e-33,1.444498e-33,1.455990e-33,1.465124e-33,1.472381e-33,1.478143e-33,1.482719e-33
Dy-166,1.042373e+16,1.040064e+16,1.037160e+16,1.033510e+16,1.028925e+16,1.023172e+16,1.015963e+16,1.006945e+16,9.956864e+15,9.816687e+15,9.642729e+15,9.427751e+15,9.163477e+15,8.840755e+15,8.449945e+15,7.981655e+15,7.427946e+15,6.784128e+15,6.051198e+15,5.238751e+15,4.367875e+15,3.472981e+15,2.601024e+15,1.806391e+15,1.140643e+15,6.388074e+14,3.075162e+14,1.223175e+14,3.824704e+13,8.829084e+12,1.390081e+12,1.350797e+11,7.142660e+09,1.753335e+08,1.635358e+06,4.501981e+03,2.660131e+00,2.257701e-04,1.658497e-09,5.567333e-16,3.816394e-24,-3.834966e-31,-9.924872e-32,-3.195992e-31,1.941261e-33,4.485020e-32,5.181441e-33,-2.340149e-31,-4.210099e-31,1.259997e-32,-3.726558e-31,-2.599898e-32,-4.341690e-31,6.736056e-33,-2.369107e-31,-4.233785e-31,-8.428535e-32,7.255521e-34,-2.660849e-31,-4.450699e-31
Dy-167,9.065740e+12,1.573882e+12,1.729998e+11,1.068588e+10,3.191011e+08,3.810712e+06,1.432661e+04,1.254061e+01,1.747068e-03,2.397542e-08,-4.821067e-08,1.597208e-04,-4.257490e-05,2.609130e-06,-1.685981e-05,6.032077e-06,7.750076e-07,-1.237633e-07,-6.711015e-09,-1.636520e-10,-1.233310e-13,8.354979e-15,-2.574470e-18,-2.382095e-21,-1.110439e-24,-1.909238e-27,5.953151e-31,1.541119e-31,2.847942e-31,1.123083e-31,-7.390939e-32,-7.784297e-32,3.810954e-32,1.377081e-31,1.509998e-31,8.524264e-32,-1.816573e-32,-1.198411e-31,-1.966870e-31,-2.414066e-31,-2.567238e-31,-2.497507e-31,-2.282864e-31,-1.989828e-31,-1.667575e-31,-1.348629e-31,-1.052161e-31,-7.877457e-32,-5.586233e-32,-3.641853e-32,-2.017166e-32,-6.753724e-33,4.229459e-33,1.315813e-32,2.037804e-32,2.619201e-32,3.085864e-32,3.459481e-32,3.758005e-32,3.996153e-32
Dy-168,1.368406e+13,3.929149e+12,8.145645e+11,1.119880e+11,9.172212e+09,3.909451e+08,7.312279e+06,4.840757e+04,8.648740e+01,2.962730e-02,1.264427e-06,3.903435e-12,2.236643e-02,-1.907540e-04,-8.316052e-03,1.821144e-02,-9.658662e-03,-3.483487e-02,-2.054224e-02,1.479675e-03,-2.668329e-02,-3.054270e-02,7.657993e-03,-1.266687e-02,-1.599968e-02,3.445470e-03,1.799249e-03,4.798913e-04,-7.201831e-04,-4.164213e-03,3.797502e-03,3.659834e-03,1.375130e-04,-1.304975e-03,1.110428e-03,4.712719e-04,-2.113337e-03,-2.230220e-04,7.651145e-04,-6.159585e-05,-1.216135e-04,7.336151e-04,-3.299920e-04,-1.830864e-04,-1.218610e-04,3.455211e-05,-1.067296e-04,-2.702433e-05,1.096815e-04,-6.743103e-06,-2.046079e-05,-6.334116e-06,-3.039684e-05,-2.022991e-05,-1.272039e-05,-1.638403e-05,3.947301e-06,-5.247127e-06,-2.435410e-06,7.318084e-06
Dy-169,1.372334e-10,2.012319e-11,-3.361398e-11,-3.516159e-12,-3.366181e-13,-2.552409e-15,-1.303751e-18,2.417841e-22,-1.507711e-24,6.631353e-05,-2.641186e-07,1.021097e-06,-2.499987e-04,4.044766e-04,-1.668316e-04,-1.282220e-04,4.303934e-06,8.984255e-05,-3.426533e-06,6.087855e-05,4.935650e-05,2.417675e-06,-1.523791e-06,-1.213939e-05,9.511058e-06,1.190394e-06,2.201322e-07,-2.391608e-06,4.175074e-08,2.114863e-08,1.044718e-09,3.593000e-09,2.381718e-08,-8.804147e-09,9.528550e-10,-1.246230e-12,2.437333e-13,-9.558778e-16,1.549823e-16,5.281006e-19,4.136258e-20,-8.416879e-24,3.421855e-26,-1.901592e-09,6.764973e-07,3.916466e-06,-5.447824e-06,-7.346499e-07,2.533025e-06,6.725373e-07,-1.670523e-06,9.703219e-07,-2.127362e-07,2.893038e-09,-3.505178e-08,-1.302804e-07,2.357131e-07,-3.422918e-07,8.861641e-08,-1.926657e-07
Dy-170,-1.213409e-11,5.015652e-13,9.165710e-15,3.463352e-17,-8.776482e-20,1.845500e-23,-3.223722e-26,8.855401e-31,-1.082878e-33,1.542099e-33,-2.156502e-33,2.417607e-33,-2.102054e-33,4.804718e-34,1.463649e-33,-2.577882e-33,-1.134871e-34,2.709545e-33,7.875725e-34,-2.013799e-33,-2.112561e-33,-6.891919e-35,1.957419e-33,2.672643e-33,2.049801e-33,7.003547e-34,-7.336078e-34,-1.848524e-33,-2.495543e-33,-2.696045e-33,-2.551148e-33,-2.179530e-33,-1.685235e-33,-1.146321e-33,-6.148603e-34,-1.216831e-34,3.178153e-34,6.984995e-34,1.021495e-33,1.291362e-33,1.514233e-33,1.696664e-33,1.844971e-33,1.964898e-33,2.061473e-33,2.138991e-33,2.201054e-33,2.250644e-33,2.290205e-33,2.321725e-33,2.346815e-33,2.366770e-33,2.382632e-33,2.395234e-33,2.405242e-33,2.413188e-33,2.419495e-33,2.424500e-33,2.428471e-33,2.431622e-33
Dy-171,-1.785085e-24,-3.934576e-09,2.019347e-05,5.075277e-07,2.960052e-08,-1.355187e-05,2.973718e-08,4.728684e-07,2.146066e-07,-4.671847e-06,3.845744e-07,-1.564746e-06,1.417613e-06,-5.527590e-07,-2.370303e-07,-1.495793e-08,4.593561e-09,1.577847e-08,-5.115844e-09,9.191867e-11,-1.196130e-10,8.060058e-13,-5.455473e-13,-6.827104e-15,-1.980515e-18,6.591667e-20,-8.177520e-23,-1.138399e-25,-3.879649e-28,4.381482e-12,-9.756975e-08,7.697156e-08,-1.111207e-09,-2.105302e-08,3.759225e-08,2.065488e-09,4.663476e-09,9.466139e-09,-7.077760e-09,-7.672362e-10,-2.759883e-10,-3.959112e-09,6.452459e-10,-8.065327e-11,1.287160e-10,-1.087815e-10,-3.137073e-10,-1.540368e-11,-1.119443e-11,2.931473e-11,-1.301948e-11,-6.765589e-14,3.830197e-15,-1.085767e-13,2.368420e-16,5.178536e-16,2.541346e-19,6.006918e-21,9.825996e-23,4.538031e-25
Dy-172,2.710019e-08,-8.500836e-06,-5.679422e-06,2.075302e-07,-3.944702e-07,3.289835e-06,-5.198387e-07,2.317961e-07,-1.781809e-06,-9.307177e-08,-8.609812e-08,1.056514e-06,-1.170881e-07,-4.719032e-08,1.382918e-08,-3.831380e-07,1.152597e-09,3.374906e-08,-9.674745e-08,2.452009e-08,-2.611348e-08,2.404194e-08,-8.537111e-09,2.881697e-10,-1.231490e-09,6.042192e-10,2.027530e-11,1.182790e-12,2.135082e-13,1.748228e-14,2.139576e-14,2.594414e-16,-2.986998e-18,-1.064760e-20,-5.882365e-24,-4.104997e-27,-1.550205e-29,3.129845e-29,-4.619502e-08,-6.756104e-08,-5.013629e-09,1.412669e-08,-7.772288e-09,7.245545e-10,4.689778e-09,1.284587e-08,-4.520137e-10,1.351015e-09,-1.310391e-09,-1.276301e-09,-2.944855e-10,2.150168e-09,2.904771e-10,6.340817e-10,-1.280198e-09,-1.101527e-10,-3.377943e-10,3.016470e-11,1.266077e-10,5.963181e-10
Ho-165,6.768339e+15,8.322629e+15,1.011844e+16,1.214656e+16,1.437221e+16,1.672790e+16,1.911026e+16,2.138545e+16,2.340722e+16,2.504819e+16,2.623686e+16,2.698335e+16,2.737534e+16,2.753989e+16,2.759210e+16,2.760379e+16,2.760549e+16,2.760563e+16,2.760564e+16,2.760564e+16,2.760564e+16,2.760564e+16,2.760564e+16,2.760564e+16,2.760564e+16,2.760564e+16,2.760564e+16,2.760564e+16,2.760564e+16,2.760564e+16,2.760564e+16,2.760564e+16,2.760564e+16,2.760564e+16,2.760564e+16,2.760564e+16,2.760564e+16,2.760564e+16,2.760564e+16,2.760564e+16,2.760564e+16,2.760564e+16,2.760564e+16,2.760564e+16,2.760564e+16,2.760564e+16,2.760564e+16,2.760564e+16,2.760564e+16,2.760564e+16,2.760564e+16,2.760564e+16,2.760564e+16,2.760564e+16,2.760564e+16,2.760564e+16,2.760564e+16,2.760564e+16,2.760564e+16,2.760564e+16
Ho-166,8.806142e+13,1.104781e+14,1.384588e+14,1.732903e+14,2.165022e+14,2.698787e+14,3.354481e+14,4.154314e+14,5.121237e+14,6.276730e+14,7.637100e+14,9.207790e+14,1.097527e+15,1.289655e+15,1.488711e+15,1.681008e+15,1.847156e+15,1.963001e+15,2.002837e+15,1.945359e+15,1.781598e+15,1.522075e+15,1.198890e+15,8.593135e+14,5.518876e+14,3.113919e+14,1.502813e+14,5.981286e+13,1.870457e+13,4.317871e+12,6.798207e+11,6.606087e+10,3.493126e+09,8.574704e+07,7.997734e+05,2.201699e+03,1.300940e+00,1.104131e-04,8.110899e-10,2.722710e-16,1.866412e-24,-9.780308e-32,1.375388e-31,-3.083749e-32,-2.041949e-32,2.293003e-31,-1.813664e-32,9.495813e-32,-1.802931e-31,7.240609e-32,3.322230e-32,6.067282e-32,-2.250849e-31,1.031669e-31,9.406917e-32,-1.605050e-32,5.118229e-32,9.348947e-33,-1.424915e-31,-1.955365e-31
Ho-166m,2.730219e+12,2.730219e+12,2.730219e+12,2.730219e+12,2.730218e+12,2.730218e+12,2.730218e+12,2.730218e+12,2.730218e+12,2.730217e+12,2.730217e+12,2.730217e+12,2.730216e+12,2.730215e+12,2.730214e+12,2.730213e+12,2.730212e+12,2.730210e+12,2.730207e+12,2.730204e+12,2.730200e+12,2.730195e+12,2.730189e+12,2.730182e+12,2.730172e+12,2.730160e+12,2.730144e+12,2.730125e+12,2.730100e+12,2.730069e+12,2.730030e+12,2.729980e+12,2.729918e+12,2.729840e+12,2.729741e+12,2.729616e+12,2.729458e+12,2.729260e+12,2.729010e+12,2.728694e+12,2.728296e+12,2.727795e+12,2.727162e+12,2.726365e+12,2.725360e+12,2.724093e+12,2.722496e+12,2.720483e+12,2.717948e+12,2.714754e+12,2.710731e+12,2.705667e+12,2.699295e+12,2.691281e+12,2.681209e+12,2.668561e+12,2.652697e+12,2.632826e+12,2.607980e+12,2.576983e+12
Ho-167,5.929079e+15,5.600150e+15,5.204114e+15,4.742997e+15,4.219145e+15,3.640215e+15,3.022027e+15,2.389851e+15,1.777613e+15,1.223918e+15,7.644668e+14,4.222911e+14,1.997954e+14,7.775307e+13,2.365166e+13,5.273401e+12,7.946724e+11,7.307086e+10,3.603771e+09,8.102280e+07,6.764576e+05,1.619413e+03,8.023160e-01,5.452876e-05,3.026952e-10,7.136914e-17,3.133568e-25,-6.777093e-32,-2.844398e-31,1.598693e-32,3.221090e-31,2.851687e-31,1.566740e-31,-8.367465e-32,-3.389896e-31,-6.112959e-33,-1.045238e-31,1.527941e-31,-1.169095e-32,3.329345e-31,1.248704e-31,2.885237e-32,2.481355e-31,2.406064e-31,8.311579e-33,-1.349736e-31,-9.062944e-32,2.917831e-32,1.010611e-31,8.347273e-32,-1.677767e-34,-1.065205e-31,-2.012114e-31,-2.670328e-31,-3.008199e-31,-3.073489e-31,-2.942905e-31,-2.691956e-31,-2.381582e-31,-2.055081e-31
Ho-168,7.164802e+12,2.057450e+12,4.265406e+11,5.864172e+10,4.802962e+09,2.047156e+08,3.829022e+06,2.534827e+04,4.529970e+01,-3.901515e-04,1.109938e-02,-3.561354e-02,-1.098245e-02,-6.570718e-04,5.763573e-03,3.658686e-03,-3.685426e-04,-7.429599e-03,-6.092835e-03,1.310086e-03,-8.136749e-03,-8.934280e-03,1.941998e-03,-3.937899e-03,-5.251375e-03,1.125900e-03,5.840574e-04,1.890076e-04,-2.513961e-04,-1.419713e-03,1.293794e-03,1.245065e-03,5.258865e-05,-4.475616e-04,3.774870e-04,1.604200e-04,-7.247168e-04,-7.659198e-05,2.622949e-04,-2.099566e-05,-4.170192e-05,2.518685e-04,-1.133345e-04,-6.287512e-05,-4.185791e-05,1.186805e-05,-3.666910e-05,-9.284022e-06,3.769063e-05,-2.319153e-06,-7.031417e-06,-2.176582e-06,-1.044623e-05,-6.951968e-06,-4.371614e-06,-5.630662e-06,1.356543e-06,-1.803319e-06,-8.369784e-07,2.515032e-06
Ho-169,1.180726e+11,1.183799e+10,6.511348e+08,1.679843e+07,1.668190e+05,4.970194e+02,3.244684e-01,3.122757e-05,2.688076e-10,-3.555307e-04,2.223332e-06,1.067347e-05,-2.198406e-05,3.550021e-04,-3.020796e-04,-3.273592e-04,2.294132e-05,3.751472e-04,-2.070418e-05,3.217405e-04,2.802903e-04,1.596365e-05,-1.028870e-05,-7.813970e-05,6.278697e-05,8.338739e-06,1.553744e-06,-1.656838e-05,2.989715e-07,1.517806e-07,7.271817e-09,2.585962e-08,1.704823e-07,-6.317743e-08,6.857026e-09,-9.019515e-12,1.779270e-12,-6.917888e-15,1.123744e-15,3.842765e-18,3.001506e-19,-6.059575e-23,2.460107e-25,-1.374750e-08,4.919375e-06,2.841516e-05,-3.954648e-05,-5.332703e-06,1.838654e-05,4.880959e-06,-1.212783e-05,7.044454e-06,-1.544513e-06,2.095342e-08,-2.545005e-07,-9.459907e-07,1.711554e-06,-2.485468e-06,6.434683e-07,-1.398999e-06
Ho-170,4.415161e+07,8.644336e+05,6.062074e+03,1.164725e+01,4.372840e-03,2.094864e-07,7.481707e-13,1.011519e-19,2.202543e-28,1.741541e-33,-1.154970e-34,5.397627e-34,3.895096e-33,-1.559764e-34,5.081846e-34,6.115533e-33,-2.516457e-33,-2.496494e-33,-6.847262e-34,3.099684e-33,6.746051e-34,3.693199e-33,-4.322363e-33,-5.379498e-33,3.798669e-34,1.490485e-33,-9.671826e-34,-1.261026e-33,1.539336e-33,4.823952e-33,6.356983e-33,5.686104e-33,3.554575e-33,9.662695e-34,-1.343560e-33,-3.023322e-33,-4.014694e-33,-4.419433e-33,-4.395731e-33,-4.098144e-33,-3.651571e-33,-3.145558e-33,-2.638288e-33,-2.163805e-33,-1.739215e-33,-1.370621e-33,-1.057495e-33,-7.956922e-34,-5.793958e-34,-4.023085e-34,-2.583279e-34,-1.418929e-34,-4.812668e-35,2.713778e-35,8.739668e-35,1.355447e-34,1.739551e-34,2.045589e-34,2.289187e-34,2.482934e-34
Ho-170m,8.973122e-13,2.367717e-19,1.198119e-27,-1.646379e-34,-1.207722e-34,-2.450619e-35,3.177047e-34,3.132805e-34,3.162251e-34,5.547872e-35,-3.219245e-34,2.480335e-34,-1.730044e-34,1.977627e-34,-2.885394e-34,3.097021e-34,-8.258385e-35,-2.724970e-34,1.991994e-34,2.707695e-34,-1.028205e-34,-3.220908e-34,-1.830514e-34,1.032181e-34,2.949378e-34,3.070916e-34,1.828037e-34,6.233290e-36,-1.545991e-34,-2.647145e-34,-3.166030e-34,-3.185082e-34,-2.845942e-34,-2.290113e-34,-1.632276e-34,-9.538065e-35,-3.061894e-35,2.821243e-35,7.987252e-35,1.241462e-34,1.614165e-34,1.923727e-34,2.178231e-34,2.385833e-34,2.554151e-34,2.689975e-34,2.799172e-34,2.886710e-34,2.956725e-34,3.012623e-34,3.057189e-34,3.092680e-34,3.120919e-34,3.143372e-34,3.161215e-34,3.175388e-34,3.186642e-34,3.195576e-34,3.202666e-34,3.208293e-34
Ho-171,2.415947e-07,-2.518828e-09,3.123608e-05,-4.895851e-06,1.769437e-07,-1.003095e-05,1.110072e-07,2.641170e-06,1.308288e-06,-1.918198e-05,2.704232e-06,-8.989411e-06,9.198292e-06,-3.826636e-06,-1.743585e-06,-1.237697e-07,3.842593e-08,1.278180e-07,-4.187381e-08,7.903170e-10,-1.012493e-09,6.999038e-12,-4.684720e-12,-5.897687e-14,-1.539812e-17,5.586679e-19,-6.982892e-22,-9.273931e-25,-3.233806e-27,3.794704e-11,-8.586881e-07,6.778576e-07,-9.829585e-09,-1.855452e-07,3.315292e-07,1.823848e-08,4.117972e-08,8.354920e-08,-6.247801e-08,-6.775752e-09,-2.437452e-09,-3.496102e-08,5.698969e-09,-7.123735e-10,1.136903e-09,-9.608412e-10,-2.770804e-09,-1.360605e-10,-9.888103e-11,2.589317e-10,-1.150004e-10,-5.976251e-13,3.383299e-14,-9.590743e-13,2.092088e-15,4.574315e-15,2.244749e-18,5.305998e-20,8.679514e-22,4.008564e-24
Ho-172,-4.636355e-07,-2.356456e-06,-1.062309e-06,9.787360e-07,-2.107750e-06,1.145927e-05,-3.292721e-06,1.557777e-06,-1.021529e-05,-6.791759e-07,-6.462374e-07,7.475401e-06,-9.142056e-07,-3.730155e-07,1.106637e-07,-2.988427e-06,9.364186e-09,2.756221e-07,-7.803122e-07,1.976378e-07,-2.128507e-07,1.971238e-07,-7.017941e-08,2.387877e-09,-1.017070e-08,5.003127e-09,1.685394e-10,9.836790e-12,1.776416e-12,1.453242e-13,1.779362e-13,2.158412e-15,-2.485798e-17,-8.864594e-20,-4.898693e-23,-3.406804e-26,-1.286753e-28,2.600030e-28,-3.848050e-07,-5.628597e-07,-4.176378e-08,1.176956e-07,-6.476182e-08,6.036740e-09,3.907975e-08,1.070413e-07,-3.765847e-09,1.125716e-08,-1.091990e-08,-1.063539e-08,-2.454047e-09,1.791778e-08,2.420646e-09,5.283956e-09,-1.066827e-08,-9.179111e-10,-2.814957e-09,2.513607e-10,1.055058e-09,4.969310e-09
Er-166,1.149294e+12,1.819599e+12,2.879484e+12,4.553363e+12,7.192777e+12,1.134627e+13,1.786552e+13,2.806460e+13,4.395468e+13,6.858245e+13,1.065029e+14,1.644118e+14,2.519375e+14,3.825328e+14,5.742864e+14,8.502789e+14,1.237840e+15,1.765813e+15,2.458908e+15,3.328832e+15,4.363469e+15,5.517886e+15,6.713029e+15,7.847237e+15,8.820411e+15,9.562743e+15,1.005514e+16,1.033081e+16,1.045599e+16,1.049980e+16,1.051087e+16,1.051274e+16,1.051293e+16,1.051294e+16,1.051294e+16,1.051294e+16,1.051294e+16,1.051294e+16,1.051294e+16,1.051294e+16,1.051294e+16,1.051294e+16,1.051295e+16,1.051295e+16,1.051295e+16,1.051295e+16,1.051295e+16,1.051295e+16,1.051295e+16,1.051296e+16,1.051296e+16,1.051297e+16,1.051297e+16,1.051298e+16,1.051299e+16,1.051300e+16,1.051302e+16,1.051304e+16,1.051306e+16,1.051310e+16
Er-167,1.232691e+15,1.569120e+15,1.966567e+15,2.427857e+15,2.951732e+15,3.530676e+15,4.148880e+15,4.781071e+15,5.393324e+15,5.947032e+15,6.406495e+15,6.748679e+15,6.971180e+15,7.093225e+15,7.147328e+15,7.165706e+15,7.170185e+15,7.170907e+15,7.170976e+15,7.170980e+15,7.170980e+15,7.170980e+15,7.170980e+15,7.170980e+15,7.170980e+15,7.170980e+15,7.170980e+15,7.170980e+15,7.170980e+15,7.170980e+15,7.170980e+15,7.170980e+15,7.170980e+15,7.170980e+15,7.170980e+15,7.170980e+15,7.170980e+15,7.170980e+15,7.170980e+15,7.170980e+15,7.170980e+15,7.170980e+15,7.170980e+15,7.170980e+15,7.170980e+15,7.170980e+15,7.170980e+15,7.170980e+15,7.170980e+15,7.170980e+15,7.170980e+15,7.170980e+15,7.170980e+15,7.170980e+15,7.170980e+15,7.170980e+15,7.170980e+15,7.170980e+15,7.170980e+15,7.170980e+15
Er-167m,1.437955e+11,1.358192e+11,1.262144e+11,1.150310e+11,1.023261e+11,8.828547e+10,7.329266e+10,5.796061e+10,4.311212e+10,2.968346e+10,1.854047e+10,1.024175e+10,4.845602e+09,1.885731e+09,5.736193e+08,1.278948e+08,1.927304e+07,1.772174e+06,8.740159e+04,1.965031e+03,1.640600e+01,3.927533e-02,1.945842e-05,1.322476e-09,7.341211e-15,1.730903e-21,7.593811e-30,-1.668811e-36,-6.949216e-36,3.619733e-37,7.813631e-36,6.918126e-36,3.784449e-36,-2.059497e-36,-8.253531e-36,-1.704833e-37,-2.541761e-36,3.714122e-36,-2.636052e-37,8.101242e-36,3.057427e-36,7.277185e-37,6.042789e-36,5.855851e-36,2.172720e-37,-3.262526e-36,-2.191456e-36,7.102951e-37,2.450255e-36,2.020799e-36,-1.013117e-38,-2.591478e-36,-4.889628e-36,-6.487309e-36,-7.307815e-36,-7.467024e-36,-7.151013e-36,-6.542947e-36,-5.790647e-36,-4.999143e-36
Er-168,1.634309e+15,1.649171e+15,1.653916e+15,1.654987e+15,1.655143e+15,1.655157e+15,1.655157e+15,1.655157e+15,1.655157e+15,1.655157e+15,1.655157e+15,1.655157e+15,1.655157e+15,1.655157e+15,1.655157e+15,1.655157e+15,1.655157e+15,1.655157e+15,1.655157e+15,1.655157e+15,1.655157e+15,1.655157e+15,1.655157e+15,1.655157e+15,1.655157e+15,1.655157e+15,1.655157e+15,1.655157e+15,1.655157e+15,1.655157e+15,1.655157e+15,1.655157e+15,1.655157e+15,1.655157e+15,1.655157e+15,1.655157e+15,1.655157e+15,1.655157e+15,1.655157e+15,1.655157e+15,1.655157e+15,1.655157e+15,1.655157e+15,1.655157e+15,1.655157e+15,1.655157e+15,1.655157e+15,1.655157e+15,1.655157e+15,1.655157e+15,1.655157e+15,1.655157e+15,1.655157e+15,1.655157e+15,1.655157e+15,1.655157e+15,1.655157e+15,1.655157e+15,1.655157e+15,1.655157e+15
Er-169,6.900627e+14,6.896152e+14,6.889287e+14,6.880505e+14,6.869439e+14,6.855510e+14,6.837985e+14,6.815949e+14,6.788262e+14,6.753509e+14,6.709938e+14,6.655394e+14,6.587243e+14,6.502298e+14,6.396739e+14,6.266066e+14,6.105081e+14,5.907958e+14,5.668428e+14,5.380168e+14,5.037469e+14,4.636261e+14,4.175558e+14,3.659288e+14,3.098253e+14,2.511713e+14,1.927663e+14,1.380669e+14,9.063877e+13,5.331243e+13,2.730105e+13,1.173984e+13,4.050165e+12,1.058371e+12,1.948346e+11,2.305920e+10,1.563486e+09,5.251275e+07,7.273136e+05,3.296424e+03,3.652530e+00,6.849886e-04,1.367531e-08,4.449504e-07,1.060074e-02,1.344949e-03,-2.102978e-02,-3.418587e-03,1.267575e-02,4.654464e-04,-1.635378e-02,9.708080e-03,-2.482746e-03,-2.830319e-04,-5.119507e-04,-2.339826e-03,4.223348e-03,-6.342926e-03,1.658626e-03,-3.610767e-03
Er-170,1.451921e+14,1.451921e+14,1.451921e+14,1.451921e+14,1.451921e+14,1.451921e+14,1.451921e+14,1.451921e+14,1.451921e+14,1.451921e+14,1.451921e+14,1.451921e+14,1.451921e+14,1.451921e+14,1.451921e+14,1.451921e+14,1.451921e+14,1.451921e+14,1.451921e+14,1.451921e+14,1.451921e+14,1.451921e+14,1.451921e+14,1.451921e+14,1.451921e+14,1.451921e+14,1.451921e+14,1.451921e+14,1.451921e+14,1.451921e+14,1.451921e+14,1.451921e+14,1.451921e+14,1.451921e+14,1.451921e+14,1.451921e+14,1.451921e+14,1.451921e+14,1.451921e+14,1.451921e+14,1.451921e+14,1.451921e+14,1.451921e+14,1.451921e+14,1.451921e+14,1.451921e+14,1.451921e+14,1.451921e+14,1.451921e+14,1.451921e+14,1.451921e+14,1.451921e+14,1.451921e+14,1.451921e+14,1.451921e+14,1.451921e+14,1.451921e+14,1.451921e+14,1.451921e+14,1.451921e+14
Er-171,6.222218e+13,6.074220e+13,5.892597e+13,5.671287e+13,5.404019e+13,5.084868e+13,4.709140e+13,4.274657e+13,3.783442e+13,3.243655e+13,2.671356e+13,2.091333e+13,1.535907e+13,1.040671e+13,6.369928e+12,3.430121e+12,1.571494e+12,5.872567e+11,1.697293e+11,3.547902e+10,4.928811e+09,4.090251e+08,1.772500e+07,3.385291e+05,2.300899e+03,4.249760e+00,1.518088e-03,6.830321e-08,2.253851e-13,-4.863234e-11,-3.198197e-05,3.367470e-05,-2.759281e-06,-2.060889e-05,6.087416e-05,6.524916e-06,1.591924e-05,2.683885e-05,-2.194732e-05,-3.021218e-06,-1.118260e-06,-1.506815e-05,2.718410e-06,-3.461586e-07,5.566702e-07,-4.741255e-07,-1.343325e-06,-6.803509e-08,-4.965610e-08,1.282955e-07,-5.741862e-08,-3.045317e-10,1.716361e-11,-4.844765e-10,1.063913e-12,2.320051e-12,1.118646e-15,2.679517e-17,4.401119e-19,2.038456e-21
Er-172,2.191672e+13,2.183643e+13,2.173561e+13,2.160913e+13,2.145068e+13,2.125253e+13,2.100526e+13,2.069754e+13,2.031592e+13,1.984470e+13,1.926603e+13,1.856030e+13,1.770710e+13,1.668686e+13,1.548370e+13,1.408935e+13,1.250862e+13,1.076558e+13,8.909511e+12,7.018069e+12,5.194327e+12,3.554081e+12,2.202455e+12,1.204591e+12,5.628134e+11,2.155884e+11,6.428430e+10,1.397680e+10,2.040454e+09,1.802635e+08,8.452993e+06,1.783327e+05,1.374114e+03,2.973057e+00,1.296540e-03,7.502369e-08,3.399955e-13,6.206901e-20,-1.041996e-06,-2.460858e-04,3.563986e-05,7.218035e-05,-1.692778e-04,3.054527e-06,1.864040e-04,4.303472e-04,9.228699e-06,2.570551e-05,-7.447960e-05,-5.458369e-05,-1.729361e-05,1.134915e-04,1.726347e-05,3.464275e-05,-7.349747e-05,-5.154946e-06,-2.018428e-05,1.204070e-06,7.154244e-06,3.488992e-05
Tm-169,1.853976e+12,2.407716e+12,3.105409e+12,3.984219e+12,5.090827e+12,6.483757e+12,8.236256e+12,1.043983e+13,1.320847e+13,1.668379e+13,2.104092e+13,2.649534e+13,3.331037e+13,4.180492e+13,5.236081e+13,6.542816e+13,8.152660e+13,1.012389e+14,1.251919e+14,1.540179e+14,1.882878e+14,2.284087e+14,2.744789e+14,3.261059e+14,3.822094e+14,4.408634e+14,4.992684e+14,5.539678e+14,6.013959e+14,6.387223e+14,6.647337e+14,6.802949e+14,6.879845e+14,6.909763e+14,6.918399e+14,6.920117e+14,6.920331e+14,6.920347e+14,6.920347e+14,6.920347e+14,6.920347e+14,6.920347e+14,6.920347e+14,6.920347e+14,6.920347e+14,6.920347e+14,6.920347e+14,6.920347e+14,6.920347e+14,6.920347e+14,6.920347e+14,6.920347e+14,6.920347e+14,6.920347e+14,6.920347e+14,6.920347e+14,6.920347e+14,6.920347e+14,6.920347e+14,6.920347e+14
Tm-171,5.879222e+12,7.359137e+12,9.175252e+12,1.138817e+13,1.406058e+13,1.725167e+13,2.100829e+13,2.535212e+13,3.026275e+13,3.565834e+13,4.137799e+13,4.717336e+13,5.272072e+13,5.766346e+13,6.168712e+13,6.460943e+13,6.644518e+13,6.739996e+13,6.778000e+13,6.786683e+13,6.783757e+13,6.776673e+13,6.767220e+13,6.755271e+13,6.740230e+13,6.721312e+13,6.697530e+13,6.667662e+13,6.630186e+13,6.583228e+13,6.524486e+13,6.451158e+13,6.359863e+13,6.246576e+13,6.106591e+13,5.934528e+13,5.724447e+13,5.470097e+13,5.165403e+13,4.805252e+13,4.386669e+13,3.910404e+13,3.382825e+13,2.817784e+13,2.237780e+13,1.673403e+13,1.159945e+13,7.306806e+12,4.079685e+12,1.956405e+12,7.744234e+11,2.406793e+11,5.513352e+10,8.596617e+09,8.252112e+08,4.296710e+07,1.034411e+06,9.414306e+03,2.512730e+01,1.427924e-02
Tm-172,3.545533e+11,4.337195e+11,5.328113e+11,6.566014e+11,8.108623e+11,1.002490e+12,1.239584e+12,1.531443e+12,1.888381e+12,2.321282e+12,2.840692e+12,3.455250e+12,4.169193e+12,4.978648e+12,5.866574e+12,6.796545e+12,7.706281e+12,8.503125e+12,9.065369e+12,9.254916e+12,8.946575e+12,8.074552e+12,6.684893e+12,4.965971e+12,3.220267e+12,1.761457e+12,7.788614e+11,2.640953e+11,6.433863e+10,1.039011e+10,1.006637e+09,5.166398e+07,1.200968e+06,1.036401e+04,2.577108e+01,1.337896e-02,9.642848e-07,5.764117e-12,6.804720e-04,2.067992e-04,3.707594e-05,-2.389543e-04,8.810705e-05,-2.361561e-05,9.148701e-05,1.289611e-04,4.982666e-05,-3.453581e-05,-8.764924e-05,-3.976993e-05,-2.173257e-05,1.245131e-04,2.223137e-05,4.006230e-05,-9.103945e-05,-4.476344e-06,-2.633203e-05,6.140165e-07,8.679293e-06,4.436352e-05
Yb-171,1.203667e+08,1.915556e+08,3.036899e+08,4.795745e+08,7.541067e+08,1.180145e+09,1.836744e+09,2.840296e+09,4.358857e+09,6.629363e+09,9.976322e+09,1.482911e+10,2.173377e+10,3.135554e+10,4.447254e+10,6.196967e+10,8.485253e+10,1.143041e+11,1.517927e+11,1.992124e+11,2.590248e+11,3.343900e+11,4.293109e+11,5.488197e+11,6.992231e+11,8.884089e+11,1.126221e+12,1.424910e+12,1.799668e+12,2.269248e+12,2.856663e+12,3.589945e+12,4.502899e+12,5.635764e+12,7.035619e+12,8.756242e+12,1.085706e+13,1.340055e+13,1.644749e+13,2.004901e+13,2.423484e+13,2.899749e+13,3.427327e+13,3.992369e+13,4.572372e+13,5.136750e+13,5.650208e+13,6.079472e+13,6.402184e+13,6.614512e+13,6.732710e+13,6.786085e+13,6.804639e+13,6.809293e+13,6.810070e+13,6.810148e+13,6.810152e+13,6.810153e+13,6.810153e+13,6.810153e+13
Yb-172,2.192304e+09,3.313685e+09,5.047615e+09,7.738477e+09,1.192519e+10,1.844960e+10,2.862307e+10,4.448033e+10,6.916174e+10,1.074800e+11,1.667426e+11,2.579124e+11,3.971783e+11,6.079566e+11,9.231968e+11,1.387568e+12,2.058561e+12,3.004757e+12,4.298587e+12,6.000482e+12,8.132565e+12,1.064483e+13,1.338612e+13,1.610291e+13,1.849039e+13,2.029642e+13,2.143032e+13,2.199539e+13,2.220709e+13,2.226290e+13,2.227245e+13,2.227341e+13,2.227347e+13,2.227347e+13,2.227347e+13,2.227347e+13,2.227347e+13,2.227347e+13,2.227347e+13,2.227347e+13,2.227347e+13,2.227347e+13,2.227347e+13,2.227347e+13,2.227347e+13,2.227347e+13,2.227347e+13,2.227347e+13,2.227347e+13,2.227347e+13,2.227347e+13,2.227347e+13,2.227347e+13,2.227347e+13,2.227347e+13,2.227347e+13,2.227347e+13,2.227347e+13,2.227347e+13,2.227347e+13
V-66,5.949225e+05,5.949225e+05,5.949225e+05,5.949225e+05,5.949225e+05,5.949225e+05,5.949225e+05,5.949225e+05,5.949225e+05,5.949225e+05,5.949225e+05,5.949225e+05,5.949225e+05,5.949225e+05,5.949225e+05,5.949225e+05,5.949225e+05,5.949225e+05,5.949225e+05,5.949225e+05,5.949225e+05,5.949225e+05,5.949225e+05,5.949225e+05,5.949225e+05,5.949225e+05,5.949225e+05,5.949225e+05,5.949225e+05,5.949225e+05,5.949225e+05,5.949225e+05,5.949225e+05,5.949225e+05,5.949225e+05,5.949225e+05,5.949225e+05,5.949225e+05,5.949225e+05,5.949225e+05,5.949225e+05,5.949225e+05,5.949225e+05,5.949225e+05,5.949225e+05,5.949225e+05,5.949225e+05,5.949225e+05,5.949225e+05,5.949225e+05,5.949225e+05,5.949225e+05,5.949225e+05,5.949225e+05,5.949225e+05,5.949225e+05,5.949225e+05,5.949225e+05,5.949225e+05,5.949225e+05
Cr-69,6.117141e+06,6.117141e+06,6.117141e+06,6.117141e+06,6.117141e+06,6.117141e+06,6.117141e+06,6.117141e+06,6.117141e+06,6.117141e+06,6.117141e+06,6.117141e+06,6.117141e+06,6.117141e+06,6.117141e+06,6.117141e+06,6.117141e+06,6.117141e+06,6.117141e+06,6.117141e+06,6.117141e+06,6.117141e+06,6.117141e+06,6.117141e+06,6.117141e+06,6.117141e+06,6.117141e+06,6.117141e+06,6.117141e+06,6.117141e+06,6.117141e+06,6.117141e+06,6.117141e+06,6.117141e+06,6.117141e+06,6.117141e+06,6.117141e+06,6.117141e+06,6.117141e+06,6.117141e+06,6.117141e+06,6.117141e+06,6.117141e+06,6.117141e+06,6.117141e+06,6.117141e+06,6.117141e+06,6.117141e+06,6.117141e+06,6.117141e+06,6.117141e+06,6.117141e+06,6.117141e+06,6.117141e+06,6.117141e+06,6.117141e+06,6.117141e+06,6.117141e+06,6.117141e+06,6.117141e+06
Mn-72,1.765016e+07,1.765016e+07,1.765016e+07,1.765016e+07,1.765016e+07,1.765016e+07,1.765016e+07,1.765016e+07,1.765016e+07,1.765016e+07,1.765016e+07,1.765016e+07,1.765016e+07,1.765016e+07,1.765016e+07,1.765016e+07,1.765016e+07,1.765016e+07,1.765016e+07,1.765016e+07,1.765016e+07,1.765016e+07,1.765016e+07,1.765016e+07,1.765016e+07,1.765016e+07,1.765016e+07,1.765016e+07,1.765016e+07,1.765016e+07,1.765016e+07,1.765016e+07,1.765016e+07,1.765016e+07,1.765016e+07,1.765016e+07,1.765016e+07,1.765016e+07,1.765016e+07,1.765016e+07,1.765016e+07,1.765016e+07,1.765016e+07,1.765016e+07,1.765016e+07,1.765016e+07,1.765016e+07,1.765016e+07,1.765016e+07,1.765016e+07,1.765016e+07,1.765016e+07,1.765016e+07,1.765016e+07,1.765016e+07,1.765016e+07,1.765016e+07,1.765016e+07,1.765016e+07,1.765016e+07
Mn-73,1.860137e+06,1.860137e+06,1.860137e+06,1.860137e+06,1.860137e+06,1.860137e+06,1.860137e+06,1.860137e+06,1.860137e+06,1.860137e+06,1.860137e+06,1.860137e+06,1.860137e+06,1.860137e+06,1.860137e+06,1.860137e+06,1.860137e+06,1.860137e+06,1.860137e+06,1.860137e+06,1.860137e+06,1.860137e+06,1.860137e+06,1.860137e+06,1.860137e+06,1.860137e+06,1.860137e+06,1.860137e+06,1.860137e+06,1.860137e+06,1.860137e+06,1.860137e+06,1.860137e+06,1.860137e+06,1.860137e+06,1.860137e+06,1.860137e+06,1.860137e+06,1.860137e+06,1.860137e+06,1.860137e+06,1.860137e+06,1.860137e+06,1.860137e+06,1.860137e+06,1.860137e+06,1.860137e+06,1.860137e+06,1.860137e+06,1.860137e+06,1.860137e+06,1.860137e+06,1.860137e+06,1.860137e+06,1.860137e+06,1.860137e+06,1.860137e+06,1.860137e+06,1.860137e+06,1.860137e+06
Fe-73,1.607357e+11,1.607357e+11,1.607357e+11,1.607357e+11,1.607357e+11,1.607357e+11,1.607357e+11,1.607357e+11,1.607357e+11,1.607357e+11,1.607357e+11,1.607357e+11,1.607357e+11,1.607357e+11,1.607357e+11,1.607357e+11,1.607357e+11,1.607357e+11,1.607357e+11,1.607357e+11,1.607357e+11,1.607357e+11,1.607357e+11,1.607357e+11,1.607357e+11,1.607357e+11,1.607357e+11,1.607357e+11,1.607357e+11,1.607357e+11,1.607357e+11,1.607357e+11,1.607357e+11,1.607357e+11,1.607357e+11,1.607357e+11,1.607357e+11,1.607357e+11,1.607357e+11,1.607357e+11,1.607357e+11,1.607357e+11,1.607357e+11,1.607357e+11,1.607357e+11,1.607357e+11,1.607357e+11,1.607357e+11,1.607357e+11,1.607357e+11,1.607357e+11,1.607357e+11,1.607357e+11,1.607357e+11,1.607357e+11,1.607357e+11,1.607357e+11,1.607357e+11,1.607357e+11,1.607357e+11
Fe-75,2.902392e+08,2.902392e+08,2.902392e+08,2.902392e+08,2.902392e+08,2.902392e+08,2.902392e+08,2.902392e+08,2.902392e+08,2.902392e+08,2.902392e+08,2.902392e+08,2.902392e+08,2.902392e+08,2.902392e+08,2.902392e+08,2.902392e+08,2.902392e+08,2.902392e+08,2.902392e+08,2.902392e+08,2.902392e+08,2.902392e+08,2.902392e+08,2.902392e+08,2.902392e+08,2.902392e+08,2.902392e+08,2.902392e+08,2.902392e+08,2.902392e+08,2.902392e+08,2.902392e+08,2.902392e+08,2.902392e+08,2.902392e+08,2.902392e+08,2.902392e+08,2.902392e+08,2.902392e+08,2.902392e+08,2.902392e+08,2.902392e+08,2.902392e+08,2.902392e+08,2.902392e+08,2.902392e+08,2.902392e+08,2.902392e+08,2.902392e+08,2.902392e+08,2.902392e+08,2.902392e+08,2.902392e+08,2.902392e+08,2.902392e+08,2.902392e+08,2.902392e+08,2.902392e+08,2.902392e+08
Co-76,7.340547e+11,7.340547e+11,7.340547e+11,7.340547e+11,7.340547e+11,7.340547e+11,7.340547e+11,7.340547e+11,7.340547e+11,7.340547e+11,7.340547e+11,7.340547e+11,7.340547e+11,7.340547e+11,7.340547e+11,7.340547e+11,7.340547e+11,7.340547e+11,7.340547e+11,7.340547e+11,7.340547e+11,7.340547e+11,7.340547e+11,7.340547e+11,7.340547e+11,7.340547e+11,7.340547e+11,7.340547e+11,7.340547e+11,7.340547e+11,7.340547e+11,7.340547e+11,7.340547e+11,7.340547e+11,7.340547e+11,7.340547e+11,7.340547e+11,7.340547e+11,7.340547e+11,7.340547e+11,7.340547e+11,7.340547e+11,7.340547e+11,7.340547e+11,7.340547e+11,7.340547e+11,7.340547e+11,7.340547e+11,7.340547e+11,7.340547e+11,7.340547e+11,7.340547e+11,7.340547e+11,7.340547e+11,7.340547e+11,7.340547e+11,7.340547e+11,7.340547e+11,7.340547e+11,7.340547e+11
Co-77,1.893714e+10,1.893714e+10,1.893714e+10,1.893714e+10,1.893714e+10,1.893714e+10,1.893714e+10,1.893714e+10,1.893714e+10,1.893714e+10,1.893714e+10,1.893714e+10,1.893714e+10,1.893714e+10,1.893714e+10,1.893714e+10,1.893714e+10,1.893714e+10,1.893714e+10,1.893714e+10,1.893714e+10,1.893714e+10,1.893714e+10,1.893714e+10,1.893714e+10,1.893714e+10,1.893714e+10,1.893714e+10,1.893714e+10,1.893714e+10,1.893714e+10,1.893714e+10,1.893714e+10,1.893714e+10,1.893714e+10,1.893714e+10,1.893714e+10,1.893714e+10,1.893714e+10,1.893714e+10,1.893714e+10,1.893714e+10,1.893714e+10,1.893714e+10,1.893714e+10,1.893714e+10,1.893714e+10,1.893714e+10,1.893714e+10,1.893714e+10,1.893714e+10,1.893714e+10,1.893714e+10,1.893714e+10,1.893714e+10,1.893714e+10,1.893714e+10,1.893714e+10,1.893714e+10,1.893714e+10
Co-78,1.241682e+09,1.241682e+09,1.241682e+09,1.241682e+09,1.241682e+09,1.241682e+09,1.241682e+09,1.241682e+09,1.241682e+09,1.241682e+09,1.241682e+09,1.241682e+09,1.241682e+09,1.241682e+09,1.241682e+09,1.241682e+09,1.241682e+09,1.241682e+09,1.241682e+09,1.241682e+09,1.241682e+09,1.241682e+09,1.241682e+09,1.241682e+09,1.241682e+09,1.241682e+09,1.241682e+09,1.241682e+09,1.241682e+09,1.241682e+09,1.241682e+09,1.241682e+09,1.241682e+09,1.241682e+09,1.241682e+09,1.241682e+09,1.241682e+09,1.241682e+09,1.241682e+09,1.241682e+09,1.241682e+09,1.241682e+09,1.241682e+09,1.241682e+09,1.241682e+09,1.241682e+09,1.241682e+09,1.241682e+09,1.241682e+09,1.241682e+09,1.241682e+09,1.241682e+09,1.241682e+09,1.241682e+09,1.241682e+09,1.241682e+09,1.241682e+09,1.241682e+09,1.241682e+09,1.241682e+09
Ni-80,4.526190e+10,4.526190e+10,4.526190e+10,4.526190e+10,4.526190e+10,4.526190e+10,4.526190e+10,4.526190e+10,4.526190e+10,4.526190e+10,4.526190e+10,4.526190e+10,4.526190e+10,4.526190e+10,4.526190e+10,4.526190e+10,4.526190e+10,4.526190e+10,4.526190e+10,4.526190e+10,4.526190e+10,4.526190e+10,4.526190e+10,4.526190e+10,4.526190e+10,4.526190e+10,4.526190e+10,4.526190e+10,4.526190e+10,4.526190e+10,4.526190e+10,4.526190e+10,4.526190e+10,4.526190e+10,4.526190e+10,4.526190e+10,4.526190e+10,4.526190e+10,4.526190e+10,4.526190e+10,4.526190e+10,4.526190e+10,4.526190e+10,4.526190e+10,4.526190e+10,4.526190e+10,4.526190e+10,4.526190e+10,4.526190e+10,4.526190e+10,4.526190e+10,4.526190e+10,4.526190e+10,4.526190e+10,4.526190e+10,4.526190e+10,4.526190e+10,4.526190e+10,4.526190e+10,4.526190e+10
Cu-82,4.294090e+12,4.294090e+12,4.294090e+12,4.294090e+12,4.294090e+12,4.294090e+12,4.294090e+12,4.294090e+12,4.294090e+12,4.294090e+12,4.294090e+12,4.294090e+12,4.294090e+12,4.294090e+12,4.294090e+12,4.294090e+12,4.294090e+12,4.294090e+12,4.294090e+12,4.294090e+12,4.294090e+12,4.294090e+12,4.294090e+12,4.294090e+12,4.294090e+12,4.294090e+12,4.294090e+12,4.294090e+12,4.294090e+12,4.294090e+12,4.294090e+12,4.294090e+12,4.294090e+12,4.294090e+12,4.294090e+12,4.294090e+12,4.294090e+12,4.294090e+12,4.294090e+12,4.294090e+12,4.294090e+12,4.294090e+12,4.294090e+12,4.294090e+12,4.294090e+12,4.294090e+12,4.294090e+12,4.294090e+12,4.294090e+12,4.294090e+12,4.294090e+12,4.294090e+12,4.294090e+12,4.294090e+12,4.294090e+12,4.294090e+12,4.294090e+12,4.294090e+12,4.294090e+12,4.294090e+12
Cu-83,2.122033e+10,2.122033e+10,2.122033e+10,2.122033e+10,2.122033e+10,2.122033e+10,2.122033e+10,2.122033e+10,2.122033e+10,2.122033e+10,2.122033e+10,2.122033e+10,2.122033e+10,2.122033e+10,2.122033e+10,2.122033e+10,2.122033e+10,2.122033e+10,2.122033e+10,2.122033e+10,2.122033e+10,2.122033e+10,2.122033e+10,2.122033e+10,2.122033e+10,2.122033e+10,2.122033e+10,2.122033e+10,2.122033e+10,2.122033e+10,2.122033e+10,2.122033e+10,2.122033e+10,2.122033e+10,2.122033e+10,2.122033e+10,2.122033e+10,2.122033e+10,2.122033e+10,2.122033e+10,2.122033e+10,2.122033e+10,2.122033e+10,2.122033e+10,2.122033e+10,2.122033e+10,2.122033e+10,2.122033e+10,2.122033e+10,2.122033e+10,2.122033e+10,2.122033e+10,2.122033e+10,2.122033e+10,2.122033e+10,2.122033e+10,2.122033e+10,2.122033e+10,2.122033e+10,2.122033e+10
Zn-84,3.539701e+16,3.539701e+16,3.539701e+16,3.539701e+16,3.539701e+16,3.539701e+16,3.539701e+16,3.539701e+16,3.539701e+16,3.539701e+16,3.539701e+16,3.539701e+16,3.539701e+16,3.539701e+16,3.539701e+16,3.539701e+16,3.539701e+16,3.539701e+16,3.539701e+16,3.539701e+16,3.539701e+16,3.539701e+16,3.539701e+16,3.539701e+16,3.539701e+16,3.539701e+16,3.539701e+16,3.539701e+16,3.539701e+16,3.539701e+16,3.539701e+16,3.539701e+16,3.539701e+16,3.539701e+16,3.539701e+16,3.539701e+16,3.539701e+16,3.539701e+16,3.539701e+16,3.539701e+16,3.539701e+16,3.539701e+16,3.539701e+16,3.539701e+16,3.539701e+16,3.539701e+16,3.539701e+16,3.539701e+16,3.539701e+16,3.539701e+16,3.539701e+16,3.539701e+16,3.539701e+16,3.539701e+16,3.539701e+16,3.539701e+16,3.539701e+16,3.539701e+16,3.539701e+16,3.539701e+16
Zn-85,4.479300e+11,4.479300e+11,4.479300e+11,4.479300e+11,4.479300e+11,4.479300e+11,4.479300e+11,4.479300e+11,4.479300e+11,4.479300e+11,4.479300e+11,4.479300e+11,4.479300e+11,4.479300e+11,4.479300e+11,4.479300e+11,4.479300e+11,4.479300e+11,4.479300e+11,4.479300e+11,4.479300e+11,4.479300e+11,4.479300e+11,4.479300e+11,4.479300e+11,4.479300e+11,4.479300e+11,4.479300e+11,4.479300e+11,4.479300e+11,4.479300e+11,4.479300e+11,4.479300e+11,4.479300e+11,4.479300e+11,4.479300e+11,4.479300e+11,4.479300e+11,4.479300e+11,4.479300e+11,4.479300e+11,4.479300e+11,4.479300e+11,4.479300e+11,4.479300e+11,4.479300e+11,4.479300e+11,4.479300e+11,4.479300e+11,4.479300e+11,4.479300e+11,4.479300e+11,4.479300e+11,4.479300e+11,4.479300e+11,4.479300e+11,4.479300e+11,4.479300e+11,4.479300e+11,4.479300e+11
Zn-86,6.615202e+12,6.615202e+12,6.615202e+12,6.615202e+12,6.615202e+12,6.615202e+12,6.615202e+12,6.615202e+12,6.615202e+12,6.615202e+12,6.615202e+12,6.615202e+12,6.615202e+12,6.615202e+12,6.615202e+12,6.615202e+12,6.615202e+12,6.615202e+12,6.615202e+12,6.615202e+12,6.615202e+12,6.615202e+12,6.615202e+12,6.615202e+12,6.615202e+12,6.615202e+12,6.615202e+12,6.615202e+12,6.615202e+12,6.615202e+12,6.615202e+12,6.615202e+12,6.615202e+12,6.615202e+12,6.615202e+12,6.615202e+12,6.615202e+12,6.615202e+12,6.615202e+12,6.615202e+12,6.615202e+12,6.615202e+12,6.615202e+12,6.615202e+12,6.615202e+12,6.615202e+12,6.615202e+12,6.615202e+12,6.615202e+12,6.615202e+12,6.615202e+12,6.615202e+12,6.615202e+12,6.615202e+12,6.615202e+12,6.615202e+12,6.615202e+12,6.615202e+12,6.615202e+12,6.615202e+12
Ga-87,7.373393e+14,7.373393e+14,7.373393e+14,7.373393e+14,7.373393e+14,7.373393e+14,7.373393e+14,7.373393e+14,7.373393e+14,7.373393e+14,7.373393e+14,7.373393e+14,7.373393e+14,7.373393e+14,7.373393e+14,7.373393e+14,7.373393e+14,7.373393e+14,7.373393e+14,7.373393e+14,7.373393e+14,7.373393e+14,7.373393e+14,7.373393e+14,7.373393e+14,7.373393e+14,7.373393e+14,7.373393e+14,7.373393e+14,7.373393e+14,7.373393e+14,7.373393e+14,7.373393e+14,7.373393e+14,7.373393e+14,7.373393e+14,7.373393e+14,7.373393e+14,7.373393e+14,7.373393e+14,7.373393e+14,7.373393e+14,7.373393e+14,7.373393e+14,7.373393e+14,7.373393e+14,7.373393e+14,7.373393e+14,7.373393e+14,7.373393e+14,7.373393e+14,7.373393e+14,7.373393e+14,7.373393e+14,7.373393e+14,7.373393e+14,7.373393e+14,7.373393e+14,7.373393e+14,7.373393e+14
Ga-88,1.283648e+13,1.283648e+13,1.283648e+13,1.283648e+13,1.283648e+13,1.283648e+13,1.283648e+13,1.283648e+13,1.283648e+13,1.283648e+13,1.283648e+13,1.283648e+13,1.283648e+13,1.283648e+13,1.283648e+13,1.283648e+13,1.283648e+13,1.283648e+13,1.283648e+13,1.283648e+13,1.283648e+13,1.283648e+13,1.283648e+13,1.283648e+13,1.283648e+13,1.283648e+13,1.283648e+13,1.283648e+13,1.283648e+13,1.283648e+13,1.283648e+13,1.283648e+13,1.283648e+13,1.283648e+13,1.283648e+13,1.283648e+13,1.283648e+13,1.283648e+13,1.283648e+13,1.283648e+13,1.283648e+13,1.283648e+13,1.283648e+13,1.283648e+13,1.283648e+13,1.283648e+13,1.283648e+13,1.283648e+13,1.283648e+13,1.283648e+13,1.283648e+13,1.283648e+13,1.283648e+13,1.283648e+13,1.283648e+13,1.283648e+13,1.283648e+13,1.283648e+13,1.283648e+13,1.283648e+13
Ge-90,3.396971e+12,3.396971e+12,3.396971e+12,3.396971e+12,3.396971e+12,3.396971e+12,3.396971e+12,3.396971e+12,3.396971e+12,3.396971e+12,3.396971e+12,3.396971e+12,3.396971e+12,3.396971e+12,3.396971e+12,3.396971e+12,3.396971e+12,3.396971e+12,3.396971e+12,3.396971e+12,3.396971e+12,3.396971e+12,3.396971e+12,3.396971e+12,3.396971e+12,3.396971e+12,3.396971e+12,3.396971e+12,3.396971e+12,3.396971e+12,3.396971e+12,3.396971e+12,3.396971e+12,3.396971e+12,3.396971e+12,3.396971e+12,3.396971e+12,3.396971e+12,3.396971e+12,3.396971e+12,3.396971e+12,3.396971e+12,3.396971e+12,3.396971e+12,3.396971e+12,3.396971e+12,3.396971e+12,3.396971e+12,3.396971e+12,3.396971e+12,3.396971e+12,3.396971e+12,3.396971e+12,3.396971e+12,3.396971e+12,3.396971e+12,3.396971e+12,3.396971e+12,3.396971e+12,3.396971e+12
Ge-91,1.780816e+11,1.780816e+11,1.780816e+11,1.780816e+11,1.780816e+11,1.780816e+11,1.780816e+11,1.780816e+11,1.780816e+11,1.780816e+11,1.780816e+11,1.780816e+11,1.780816e+11,1.780816e+11,1.780816e+11,1.780816e+11,1.780816e+11,1.780816e+11,1.780816e+11,1.780816e+11,1.780816e+11,1.780816e+11,1.780816e+11,1.780816e+11,1.780816e+11,1.780816e+11,1.780816e+11,1.780816e+11,1.780816e+11,1.780816e+11,1.780816e+11,1.780816e+11,1.780816e+11,1.780816e+11,1.780816e+11,1.780816e+11,1.780816e+11,1.780816e+11,1.780816e+11,1.780816e+11,1.780816e+11,1.780816e+11,1.780816e+11,1.780816e+11,1.780816e+11,1.780816e+11,1.780816e+11,1.780816e+11,1.780816e+11,1.780816e+11,1.780816e+11,1.780816e+11,1.780816e+11,1.780816e+11,1.780816e+11,1.780816e+11,1.780816e+11,1.780816e+11,1.780816e+11,1.780816e+11
As-74m,3.365633e+11,3.365633e+11,3.365633e+11,3.365633e+11,3.365633e+11,3.365633e+11,3.365633e+11,3.365633e+11,3.365633e+11,3.365633e+11,3.365633e+11,3.365633e+11,3.365633e+11,3.365633e+11,3.365633e+11,3.365633e+11,3.365633e+11,3.365633e+11,3.365633e+11,3.365633e+11,3.365633e+11,3.365633e+11,3.365633e+11,3.365633e+11,3.365633e+11,3.365633e+11,3.365633e+11,3.365633e+11,3.365633e+11,3.365633e+11,3.365633e+11,3.365633e+11,3.365633e+11,3.365633e+11,3.365633e+11,3.365633e+11,3.365633e+11,3.365633e+11,3.365633e+11,3.365633e+11,3.365633e+11,3.365633e+11,3.365633e+11,3.365633e+11,3.365633e+11,3.365633e+11,3.365633e+11,3.365633e+11,3.365633e+11,3.365633e+11,3.365633e+11,3.365633e+11,3.365633e+11,3.365633e+11,3.365633e+11,3.365633e+11,3.365633e+11,3.365633e+11,3.365633e+11,3.365633e+11
As-84m,2.863786e+21,2.863786e+21,2.863786e+21,2.863786e+21,2.863786e+21,2.863786e+21,2.863786e+21,2.863786e+21,2.863786e+21,2.863786e+21,2.863786e+21,2.863786e+21,2.863786e+21,2.863786e+21,2.863786e+21,2.863786e+21,2.863786e+21,2.863786e+21,2.863786e+21,2.863786e+21,2.863786e+21,2.863786e+21,2.863786e+21,2.863786e+21,2.863786e+21,2.863786e+21,2.863786e+21,2.863786e+21,2.863786e+21,2.863786e+21,2.863786e+21,2.863786e+21,2.863786e+21,2.863786e+21,2.863786e+21,2.863786e+21,2.863786e+21,2.863786e+21,2.863786e+21,2.863786e+21,2.863786e+21,2.863786e+21,2.863786e+21,2.863786e+21,2.863786e+21,2.863786e+21,2.863786e+21,2.863786e+21,2.863786e+21,2.863786e+21,2.863786e+21,2.863786e+21,2.863786e+21,2.863786e+21,2.863786e+21,2.863786e+21,2.863786e+21,2.863786e+21,2.863786e+21,2.863786e+21
As-93,8.250636e+11,8.250636e+11,8.250636e+11,8.250636e+11,8.250636e+11,8.250636e+11,8.250636e+11,8.250636e+11,8.250636e+11,8.250636e+11,8.250636e+11,8.250636e+11,8.250636e+11,8.250636e+11,8.250636e+11,8.250636e+11,8.250636e+11,8.250636e+11,8.250636e+11,8.250636e+11,8.250636e+11,8.250636e+11,8.250636e+11,8.250636e+11,8.250636e+11,8.250636e+11,8.250636e+11,8.250636e+11,8.250636e+11,8.250636e+11,8.250636e+11,8.250636e+11,8.250636e+11,8.250636e+11,8.250636e+11,8.250636e+11,8.250636e+11,8.250636e+11,8.250636e+11,8.250636e+11,8.250636e+11,8.250636e+11,8.250636e+11,8.250636e+11,8.250636e+11,8.250636e+11,8.250636e+11,8.250636e+11,8.250636e+11,8.250636e+11,8.250636e+11,8.250636e+11,8.250636e+11,8.250636e+11,8.250636e+11,8.250636e+11,8.250636e+11,8.250636e+11,8.250636e+11,8.250636e+11
Se-85m,1.296114e+22,1.296114e+22,1.296114e+22,1.296114e+22,1.296114e+22,1.296114e+22,1.296114e+22,1.296114e+22,1.296114e+22,1.296114e+22,1.296114e+22,1.296114e+22,1.296114e+22,1.296114e+22,1.296114e+22,1.296114e+22,1.296114e+22,1.296114e+22,1.296114e+22,1.296114e+22,1.296114e+22,1.296114e+22,1.296114e+22,1.296114e+22,1.296114e+22,1.296114e+22,1.296114e+22,1.296114e+22,1.296114e+22,1.296114e+22,1.296114e+22,1.296114e+22,1.296114e+22,1.296114e+22,1.296114e+22,1.296114e+22,1.296114e+22,1.296114e+22,1.296114e+22,1.296114e+22,1.296114e+22,1.296114e+22,1.296114e+22,1.296114e+22,1.296114e+22,1.296114e+22,1.296114e+22,1.296114e+22,1.296114e+22,1.296114e+22,1.296114e+22,1.296114e+22,1.296114e+22,1.296114e+22,1.296114e+22,1.296114e+22,1.296114e+22,1.296114e+22,1.296114e+22,1.296114e+22
Se-95,1.922533e+12,1.922533e+12,1.922533e+12,1.922533e+12,1.922533e+12,1.922533e+12,1.922533e+12,1.922533e+12,1.922533e+12,1.922533e+12,1.922533e+12,1.922533e+12,1.922533e+12,1.922533e+12,1.922533e+12,1.922533e+12,1.922533e+12,1.922533e+12,1.922533e+12,1.922533e+12,1.922533e+12,1.922533e+12,1.922533e+12,1.922533e+12,1.922533e+12,1.922533e+12,1.922533e+12,1.922533e+12,1.922533e+12,1.922533e+12,1.922533e+12,1.922533e+12,1.922533e+12,1.922533e+12,1.922533e+12,1.922533e+12,1.922533e+12,1.922533e+12,1.922533e+12,1.922533e+12,1.922533e+12,1.922533e+12,1.922533e+12,1.922533e+12,1.922533e+12,1.922533e+12,1.922533e+12,1.922533e+12,1.922533e+12,1.922533e+12,1.922533e+12,1.922533e+12,1.922533e+12,1.922533e+12,1.922533e+12,1.922533e+12,1.922533e+12,1.922533e+12,1.922533e+12,1.922533e+12
Se-96,3.713797e+11,3.713797e+11,3.713797e+11,3.713797e+11,3.713797e+11,3.713797e+11,3.713797e+11,3.713797e+11,3.713797e+11,3.713797e+11,3.713797e+11,3.713797e+11,3.713797e+11,3.713797e+11,3.713797e+11,3.713797e+11,3.713797e+11,3.713797e+11,3.713797e+11,3.713797e+11,3.713797e+11,3.713797e+11,3.713797e+11,3.713797e+11,3.713797e+11,3.713797e+11,3.713797e+11,3.713797e+11,3.713797e+11,3.713797e+11,3.713797e+11,3.713797e+11,3.713797e+11,3.713797e+11,3.713797e+11,3.713797e+11,3.713797e+11,3.713797e+11,3.713797e+11,3.713797e+11,3.713797e+11,3.713797e+11,3.713797e+11,3.713797e+11,3.713797e+11,3.713797e+11,3.713797e+11,3.713797e+11,3.713797e+11,3.713797e+11,3.713797e+11,3.713797e+11,3.713797e+11,3.713797e+11,3.713797e+11,3.713797e+11,3.713797e+11,3.713797e+11,3.713797e+11,3.713797e+11
Br-86m,6.666039e+21,6.666039e+21,6.666039e+21,6.666039e+21,6.666039e+21,6.666039e+21,6.666039e+21,6.666039e+21,6.666039e+21,6.666039e+21,6.666039e+21,6.666039e+21,6.666039e+21,6.666039e+21,6.666039e+21,6.666039e+21,6.666039e+21,6.666039e+21,6.666039e+21,6.666039e+21,6.666039e+21,6.666039e+21,6.666039e+21,6.666039e+21,6.666039e+21,6.666039e+21,6.666039e+21,6.666039e+21,6.666039e+21,6.666039e+21,6.666039e+21,6.666039e+21,6.666039e+21,6.666039e+21,6.666039e+21,6.666039e+21,6.666039e+21,6.666039e+21,6.666039e+21,6.666039e+21,6.666039e+21,6.666039e+21,6.666039e+21,6.666039e+21,6.666039e+21,6.666039e+21,6.666039e+21,6.666039e+21,6.666039e+21,6.666039e+21,6.666039e+21,6.666039e+21,6.666039e+21,6.666039e+21,6.666039e+21,6.666039e+21,6.666039e+21,6.666039e+21,6.666039e+21,6.666039e+21
Br-98,4.031146e+14,4.031146e+14,4.031146e+14,4.031146e+14,4.031146e+14,4.031146e+14,4.031146e+14,4.031146e+14,4.031146e+14,4.031146e+14,4.031146e+14,4.031146e+14,4.031146e+14,4.031146e+14,4.031146e+14,4.031146e+14,4.031146e+14,4.031146e+14,4.031146e+14,4.031146e+14,4.031146e+14,4.031146e+14,4.031146e+14,4.031146e+14,4.031146e+14,4.031146e+14,4.031146e+14,4.031146e+14,4.031146e+14,4.031146e+14,4.031146e+14,4.031146e+14,4.031146e+14,4.031146e+14,4.031146e+14,4.031146e+14,4.031146e+14,4.031146e+14,4.031146e+14,4.031146e+14,4.031146e+14,4.031146e+14,4.031146e+14,4.031146e+14,4.031146e+14,4.031146e+14,4.031146e+14,4.031146e+14,4.031146e+14,4.031146e+14,4.031146e+14,4.031146e+14,4.031146e+14,4.031146e+14,4.031146e+14,4.031146e+14,4.031146e+14,4.031146e+14,4.031146e+14,4.031146e+14
Kr-101,1.200044e+12,1.200044e+12,1.200044e+12,1.200044e+12,1.200044e+12,1.200044e+12,1.200044e+12,1.200044e+12,1.200044e+12,1.200044e+12,1.200044e+12,1.200044e+12,1.200044e+12,1.200044e+12,1.200044e+12,1.200044e+12,1.200044e+12,1.200044e+12,1.200044e+12,1.200044e+12,1.200044e+12,1.200044e+12,1.200044e+12,1.200044e+12,1.200044e+12,1.200044e+12,1.200044e+12,1.200044e+12,1.200044e+12,1.200044e+12,1.200044e+12,1.200044e+12,1.200044e+12,1.200044e+12,1.200044e+12,1.200044e+12,1.200044e+12,1.200044e+12,1.200044e+12,1.200044e+12,1.200044e+12,1.200044e+12,1.200044e+12,1.200044e+12,1.200044e+12,1.200044e+12,1.200044e+12,1.200044e+12,1.200044e+12,1.200044e+12,1.200044e+12,1.200044e+12,1.200044e+12,1.200044e+12,1.200044e+12,1.200044e+12,1.200044e+12,1.200044e+12,1.200044e+12,1.200044e+12
Rb-103,6.908932e+11,6.908932e+11,6.908932e+11,6.908932e+11,6.908932e+11,6.908932e+11,6.908932e+11,6.908932e+11,6.908932e+11,6.908932e+11,6.908932e+11,6.908932e+11,6.908932e+11,6.908932e+11,6.908932e+11,6.908932e+11,6.908932e+11,6.908932e+11,6.908932e+11,6.908932e+11,6.908932e+11,6.908932e+11,6.908932e+11,6.908932e+11,6.908932e+11,6.908932e+11,6.908932e+11,6.908932e+11,6.908932e+11,6.908932e+11,6.908932e+11,6.908932e+11,6.908932e+11,6.908932e+11,6.908932e+11,6.908932e+11,6.908932e+11,6.908932e+11,6.908932e+11,6.908932e+11,6.908932e+11,6.908932e+11,6.908932e+11,6.908932e+11,6.908932e+11,6.908932e+11,6.908932e+11,6.908932e+11,6.908932e+11,6.908932e+11,6.908932e+11,6.908932e+11,6.908932e+11,6.908932e+11,6.908932e+11,6.908932e+11,6.908932e+11,6.908932e+11,6.908932e+11,6.908932e+11
Y-109,1.293589e+11,1.293589e+11,1.293589e+11,1.293589e+11,1.293589e+11,1.293589e+11,1.293589e+11,1.293589e+11,1.293589e+11,1.293589e+11,1.293589e+11,1.293589e+11,1.293589e+11,1.293589e+11,1.293589e+11,1.293589e+11,1.293589e+11,1.293589e+11,1.293589e+11,1.293589e+11,1.293589e+11,1.293589e+11,1.293589e+11,1.293589e+11,1.293589e+11,1.293589e+11,1.293589e+11,1.293589e+11,1.293589e+11,1.293589e+11,1.293589e+11,1.293589e+11,1.293589e+11,1.293589e+11,1.293589e+11,1.293589e+11,1.293589e+11,1.293589e+11,1.293589e+11,1.293589e+11,1.293589e+11,1.293589e+11,1.293589e+11,1.293589e+11,1.293589e+11,1.293589e+11,1.293589e+11,1.293589e+11,1.293589e+11,1.293589e+11,1.293589e+11,1.293589e+11,1.293589e+11,1.293589e+11,1.293589e+11,1.293589e+11,1.293589e+11,1.293589e+11,1.293589e+11,1.293589e+11
Y-110,2.293286e+09,2.293286e+09,2.293286e+09,2.293286e+09,2.293286e+09,2.293286e+09,2.293286e+09,2.293286e+09,2.293286e+09,2.293286e+09,2.293286e+09,2.293286e+09,2.293286e+09,2.293286e+09,2.293286e+09,2.293286e+09,2.293286e+09,2.293286e+09,2.293286e+09,2.293286e+09,2.293286e+09,2.293286e+09,2.293286e+09,2.293286e+09,2.293286e+09,2.293286e+09,2.293286e+09,2.293286e+09,2.293286e+09,2.293286e+09,2.293286e+09,2.293286e+09,2.293286e+09,2.293286e+09,2.293286e+09,2.293286e+09,2.293286e+09,2.293286e+09,2.293286e+09,2.293286e+09,2.293286e+09,2.293286e+09,2.293286e+09,2.293286e+09,2.293286e+09,2.293286e+09,2.293286e+09,2.293286e+09,2.293286e+09,2.293286e+09,2.293286e+09,2.293286e+09,2.293286e+09,2.293286e+09,2.293286e+09,2.293286e+09,2.293286e+09,2.293286e+09,2.293286e+09,2.293286e+09
Zr-111,6.096482e+10,6.096482e+10,6.096482e+10,6.096482e+10,6.096482e+10,6.096482e+10,6.096482e+10,6.096482e+10,6.096482e+10,6.096482e+10,6.096482e+10,6.096482e+10,6.096482e+10,6.096482e+10,6.096482e+10,6.096482e+10,6.096482e+10,6.096482e+10,6.096482e+10,6.096482e+10,6.096482e+10,6.096482e+10,6.096482e+10,6.096482e+10,6.096482e+10,6.096482e+10,6.096482e+10,6.096482e+10,6.096482e+10,6.096482e+10,6.096482e+10,6.096482e+10,6.096482e+10,6.096482e+10,6.096482e+10,6.096482e+10,6.096482e+10,6.096482e+10,6.096482e+10,6.096482e+10,6.096482e+10,6.096482e+10,6.096482e+10,6.096482e+10,6.096482e+10,6.096482e+10,6.096482e+10,6.096482e+10,6.096482e+10,6.096482e+10,6.096482e+10,6.096482e+10,6.096482e+10,6.096482e+10,6.096482e+10,6.096482e+10,6.096482e+10,6.096482e+10,6.096482e+10,6.096482e+10
Zr-112,2.580551e+09,2.580551e+09,2.580551e+09,2.580551e+09,2.580551e+09,2.580551e+09,2.580551e+09,2.580551e+09,2.580551e+09,2.580551e+09,2.580551e+09,2.580551e+09,2.580551e+09,2.580551e+09,2.580551e+09,2.580551e+09,2.580551e+09,2.580551e+09,2.580551e+09,2.580551e+09,2.580551e+09,2.580551e+09,2.580551e+09,2.580551e+09,2.580551e+09,2.580551e+09,2.580551e+09,2.580551e+09,2.580551e+09,2.580551e+09,2.580551e+09,2.580551e+09,2.580551e+09,2.580551e+09,2.580551e+09,2.580551e+09,2.580551e+09,2.580551e+09,2.580551e+09,2.580551e+09,2.580551e+09,2.580551e+09,2.580551e+09,2.580551e+09,2.580551e+09,2.580551e+09,2.580551e+09,2.580551e+09,2.580551e+09,2.580551e+09,2.580551e+09,2.580551e+09,2.580551e+09,2.580551e+09,2.580551e+09,2.580551e+09,2.580551e+09,2.580551e+09,2.580551e+09,2.580551e+09
Nb-114,1.086165e+09,1.086165e+09,1.086165e+09,1.086165e+09,1.086165e+09,1.086165e+09,1.086165e+09,1.086165e+09,1.086165e+09,1.086165e+09,1.086165e+09,1.086165e+09,1.086165e+09,1.086165e+09,1.086165e+09,1.086165e+09,1.086165e+09,1.086165e+09,1.086165e+09,1.086165e+09,1.086165e+09,1.086165e+09,1.086165e+09,1.086165e+09,1.086165e+09,1.086165e+09,1.086165e+09,1.086165e+09,1.086165e+09,1.086165e+09,1.086165e+09,1.086165e+09,1.086165e+09,1.086165e+09,1.086165e+09,1.086165e+09,1.086165e+09,1.086165e+09,1.086165e+09,1.086165e+09,1.086165e+09,1.086165e+09,1.086165e+09,1.086165e+09,1.086165e+09,1.086165e+09,1.086165e+09,1.086165e+09,1.086165e+09,1.086165e+09,1.086165e+09,1.086165e+09,1.086165e+09,1.086165e+09,1.086165e+09,1.086165e+09,1.086165e+09,1.086165e+09,1.086165e+09,1.086165e+09
Mo-117,6.738231e+08,6.738231e+08,6.738231e+08,6.738231e+08,6.738231e+08,6.738231e+08,6.738231e+08,6.738231e+08,6.738231e+08,6.738231e+08,6.738231e+08,6.738231e+08,6.738231e+08,6.738231e+08,6.738231e+08,6.738231e+08,6.738231e+08,6.738231e+08,6.738231e+08,6.738231e+08,6.738231e+08,6.738231e+08,6.738231e+08,6.738231e+08,6.738231e+08,6.738231e+08,6.738231e+08,6.738231e+08,6.738231e+08,6.738231e+08,6.738231e+08,6.738231e+08,6.738231e+08,6.738231e+08,6.738231e+08,6.738231e+08,6.738231e+08,6.738231e+08,6.738231e+08,6.738231e+08,6.738231e+08,6.738231e+08,6.738231e+08,6.738231e+08,6.738231e+08,6.738231e+08,6.738231e+08,6.738231e+08,6.738231e+08,6.738231e+08,6.738231e+08,6.738231e+08,6.738231e+08,6.738231e+08,6.738231e+08,6.738231e+08,6.738231e+08,6.738231e+08,6.738231e+08,6.738231e+08
Tc-119,2.199259e+08,2.199259e+08,2.199259e+08,2.199259e+08,2.199259e+08,2.199259e+08,2.199259e+08,2.199259e+08,2.199259e+08,2.199259e+08,2.199259e+08,2.199259e+08,2.199259e+08,2.199259e+08,2.199259e+08,2.199259e+08,2.199259e+08,2.199259e+08,2.199259e+08,2.199259e+08,2.199259e+08,2.199259e+08,2.199259e+08,2.199259e+08,2.199259e+08,2.199259e+08,2.199259e+08,2.199259e+08,2.199259e+08,2.199259e+08,2.199259e+08,2.199259e+08,2.199259e+08,2.199259e+08,2.199259e+08,2.199259e+08,2.199259e+08,2.199259e+08,2.199259e+08,2.199259e+08,2.199259e+08,2.199259e+08,2.199259e+08,2.199259e+08,2.199259e+08,2.199259e+08,2.199259e+08,2.199259e+08,2.199259e+08,2.199259e+08,2.199259e+08,2.199259e+08,2.199259e+08,2.199259e+08,2.199259e+08,2.199259e+08,2.199259e+08,2.199259e+08,2.199259e+08,2.199259e+08
Ru-121,1.096970e+10,1.096970e+10,1.096970e+10,1.096970e+10,1.096970e+10,1.096970e+10,1.096970e+10,1.096970e+10,1.096970e+10,1.096970e+10,1.096970e+10,1.096970e+10,1.096970e+10,1.096970e+10,1.096970e+10,1.096970e+10,1.096970e+10,1.096970e+10,1.096970e+10,1.096970e+10,1.096970e+10,1.096970e+10,1.096970e+10,1.096970e+10,1.096970e+10,1.096970e+10,1.096970e+10,1.096970e+10,1.096970e+10,1.096970e+10,1.096970e+10,1.096970e+10,1.096970e+10,1.096970e+10,1.096970e+10,1.096970e+10,1.096970e+10,1.096970e+10,1.096970e+10,1.096970e+10,1.096970e+10,1.096970e+10,1.096970e+10,1.096970e+10,1.096970e+10,1.096970e+10,1.096970e+10,1.096970e+10,1.096970e+10,1.096970e+10,1.096970e+10,1.096970e+10,1.096970e+10,1.096970e+10,1.096970e+10,1.096970e+10,1.096970e+10,1.096970e+10,1.096970e+10,1.096970e+10
Rh-124,3.017469e+10,3.017469e+10,3.017469e+10,3.017469e+10,3.017469e+10,3.017469e+10,3.017469e+10,3.017469e+10,3.017469e+10,3.017469e+10,3.017469e+10,3.017469e+10,3.017469e+10,3.017469e+10,3.017469e+10,3.017469e+10,3.017469e+10,3.017469e+10,3.017469e+10,3.017469e+10,3.017469e+10,3.017469e+10,3.017469e+10,3.017469e+10,3.017469e+10,3.017469e+10,3.017469e+10,3.017469e+10,3.017469e+10,3.017469e+10,3.017469e+10,3.017469e+10,3.017469e+10,3.017469e+10,3.017469e+10,3.017469e+10,3.017469e+10,3.017469e+10,3.017469e+10,3.017469e+10,3.017469e+10,3.017469e+10,3.017469e+10,3.017469e+10,3.017469e+10,3.017469e+10,3.017469e+10,3.017469e+10,3.017469e+10,3.017469e+10,3.017469e+10,3.017469e+10,3.017469e+10,3.017469e+10,3.017469e+10,3.017469e+10,3.017469e+10,3.017469e+10,3.017469e+10,3.017469e+10
Pd-128,3.887894e+10,3.887894e+10,3.887894e+10,3.887894e+10,3.887894e+10,3.887894e+10,3.887894e+10,3.887894e+10,3.887894e+10,3.887894e+10,3.887894e+10,3.887894e+10,3.887894e+10,3.887894e+10,3.887894e+10,3.887894e+10,3.887894e+10,3.887894e+10,3.887894e+10,3.887894e+10,3.887894e+10,3.887894e+10,3.887894e+10,3.887894e+10,3.887894e+10,3.887894e+10,3.887894e+10,3.887894e+10,3.887894e+10,3.887894e+10,3.887894e+10,3.887894e+10,3.887894e+10,3.887894e+10,3.887894e+10,3.887894e+10,3.887894e+10,3.887894e+10,3.887894e+10,3.887894e+10,3.887894e+10,3.887894e+10,3.887894e+10,3.887894e+10,3.887894e+10,3.887894e+10,3.887894e+10,3.887894e+10,3.887894e+10,3.887894e+10,3.887894e+10,3.887894e+10,3.887894e+10,3.887894e+10,3.887894e+10,3.887894e+10,3.887894e+10,3.887894e+10,3.887894e+10,3.887894e+10
Pd-130,1.970053e+12,1.970053e+12,1.970053e+12,1.970053e+12,1.970053e+12,1.970053e+12,1.970053e+12,1.970053e+12,1.970053e+12,1.970053e+12,1.970053e+12,1.970053e+12,1.970053e+12,1.970053e+12,1.970053e+12,1.970053e+12,1.970053e+12,1.970053e+12,1.970053e+12,1.970053e+12,1.970053e+12,1.970053e+12,1.970053e+12,1.970053e+12,1.970053e+12,1.970053e+12,1.970053e+12,1.970053e+12,1.970053e+12,1.970053e+12,1.970053e+12,1.970053e+12,1.970053e+12,1.970053e+12,1.970053e+12,1.970053e+12,1.970053e+12,1.970053e+12,1.970053e+12,1.970053e+12,1.970053e+12,1.970053e+12,1.970053e+12,1.970053e+12,1.970053e+12,1.970053e+12,1.970053e+12,1.970053e+12,1.970053e+12,1.970053e+12,1.970053e+12,1.970053e+12,1.970053e+12,1.970053e+12,1.970053e+12,1.970053e+12,1.970053e+12,1.970053e+12,1.970053e+12,1.970053e+12
Ag-131,4.626498e+15,4.626498e+15,4.626498e+15,4.626498e+15,4.626498e+15,4.626498e+15,4.626498e+15,4.626498e+15,4.626498e+15,4.626498e+15,4.626498e+15,4.626498e+15,4.626498e+15,4.626498e+15,4.626498e+15,4.626498e+15,4.626498e+15,4.626498e+15,4.626498e+15,4.626498e+15,4.626498e+15,4.626498e+15,4.626498e+15,4.626498e+15,4.626498e+15,4.626498e+15,4.626498e+15,4.626498e+15,4.626498e+15,4.626498e+15,4.626498e+15,4.626498e+15,4.626498e+15,4.626498e+15,4.626498e+15,4.626498e+15,4.626498e+15,4.626498e+15,4.626498e+15,4.626498e+15,4.626498e+15,4.626498e+15,4.626498e+15,4.626498e+15,4.626498e+15,4.626498e+15,4.626498e+15,4.626498e+15,4.626498e+15,4.626498e+15,4.626498e+15,4.626498e+15,4.626498e+15,4.626498e+15,4.626498e+15,4.626498e+15,4.626498e+15,4.626498e+15,4.626498e+15,4.626498e+15
Cd-133,1.302651e+14,1.302651e+14,1.302651e+14,1.302651e+14,1.302651e+14,1.302651e+14,1.302651e+14,1.302651e+14,1.302651e+14,1.302651e+14,1.302651e+14,1.302651e+14,1.302651e+14,1.302651e+14,1.302651e+14,1.302651e+14,1.302651e+14,1.302651e+14,1.302651e+14,1.302651e+14,1.302651e+14,1.302651e+14,1.302651e+14,1.302651e+14,1.302651e+14,1.302651e+14,1.302651e+14,1.302651e+14,1.302651e+14,1.302651e+14,1.302651e+14,1.302651e+14,1.302651e+14,1.302651e+14,1.302651e+14,1.302651e+14,1.302651e+14,1.302651e+14,1.302651e+14,1.302651e+14,1.302651e+14,1.302651e+14,1.302651e+14,1.302651e+14,1.302651e+14,1.302651e+14,1.302651e+14,1.302651e+14,1.302651e+14,1.302651e+14,1.302651e+14,1.302651e+14,1.302651e+14,1.302651e+14,1.302651e+14,1.302651e+14,1.302651e+14,1.302651e+14,1.302651e+14,1.302651e+14
Cd-134,2.707009e+12,2.707009e+12,2.707009e+12,2.707009e+12,2.707009e+12,2.707009e+12,2.707009e+12,2.707009e+12,2.707009e+12,2.707009e+12,2.707009e+12,2.707009e+12,2.707009e+12,2.707009e+12,2.707009e+12,2.707009e+12,2.707009e+12,2.707009e+12,2.707009e+12,2.707009e+12,2.707009e+12,2.707009e+12,2.707009e+12,2.707009e+12,2.707009e+12,2.707009e+12,2.707009e+12,2.707009e+12,2.707009e+12,2.707009e+12,2.707009e+12,2.707009e+12,2.707009e+12,2.707009e+12,2.707009e+12,2.707009e+12,2.707009e+12,2.707009e+12,2.707009e+12,2.707009e+12,2.707009e+12,2.707009e+12,2.707009e+12,2.707009e+12,2.707009e+12,2.707009e+12,2.707009e+12,2.707009e+12,2.707009e+12,2.707009e+12,2.707009e+12,2.707009e+12,2.707009e+12,2.707009e+12,2.707009e+12,2.707009e+12,2.707009e+12,2.707009e+12,2.707009e+12,2.707009e+12
In-136,4.874354e+12,4.874354e+12,4.874354e+12,4.874354e+12,4.874354e+12,4.874354e+12,4.874354e+12,4.874354e+12,4.874354e+12,4.874354e+12,4.874354e+12,4.874354e+12,4.874354e+12,4.874354e+12,4.874354e+12,4.874354e+12,4.874354e+12,4.874354e+12,4.874354e+12,4.874354e+12,4.874354e+12,4.874354e+12,4.874354e+12,4.874354e+12,4.874354e+12,4.874354e+12,4.874354e+12,4.874354e+12,4.874354e+12,4.874354e+12,4.874354e+12,4.874354e+12,4.874354e+12,4.874354e+12,4.874354e+12,4.874354e+12,4.874354e+12,4.874354e+12,4.874354e+12,4.874354e+12,4.874354e+12,4.874354e+12,4.874354e+12,4.874354e+12,4.874354e+12,4.874354e+12,4.874354e+12,4.874354e+12,4.874354e+12,4.874354e+12,4.874354e+12,4.874354e+12,4.874354e+12,4.874354e+12,4.874354e+12,4.874354e+12,4.874354e+12,4.874354e+12,4.874354e+12,4.874354e+12
In-137,6.245218e+12,6.245218e+12,6.245218e+12,6.245218e+12,6.245218e+12,6.245218e+12,6.245218e+12,6.245218e+12,6.245218e+12,6.245218e+12,6.245218e+12,6.245218e+12,6.245218e+12,6.245218e+12,6.245218e+12,6.245218e+12,6.245218e+12,6.245218e+12,6.245218e+12,6.245218e+12,6.245218e+12,6.245218e+12,6.245218e+12,6.245218e+12,6.245218e+12,6.245218e+12,6.245218e+12,6.245218e+12,6.245218e+12,6.245218e+12,6.245218e+12,6.245218e+12,6.245218e+12,6.245218e+12,6.245218e+12,6.245218e+12,6.245218e+12,6.245218e+12,6.245218e+12,6.245218e+12,6.245218e+12,6.245218e+12,6.245218e+12,6.245218e+12,6.245218e+12,6.245218e+12,6.245218e+12,6.245218e+12,6.245218e+12,6.245218e+12,6.245218e+12,6.245218e+12,6.245218e+12,6.245218e+12,6.245218e+12,6.245218e+12,6.245218e+12,6.245218e+12,6.245218e+12,6.245218e+12
Sn-138,9.545624e+13,9.545624e+13,9.545624e+13,9.545624e+13,9.545624e+13,9.545624e+13,9.545624e+13,9.545624e+13,9.545624e+13,9.545624e+13,9.545624e+13,9.545624e+13,9.545624e+13,9.545624e+13,9.545624e+13,9.545624e+13,9.545624e+13,9.545624e+13,9.545624e+13,9.545624e+13,9.545624e+13,9.545624e+13,9.545624e+13,9.545624e+13,9.545624e+13,9.545624e+13,9.545624e+13,9.545624e+13,9.545624e+13,9.545624e+13,9.545624e+13,9.545624e+13,9.545624e+13,9.545624e+13,9.545624e+13,9.545624e+13,9.545624e+13,9.545624e+13,9.545624e+13,9.545624e+13,9.545624e+13,9.545624e+13,9.545624e+13,9.545624e+13,9.545624e+13,9.545624e+13,9.545624e+13,9.545624e+13,9.545624e+13,9.545624e+13,9.545624e+13,9.545624e+13,9.545624e+13,9.545624e+13,9.545624e+13,9.545624e+13,9.545624e+13,9.545624e+13,9.545624e+13,9.545624e+13
Sn-139,1.066498e+12,1.066498e+12,1.066498e+12,1.066498e+12,1.066498e+12,1.066498e+12,1.066498e+12,1.066498e+12,1.066498e+12,1.066498e+12,1.066498e+12,1.066498e+12,1.066498e+12,1.066498e+12,1.066498e+12,1.066498e+12,1.066498e+12,1.066498e+12,1.066498e+12,1.066498e+12,1.066498e+12,1.066498e+12,1.066498e+12,1.066498e+12,1.066498e+12,1.066498e+12,1.066498e+12,1.066498e+12,1.066498e+12,1.066498e+12,1.066498e+12,1.066498e+12,1.066498e+12,1.066498e+12,1.066498e+12,1.066498e+12,1.066498e+12,1.066498e+12,1.066498e+12,1.066498e+12,1.066498e+12,1.066498e+12,1.066498e+12,1.066498e+12,1.066498e+12,1.066498e+12,1.066498e+12,1.066498e+12,1.066498e+12,1.066498e+12,1.066498e+12,1.066498e+12,1.066498e+12,1.066498e+12,1.066498e+12,1.066498e+12,1.066498e+12,1.066498e+12,1.066498e+12,1.066498e+12
Sb-140,4.175066e+15,4.175066e+15,4.175066e+15,4.175066e+15,4.175066e+15,4.175066e+15,4.175066e+15,4.175066e+15,4.175066e+15,4.175066e+15,4.175066e+15,4.175066e+15,4.175066e+15,4.175066e+15,4.175066e+15,4.175066e+15,4.175066e+15,4.175066e+15,4.175066e+15,4.175066e+15,4.175066e+15,4.175066e+15,4.175066e+15,4.175066e+15,4.175066e+15,4.175066e+15,4.175066e+15,4.175066e+15,4.175066e+15,4.175066e+15,4.175066e+15,4.175066e+15,4.175066e+15,4.175066e+15,4.175066e+15,4.175066e+15,4.175066e+15,4.175066e+15,4.175066e+15,4.175066e+15,4.175066e+15,4.175066e+15,4.175066e+15,4.175066e+15,4.175066e+15,4.175066e+15,4.175066e+15,4.175066e+15,4.175066e+15,4.175066e+15,4.175066e+15,4.175066e+15,4.175066e+15,4.175066e+15,4.175066e+15,4.175066e+15,4.175066e+15,4.175066e+15,4.175066e+15,4.175066e+15
Sb-141,1.088219e+13,1.088219e+13,1.088219e+13,1.088219e+13,1.088219e+13,1.088219e+13,1.088219e+13,1.088219e+13,1.088219e+13,1.088219e+13,1.088219e+13,1.088219e+13,1.088219e+13,1.088219e+13,1.088219e+13,1.088219e+13,1.088219e+13,1.088219e+13,1.088219e+13,1.088219e+13,1.088219e+13,1.088219e+13,1.088219e+13,1.088219e+13,1.088219e+13,1.088219e+13,1.088219e+13,1.088219e+13,1.088219e+13,1.088219e+13,1.088219e+13,1.088219e+13,1.088219e+13,1.088219e+13,1.088219e+13,1.088219e+13,1.088219e+13,1.088219e+13,1.088219e+13,1.088219e+13,1.088219e+13,1.088219e+13,1.088219e+13,1.088219e+13,1.088219e+13,1.088219e+13,1.088219e+13,1.088219e+13,1.088219e+13,1.088219e+13,1.088219e+13,1.088219e+13,1.088219e+13,1.088219e+13,1.088219e+13,1.088219e+13,1.088219e+13,1.088219e+13,1.088219e+13,1.088219e+13
Sb-142,5.109906e+11,5.109906e+11,5.109906e+11,5.109906e+11,5.109906e+11,5.109906e+11,5.109906e+11,5.109906e+11,5.109906e+11,5.109906e+11,5.109906e+11,5.109906e+11,5.109906e+11,5.109906e+11,5.109906e+11,5.109906e+11,5.109906e+11,5.109906e+11,5.109906e+11,5.109906e+11,5.109906e+11,5.109906e+11,5.109906e+11,5.109906e+11,5.109906e+11,5.109906e+11,5.109906e+11,5.109906e+11,5.109906e+11,5.109906e+11,5.109906e+11,5.109906e+11,5.109906e+11,5.109906e+11,5.109906e+11,5.109906e+11,5.109906e+11,5.109906e+11,5.109906e+11,5.109906e+11,5.109906e+11,5.109906e+11,5.109906e+11,5.109906e+11,5.109906e+11,5.109906e+11,5.109906e+11,5.109906e+11,5.109906e+11,5.109906e+11,5.109906e+11,5.109906e+11,5.109906e+11,5.109906e+11,5.109906e+11,5.109906e+11,5.109906e+11,5.109906e+11,5.109906e+11,5.109906e+11
Te-143,1.416258e+13,1.416258e+13,1.416258e+13,1.416258e+13,1.416258e+13,1.416258e+13,1.416258e+13,1.416258e+13,1.416258e+13,1.416258e+13,1.416258e+13,1.416258e+13,1.416258e+13,1.416258e+13,1.416258e+13,1.416258e+13,1.416258e+13,1.416258e+13,1.416258e+13,1.416258e+13,1.416258e+13,1.416258e+13,1.416258e+13,1.416258e+13,1.416258e+13,1.416258e+13,1.416258e+13,1.416258e+13,1.416258e+13,1.416258e+13,1.416258e+13,1.416258e+13,1.416258e+13,1.416258e+13,1.416258e+13,1.416258e+13,1.416258e+13,1.416258e+13,1.416258e+13,1.416258e+13,1.416258e+13,1.416258e+13,1.416258e+13,1.416258e+13,1.416258e+13,1.416258e+13,1.416258e+13,1.416258e+13,1.416258e+13,1.416258e+13,1.416258e+13,1.416258e+13,1.416258e+13,1.416258e+13,1.416258e+13,1.416258e+13,1.416258e+13,1.416258e+13,1.416258e+13,1.416258e+13
Te-144,1.618125e+12,1.618125e+12,1.618125e+12,1.618125e+12,1.618125e+12,1.618125e+12,1.618125e+12,1.618125e+12,1.618125e+12,1.618125e+12,1.618125e+12,1.618125e+12,1.618125e+12,1.618125e+12,1.618125e+12,1.618125e+12,1.618125e+12,1.618125e+12,1.618125e+12,1.618125e+12,1.618125e+12,1.618125e+12,1.618125e+12,1.618125e+12,1.618125e+12,1.618125e+12,1.618125e+12,1.618125e+12,1.618125e+12,1.618125e+12,1.618125e+12,1.618125e+12,1.618125e+12,1.618125e+12,1.618125e+12,1.618125e+12,1.618125e+12,1.618125e+12,1.618125e+12,1.618125e+12,1.618125e+12,1.618125e+12,1.618125e+12,1.618125e+12,1.618125e+12,1.618125e+12,1.618125e+12,1.618125e+12,1.618125e+12,1.618125e+12,1.618125e+12,1.618125e+12,1.618125e+12,1.618125e+12,1.618125e+12,1.618125e+12,1.618125e+12,1.618125e+12,1.618125e+12,1.618125e+12
I-146,2.616667e+12,2.616667e+12,2.616667e+12,2.616667e+12,2.616667e+12,2.616667e+12,2.616667e+12,2.616667e+12,2.616667e+12,2.616667e+12,2.616667e+12,2.616667e+12,2.616667e+12,2.616667e+12,2.616667e+12,2.616667e+12,2.616667e+12,2.616667e+12,2.616667e+12,2.616667e+12,2.616667e+12,2.616667e+12,2.616667e+12,2.616667e+12,2.616667e+12,2.616667e+12,2.616667e+12,2.616667e+12,2.616667e+12,2.616667e+12,2.616667e+12,2.616667e+12,2.616667e+12,2.616667e+12,2.616667e+12,2.616667e+12,2.616667e+12,2.616667e+12,2.616667e+12,2.616667e+12,2.616667e+12,2.616667e+12,2.616667e+12,2.616667e+12,2.616667e+12,2.616667e+12,2.616667e+12,2.616667e+12,2.616667e+12,2.616667e+12,2.616667e+12,2.616667e+12,2.616667e+12,2.616667e+12,2.616667e+12,2.616667e+12,2.616667e+12,2.616667e+12,2.616667e+12,2.616667e+12
I-147,5.987207e+11,5.987207e+11,5.987207e+11,5.987207e+11,5.987207e+11,5.987207e+11,5.987207e+11,5.987207e+11,5.987207e+11,5.987207e+11,5.987207e+11,5.987207e+11,5.987207e+11,5.987207e+11,5.987207e+11,5.987207e+11,5.987207e+11,5.987207e+11,5.987207e+11,5.987207e+11,5.987207e+11,5.987207e+11,5.987207e+11,5.987207e+11,5.987207e+11,5.987207e+11,5.987207e+11,5.987207e+11,5.987207e+11,5.987207e+11,5.987207e+11,5.987207e+11,5.987207e+11,5.987207e+11,5.987207e+11,5.987207e+11,5.987207e+11,5.987207e+11,5.987207e+11,5.987207e+11,5.987207e+11,5.987207e+11,5.987207e+11,5.987207e+11,5.987207e+11,5.987207e+11,5.987207e+11,5.987207e+11,5.987207e+11,5.987207e+11,5.987207e+11,5.987207e+11,5.987207e+11,5.987207e+11,5.987207e+11,5.987207e+11,5.987207e+11,5.987207e+11,5.987207e+11,5.987207e+11
Xe-143m,7.681079e+20,7.681079e+20,7.681079e+20,7.681079e+20,7.681079e+20,7.681079e+20,7.681079e+20,7.681079e+20,7.681079e+20,7.681079e+20,7.681079e+20,7.681079e+20,7.681079e+20,7.681079e+20,7.681079e+20,7.681079e+20,7.681079e+20,7.681079e+20,7.681079e+20,7.681079e+20,7.681079e+20,7.681079e+20,7.681079e+20,7.681079e+20,7.681079e+20,7.681079e+20,7.681079e+20,7.681079e+20,7.681079e+20,7.681079e+20,7.681079e+20,7.681079e+20,7.681079e+20,7.681079e+20,7.681079e+20,7.681079e+20,7.681079e+20,7.681079e+20,7.681079e+20,7.681079e+20,7.681079e+20,7.681079e+20,7.681079e+20,7.681079e+20,7.681079e+20,7.681079e+20,7.681079e+20,7.681079e+20,7.681079e+20,7.681079e+20,7.681079e+20,7.681079e+20,7.681079e+20,7.681079e+20,7.681079e+20,7.681079e+20,7.681079e+20,7.681079e+20,7.681079e+20,7.681079e+20
Xe-148,3.191537e+13,3.191537e+13,3.191537e+13,3.191537e+13,3.191537e+13,3.191537e+13,3.191537e+13,3.191537e+13,3.191537e+13,3.191537e+13,3.191537e+13,3.191537e+13,3.191537e+13,3.191537e+13,3.191537e+13,3.191537e+13,3.191537e+13,3.191537e+13,3.191537e+13,3.191537e+13,3.191537e+13,3.191537e+13,3.191537e+13,3.191537e+13,3.191537e+13,3.191537e+13,3.191537e+13,3.191537e+13,3.191537e+13,3.191537e+13,3.191537e+13,3.191537e+13,3.191537e+13,3.191537e+13,3.191537e+13,3.191537e+13,3.191537e+13,3.191537e+13,3.191537e+13,3.191537e+13,3.191537e+13,3.191537e+13,3.191537e+13,3.191537e+13,3.191537e+13,3.191537e+13,3.191537e+13,3.191537e+13,3.191537e+13,3.191537e+13,3.191537e+13,3.191537e+13,3.191537e+13,3.191537e+13,3.191537e+13,3.191537e+13,3.191537e+13,3.191537e+13,3.191537e+13,3.191537e+13
Xe-149,2.762137e+11,2.762137e+11,2.762137e+11,2.762137e+11,2.762137e+11,2.762137e+11,2.762137e+11,2.762137e+11,2.762137e+11,2.762137e+11,2.762137e+11,2.762137e+11,2.762137e+11,2.762137e+11,2.762137e+11,2.762137e+11,2.762137e+11,2.762137e+11,2.762137e+11,2.762137e+11,2.762137e+11,2.762137e+11,2.762137e+11,2.762137e+11,2.762137e+11,2.762137e+11,2.762137e+11,2.762137e+11,2.762137e+11,2.762137e+11,2.762137e+11,2.762137e+11,2.762137e+11,2.762137e+11,2.762137e+11,2.762137e+11,2.762137e+11,2.762137e+11,2.762137e+11,2.762137e+11,2.762137e+11,2.762137e+11,2.762137e+11,2.762137e+11,2.762137e+11,2.762137e+11,2.762137e+11,2.762137e+11,2.762137e+11,2.762137e+11,2.762137e+11,2.762137e+11,2.762137e+11,2.762137e+11,2.762137e+11,2.762137e+11,2.762137e+11,2.762137e+11,2.762137e+11,2.762137e+11
Cs-152,3.678137e+09,3.678137e+09,3.678137e+09,3.678137e+09,3.678137e+09,3.678137e+09,3.678137e+09,3.678137e+09,3.678137e+09,3.678137e+09,3.678137e+09,3.678137e+09,3.678137e+09,3.678137e+09,3.678137e+09,3.678137e+09,3.678137e+09,3.678137e+09,3.678137e+09,3.678137e+09,3.678137e+09,3.678137e+09,3.678137e+09,3.678137e+09,3.678137e+09,3.678137e+09,3.678137e+09,3.678137e+09,3.678137e+09,3.678137e+09,3.678137e+09,3.678137e+09,3.678137e+09,3.678137e+09,3.678137e+09,3.678137e+09,3.678137e+09,3.678137e+09,3.678137e+09,3.678137e+09,3.678137e+09,3.678137e+09,3.678137e+09,3.678137e+09,3.678137e+09,3.678137e+09,3.678137e+09,3.678137e+09,3.678137e+09,3.678137e+09,3.678137e+09,3.678137e+09,3.678137e+09,3.678137e+09,3.678137e+09,3.678137e+09,3.678137e+09,3.678137e+09,3.678137e+09,3.678137e+09
La-156,1.414482e+10,1.414482e+10,1.414482e+10,1.414482e+10,1.414482e+10,1.414482e+10,1.414482e+10,1.414482e+10,1.414482e+10,1.414482e+10,1.414482e+10,1.414482e+10,1.414482e+10,1.414482e+10,1.414482e+10,1.414482e+10,1.414482e+10,1.414482e+10,1.414482e+10,1.414482e+10,1.414482e+10,1.414482e+10,1.414482e+10,1.414482e+10,1.414482e+10,1.414482e+10,1.414482e+10,1.414482e+10,1.414482e+10,1.414482e+10,1.414482e+10,1.414482e+10,1.414482e+10,1.414482e+10,1.414482e+10,1.414482e+10,1.414482e+10,1.414482e+10,1.414482e+10,1.414482e+10,1.414482e+10,1.414482e+10,1.414482e+10,1.414482e+10,1.414482e+10,1.414482e+10,1.414482e+10,1.414482e+10,1.414482e+10,1.414482e+10,1.414482e+10,1.414482e+10,1.414482e+10,1.414482e+10,1.414482e+10,1.414482e+10,1.414482e+10,1.414482e+10,1.414482e+10,1.414482e+10
La-157,1.541160e+08,1.541160e+08,1.541160e+08,1.541160e+08,1.541160e+08,1.541160e+08,1.541160e+08,1.541160e+08,1.541160e+08,1.541160e+08,1.541160e+08,1.541160e+08,1.541160e+08,1.541160e+08,1.541160e+08,1.541160e+08,1.541160e+08,1.541160e+08,1.541160e+08,1.541160e+08,1.541160e+08,1.541160e+08,1.541160e+08,1.541160e+08,1.541160e+08,1.541160e+08,1.541160e+08,1.541160e+08,1.541160e+08,1.541160e+08,1.541160e+08,1.541160e+08,1.541160e+08,1.541160e+08,1.541160e+08,1.541160e+08,1.541160e+08,1.541160e+08,1.541160e+08,1.541160e+08,1.541160e+08,1.541160e+08,1.541160e+08,1.541160e+08,1.541160e+08,1.541160e+08,1.541160e+08,1.541160e+08,1.541160e+08,1.541160e+08,1.541160e+08,1.541160e+08,1.541160e+08,1.541160e+08,1.541160e+08,1.541160e+08,1.541160e+08,1.541160e+08,1.541160e+08,1.541160e+08
Ce-158,1.122844e+11,1.122844e+11,1.122844e+11,1.122844e+11,1.122844e+11,1.122844e+11,1.122844e+11,1.122844e+11,1.122844e+11,1.122844e+11,1.122844e+11,1.122844e+11,1.122844e+11,1.122844e+11,1.122844e+11,1.122844e+11,1.122844e+11,1.122844e+11,1.122844e+11,1.122844e+11,1.122844e+11,1.122844e+11,1.122844e+11,1.122844e+11,1.122844e+11,1.122844e+11,1.122844e+11,1.122844e+11,1.122844e+11,1.122844e+11,1.122844e+11,1.122844e+11,1.122844e+11,1.122844e+11,1.122844e+11,1.122844e+11,1.122844e+11,1.122844e+11,1.122844e+11,1.122844e+11,1.122844e+11,1.122844e+11,1.122844e+11,1.122844e+11,1.122844e+11,1.122844e+11,1.122844e+11,1.122844e+11,1.122844e+11,1.122844e+11,1.122844e+11,1.122844e+11,1.122844e+11,1.122844e+11,1.122844e+11,1.122844e+11,1.122844e+11,1.122844e+11,1.122844e+11,1.122844e+11
Ce-159,3.717511e+08,3.717511e+08,3.717511e+08,3.717511e+08,3.717511e+08,3.717511e+08,3.717511e+08,3.717511e+08,3.717511e+08,3.717511e+08,3.717511e+08,3.717511e+08,3.717511e+08,3.717511e+08,3.717511e+08,3.717511e+08,3.717511e+08,3.717511e+08,3.717511e+08,3.717511e+08,3.717511e+08,3.717511e+08,3.717511e+08,3.717511e+08,3.717511e+08,3.717511e+08,3.717511e+08,3.717511e+08,3.717511e+08,3.717511e+08,3.717511e+08,3.717511e+08,3.717511e+08,3.717511e+08,3.717511e+08,3.717511e+08,3.717511e+08,3.717511e+08,3.717511e+08,3.717511e+08,3.717511e+08,3.717511e+08,3.717511e+08,3.717511e+08,3.717511e+08,3.717511e+08,3.717511e+08,3.717511e+08,3.717511e+08,3.717511e+08,3.717511e+08,3.717511e+08,3.717511e+08,3.717511e+08,3.717511e+08,3.717511e+08,3.717511e+08,3.717511e+08,3.717511e+08,3.717511e+08
Pr-160,8.181955e+10,8.181955e+10,8.181955e+10,8.181955e+10,8.181955e+10,8.181955e+10,8.181955e+10,8.181955e+10,8.181955e+10,8.181955e+10,8.181955e+10,8.181955e+10,8.181955e+10,8.181955e+10,8.181955e+10,8.181955e+10,8.181955e+10,8.181955e+10,8.181955e+10,8.181955e+10,8.181955e+10,8.181955e+10,8.181955e+10,8.181955e+10,8.181955e+10,8.181955e+10,8.181955e+10,8.181955e+10,8.181955e+10,8.181955e+10,8.181955e+10,8.181955e+10,8.181955e+10,8.181955e+10,8.181955e+10,8.181955e+10,8.181955e+10,8.181955e+10,8.181955e+10,8.181955e+10,8.181955e+10,8.181955e+10,8.181955e+10,8.181955e+10,8.181955e+10,8.181955e+10,8.181955e+10,8.181955e+10,8.181955e+10,8.181955e+10,8.181955e+10,8.181955e+10,8.181955e+10,8.181955e+10,8.181955e+10,8.181955e+10,8.181955e+10,8.181955e+10,8.181955e+10,8.181955e+10
Pr-161,2.068313e+08,2.068313e+08,2.068313e+08,2.068313e+08,2.068313e+08,2.068313e+08,2.068313e+08,2.068313e+08,2.068313e+08,2.068313e+08,2.068313e+08,2.068313e+08,2.068313e+08,2.068313e+08,2.068313e+08,2.068313e+08,2.068313e+08,2.068313e+08,2.068313e+08,2.068313e+08,2.068313e+08,2.068313e+08,2.068313e+08,2.068313e+08,2.068313e+08,2.068313e+08,2.068313e+08,2.068313e+08,2.068313e+08,2.068313e+08,2.068313e+08,2.068313e+08,2.068313e+08,2.068313e+08,2.068313e+08,2.068313e+08,2.068313e+08,2.068313e+08,2.068313e+08,2.068313e+08,2.068313e+08,2.068313e+08,2.068313e+08,2.068313e+08,2.068313e+08,2.068313e+08,2.068313e+08,2.068313e+08,2.068313e+08,2.068313e+08,2.068313e+08,2.068313e+08,2.068313e+08,2.068313e+08,2.068313e+08,2.068313e+08,2.068313e+08,2.068313e+08,2.068313e+08,2.068313e+08
Pr-162,8.590559e+05,8.590559e+05,8.590559e+05,8.590559e+05,8.590559e+05,8.590559e+05,8.590559e+05,8.590559e+05,8.590559e+05,8.590559e+05,8.590559e+05,8.590559e+05,8.590559e+05,8.590559e+05,8.590559e+05,8.590559e+05,8.590559e+05,8.590559e+05,8.590559e+05,8.590559e+05,8.590559e+05,8.590559e+05,8.590559e+05,8.590559e+05,8.590559e+05,8.590559e+05,8.590559e+05,8.590559e+05,8.590559e+05,8.590559e+05,8.590559e+05,8.590559e+05,8.590559e+05,8.590559e+05,8.590559e+05,8.590559e+05,8.590559e+05,8.590559e+05,8.590559e+05,8.590559e+05,8.590559e+05,8.590559e+05,8.590559e+05,8.590559e+05,8.590559e+05,8.590559e+05,8.590559e+05,8.590559e+05,8.590559e+05,8.590559e+05,8.590559e+05,8.590559e+05,8.590559e+05,8.590559e+05,8.590559e+05,8.590559e+05,8.590559e+05,8.590559e+05,8.590559e+05,8.590559e+05
Nd-162,1.009678e+11,1.009678e+11,1.009678e+11,1.009678e+11,1.009678e+11,1.009678e+11,1.009678e+11,1.009678e+11,1.009678e+11,1.009678e+11,1.009678e+11,1.009678e+11,1.009678e+11,1.009678e+11,1.009678e+11,1.009678e+11,1.009678e+11,1.009678e+11,1.009678e+11,1.009678e+11,1.009678e+11,1.009678e+11,1.009678e+11,1.009678e+11,1.009678e+11,1.009678e+11,1.009678e+11,1.009678e+11,1.009678e+11,1.009678e+11,1.009678e+11,1.009678e+11,1.009678e+11,1.009678e+11,1.009678e+11,1.009678e+11,1.009678e+11,1.009678e+11,1.009678e+11,1.009678e+11,1.009678e+11,1.009678e+11,1.009678e+11,1.009678e+11,1.009678e+11,1.009678e+11,1.009678e+11,1.009678e+11,1.009678e+11,1.009678e+11,1.009678e+11,1.009678e+11,1.009678e+11,1.009678e+11,1.009678e+11,1.009678e+11,1.009678e+11,1.009678e+11,1.009678e+11,1.009678e+11
Pm-164,4.816321e+10,4.816321e+10,4.816321e+10,4.816321e+10,4.816321e+10,4.816321e+10,4.816321e+10,4.816321e+10,4.816321e+10,4.816321e+10,4.816321e+10,4.816321e+10,4.816321e+10,4.816321e+10,4.816321e+10,4.816321e+10,4.816321e+10,4.816321e+10,4.816321e+10,4.816321e+10,4.816321e+10,4.816321e+10,4.816321e+10,4.816321e+10,4.816321e+10,4.816321e+10,4.816321e+10,4.816321e+10,4.816321e+10,4.816321e+10,4.816321e+10,4.816321e+10,4.816321e+10,4.816321e+10,4.816321e+10,4.816321e+10,4.816321e+10,4.816321e+10,4.816321e+10,4.816321e+10,4.816321e+10,4.816321e+10,4.816321e+10,4.816321e+10,4.816321e+10,4.816321e+10,4.816321e+10,4.816321e+10,4.816321e+10,4.816321e+10,4.816321e+10,4.816321e+10,4.816321e+10,4.816321e+10,4.816321e+10,4.816321e+10,4.816321e+10,4.816321e+10,4.816321e+10,4.816321e+10
Pm-166,1.587281e+06,1.587281e+06,1.587281e+06,1.587281e+06,1.587281e+06,1.587281e+06,1.587281e+06,1.587281e+06,1.587281e+06,1.587281e+06,1.587281e+06,1.587281e+06,1.587281e+06,1.587281e+06,1.587281e+06,1.587281e+06,1.587281e+06,1.587281e+06,1.587281e+06,1.587281e+06,1.587281e+06,1.587281e+06,1.587281e+06,1.587281e+06,1.587281e+06,1.587281e+06,1.587281e+06,1.587281e+06,1.587281e+06,1.587281e+06,1.587281e+06,1.587281e+06,1.587281e+06,1.587281e+06,1.587281e+06,1.587281e+06,1.587281e+06,1.587281e+06,1.587281e+06,1.587281e+06,1.587281e+06,1.587281e+06,1.587281e+06,1.587281e+06,1.587281e+06,1.587281e+06,1.587281e+06,1.587281e+06,1.587281e+06,1.587281e+06,1.587281e+06,1.587281e+06,1.587281e+06,1.587281e+06,1.587281e+06,1.587281e+06,1.587281e+06,1.587281e+06,1.587281e+06,1.587281e+06
Sm-166,1.865586e+11,1.865586e+11,1.865586e+11,1.865586e+11,1.865586e+11,1.865586e+11,1.865586e+11,1.865586e+11,1.865586e+11,1.865586e+11,1.865586e+11,1.865586e+11,1.865586e+11,1.865586e+11,1.865586e+11,1.865586e+11,1.865586e+11,1.865586e+11,1.865586e+11,1.865586e+11,1.865586e+11,1.865586e+11,1.865586e+11,1.865586e+11,1.865586e+11,1.865586e+11,1.865586e+11,1.865586e+11,1.865586e+11,1.865586e+11,1.865586e+11,1.865586e+11,1.865586e+11,1.865586e+11,1.865586e+11,1.865586e+11,1.865586e+11,1.865586e+11,1.865586e+11,1.865586e+11,1.865586e+11,1.865586e+11,1.865586e+11,1.865586e+11,1.865586e+11,1.865586e+11,1.865586e+11,1.865586e+11,1.865586e+11,1.865586e+11,1.865586e+11,1.865586e+11,1.865586e+11,1.865586e+11,1.865586e+11,1.865586e+11,1.865586e+11,1.865586e+11,1.865586e+11,1.865586e+11
Eu-168,8.269003e+10,8.269003e+10,8.269003e+10,8.269003e+10,8.269003e+10,8.269003e+10,8.269003e+10,8.269003e+10,8.269003e+10,8.269003e+10,8.269003e+10,8.269003e+10,8.269003e+10,8.269003e+10,8.269003e+10,8.269003e+10,8.269003e+10,8.269003e+10,8.269003e+10,8.269003e+10,8.269003e+10,8.269003e+10,8.269003e+10,8.269003e+10,8.269003e+10,8.269003e+10,8.269003e+10,8.269003e+10,8.269003e+10,8.269003e+10,8.269003e+10,8.269003e+10,8.269003e+10,8.269003e+10,8.269003e+10,8.269003e+10,8.269003e+10,8.269003e+10,8.269003e+10,8.269003e+10,8.269003e+10,8.269003e+10,8.269003e+10,8.269003e+10,8.269003e+10,8.269003e+10,8.269003e+10,8.269003e+10,8.269003e+10,8.269003e+10,8.269003e+10,8.269003e+10,8.269003e+10,8.269003e+10,8.269003e+10,8.269003e+10,8.269003e+10,8.269003e+10,8.269003e+10,8.269003e+10
Gd-170,7.775759e+10,7.775759e+10,7.775759e+10,7.775759e+10,7.775759e+10,7.775759e+10,7.775759e+10,7.775759e+10,7.775759e+10,7.775759e+10,7.775759e+10,7.775759e+10,7.775759e+10,7.775759e+10,7.775759e+10,7.775759e+10,7.775759e+10,7.775759e+10,7.775759e+10,7.775759e+10,7.775759e+10,7.775759e+10,7.775759e+10,7.775759e+10,7.775759e+10,7.775759e+10,7.775759e+10,7.775759e+10,7.775759e+10,7.775759e+10,7.775759e+10,7.775759e+10,7.775759e+10,7.775759e+10,7.775759e+10,7.775759e+10,7.775759e+10,7.775759e+10,7.775759e+10,7.775759e+10,7.775759e+10,7.775759e+10,7.775759e+10,7.775759e+10,7.775759e+10,7.775759e+10,7.775759e+10,7.775759e+10,7.775759e+10,7.775759e+10,7.775759e+10,7.775759e+10,7.775759e+10,7.775759e+10,7.775759e+10,7.775759e+10,7.775759e+10,7.775759e+10,7.775759e+10,7.775759e+10
Tb-162m,1.311434e+15,1.311434e+15,1.311434e+15,1.311434e+15,1.311434e+15,1.311434e+15,1.311434e+15,1.311434e+15,1.311434e+15,1.311434e+15,1.311434e+15,1.311434e+15,1.311434e+15,1.311434e+15,1.311434e+15,1.311434e+15,1.311434e+15,1.311434e+15,1.311434e+15,1.311434e+15,1.311434e+15,1.311434e+15,1.311434e+15,1.311434e+15,1.311434e+15,1.311434e+15,1.311434e+15,1.311434e+15,1.311434e+15,1.311434e+15,1.311434e+15,1.311434e+15,1.311434e+15,1.311434e+15,1.311434e+15,1.311434e+15,1.311434e+15,1.311434e+15,1.311434e+15,1.311434e+15,1.311434e+15,1.311434e+15,1.311434e+15,1.311434e+15,1.311434e+15,1.311434e+15,1.311434e+15,1.311434e+15,1.311434e+15,1.311434e+15,1.311434e+15,1.311434e+15,1.311434e+15,1.311434e+15,1.311434e+15,1.311434e+15,1.311434e+15,1.311434e+15,1.311434e+15,1.311434e+15
Tb-172,3.046486e+10,3.046486e+10,3.046486e+10,3.046486e+10,3.046486e+10,3.046486e+10,3.046486e+10,3.046486e+10,3.046486e+10,3.046486e+10,3.046486e+10,3.046486e+10,3.046486e+10,3.046486e+10,3.046486e+10,3.046486e+10,3.046486e+10,3.046486e+10,3.046486e+10,3.046486e+10,3.046486e+10,3.046486e+10,3.046486e+10,3.046486e+10,3.046486e+10,3.046486e+10,3.046486e+10,3.046486e+10,3.046486e+10,3.046486e+10,3.046486e+10,3.046486e+10,3.046486e+10,3.046486e+10,3.046486e+10,3.046486e+10,3.046486e+10,3.046486e+10,3.046486e+10,3.046486e+10,3.046486e+10,3.046486e+10,3.046486e+10,3.046486e+10,3.046486e+10,3.046486e+10,3.046486e+10,3.046486e+10,3.046486e+10,3.046486e+10,3.046486e+10,3.046486e+10,3.046486e+10,3.046486e+10,3.046486e+10,3.046486e+10,3.046486e+10,3.046486e+10,3.046486e+10,3.046486e+10
